{"type": "FeatureCollection", "features": [{"type": "Feature", "properties": {"name": "Alaska statewide ROI", "provenance": "TIGER/2018/States NAME=Alaska geometry INTERSECT Rectangle([-170,51,-141,72], geodesic=False); mainland-clipped, no antimeridian wrap. Replaces stale North-Slope ROI (T46, 2026-07-15)."}, "geometry": {"type": "MultiPolygon", "coordinates": [[[[-155.83684344848544, 55.783015972529434], [-155.82625108008685, 55.759272747168275], [-155.79433898306755, 55.72960485764311], [-155.7198328360775, 55.71178619807819], [-155.6345993792065, 55.705861638308114], [-155.5813678075904, 55.69989210926965], [-155.52809138840882, 55.70586159193915], [-155.4747699922566, 55.74145410177044], [-155.47468023006772, 55.77709139753968], [-155.48522786911866, 55.81860842963684], [-155.4745007532395, 55.84832118433589], [-155.45313624898438, 55.88391359944391], [-155.4743660503913, 55.913581444604674], [-155.53823501164118, 55.92547557944158], [-155.58114343263665, 55.9306820479311], [-155.60690636942482, 55.93068201380991], [-155.63410557804593, 55.925475571593196], [-155.67674476700932, 55.90765685100276], [-155.70879146903553, 55.883913596742694], [-155.75147550013511, 55.85424575546615], [-155.80475186677225, 55.836427120015735], [-155.82611634336126, 55.81860843366971], [-155.8367985519442, 55.80083463118347], [-155.83684344848544, 55.783015972529434]]], [[[-161.43693144962853, 64.13355185606869], [-161.4323981767505, 64.10532028807853], [-161.41444481857587, 64.08678351781595], [-161.37319710490786, 64.06972783387937], [-161.31650961609338, 64.06317487450185], [-161.30605176994342, 64.06196308541718], [-161.25228148589403, 64.06595766119644], [-161.22176084958838, 64.07529338354584], [-161.20991172559283, 64.0820258277316], [-161.19640183430823, 64.09198999352165], [-161.18446296451765, 64.10617309425493], [-161.18334089831475, 64.1161820697234], [-161.18545035640236, 64.1261461467243], [-161.18069270702406, 64.13220533975442], [-161.17678782502927, 64.14028436048747], [-161.17665330187944, 64.14683736798605], [-161.18657249238294, 64.15612820015077], [-161.19703022986465, 64.16398270943266], [-161.2235562765595, 64.1764153919836], [-161.23217382090036, 64.17816588919263], [-161.2648039522749, 64.18467396757225], [-161.31036058704, 64.18938670535697], [-161.35569263958266, 64.1837762639765], [-161.39330489215604, 64.17201688699177], [-161.42018987808683, 64.15841722052207], [-161.43693144962853, 64.13355185606869]]], [[[-170, 57.133861811834585], [-169.98908301436202, 57.13041233787197], [-169.97947799783907, 57.12893120635897], [-169.96897536137598, 57.127988642525956], [-169.95560016845315, 57.128213022031396], [-169.93024101465724, 57.132117893564036], [-169.9267850234732, 57.13310534667166], [-169.90986409155545, 57.137818064301385], [-169.8868838091389, 57.14544825564224], [-169.86946911344532, 57.15801558520774], [-169.8564080958123, 57.169774960293495], [-169.84904718401833, 57.176148361328956], [-169.84770070438586, 57.18490060743052], [-169.84931651724156, 57.19001730892239], [-169.85869714725922, 57.20227050893883], [-169.8642178112234, 57.21227942372105], [-169.87121953391352, 57.221525433211916], [-169.88369710068523, 57.22839251560115], [-169.89523204172318, 57.23256670302101], [-169.90972937769698, 57.23629198238678], [-169.9231046491232, 57.23840156625404], [-169.923688110528, 57.23840149017754], [-169.93091430713275, 57.23840154698911], [-169.93998075415146, 57.23894009848739], [-169.96040268049848, 57.23741412188423], [-169.99249422432084, 57.230008346001924], [-170, 57.22772434898874], [-170, 57.133861811834585]]], [[[-168.97189298891382, 65.68875786844278], [-168.91807804575296, 65.68431443960887], [-168.90636349881936, 65.68462862047213], [-168.88091465771967, 65.6857955765046], [-168.8560941566217, 65.69122639398145], [-168.81982855423624, 65.70406300824156], [-168.78549275569637, 65.71631621307951], [-168.7759775075339, 65.72282429515283], [-168.76735989160414, 65.73076862184244], [-168.76165972145347, 65.7400145742799], [-168.762467739519, 65.75114559542368], [-168.77171352294334, 65.75810254120746], [-168.77934367693825, 65.76339875405405], [-168.7808698627875, 65.76447596971268], [-168.77983758123318, 65.767079149436], [-168.78140841530188, 65.773632107007], [-168.7870636293971, 65.78462856463584], [-168.79473865401704, 65.79019410876072], [-168.8009774751371, 65.79517608487947], [-168.8165519494248, 65.80253698737747], [-168.83571727672046, 65.81066083988041], [-168.86098645738545, 65.81779728591425], [-168.89276388670228, 65.82134304772023], [-168.9269649533635, 65.82224071292585], [-168.9507979888862, 65.81882966054627], [-168.9690655208674, 65.8150145209501], [-168.970052813395, 65.81483502986816], [-168.9710403033046, 65.81465545575104], [-168.97104034625747, 65.81461059940128], [-168.9712197902112, 65.78947591921641], [-168.97171353670555, 65.71393739514615], [-168.97189298891382, 65.68875786844278]]], [[[-168.86955925353593, 65.6131295179007], [-168.86592360628674, 65.6069356352055], [-168.85613899445903, 65.60087638900697], [-168.8460404204045, 65.59252807122176], [-168.82911931738684, 65.5846286149931], [-168.80833834602834, 65.5785244989037], [-168.7899811852016, 65.57493378907354], [-168.76610323283882, 65.57147778484956], [-168.7481947910016, 65.57134313651214], [-168.7331587934514, 65.57224078837265], [-168.714352694558, 65.57551730656247], [-168.67346402305364, 65.58417977869836], [-168.65232405634023, 65.59095717739233], [-168.63369744466144, 65.601370045898], [-168.62683036754362, 65.61236649447933], [-168.6285359032151, 65.62578654526105], [-168.63791648265146, 65.63987997806775], [-168.6512020515277, 65.65042752680274], [-168.65331153069334, 65.6520881669512], [-168.6660134315111, 65.6598530401707], [-168.6776382813046, 65.66416178328522], [-168.69770105437678, 65.66968245696059], [-168.7105825608019, 65.67313842460717], [-168.72310507257632, 65.67372194846794], [-168.7349093471276, 65.67430540910969], [-168.75896670092703, 65.6734526452331], [-168.7946041088844, 65.67120848421474], [-168.82005295748817, 65.66519407850204], [-168.84119284673548, 65.65298589153109], [-168.85672260323165, 65.64059804155696], [-168.86062743639067, 65.63548139391824], [-168.8649362266916, 65.62982606480733], [-168.86924504909015, 65.62084938839176], [-168.86955925353593, 65.6131295179007]]], [[[-161.85928319576246, 63.6109308987709], [-161.85856505816767, 63.60231331567285], [-161.85789184309138, 63.59809422847297], [-161.85703900413444, 63.5879955139643], [-161.84981277532108, 63.577358212738574], [-161.8392202758058, 63.5703563812451], [-161.8124250858787, 63.559943469398405], [-161.78446271717922, 63.55379442223864], [-161.7519672039865, 63.55204396208132], [-161.72104260459247, 63.553749585868964], [-161.71179677611156, 63.55509603258094], [-161.69931910690968, 63.55801350040646], [-161.69406780026776, 63.5592253477637], [-161.67521681030786, 63.56631692637332], [-161.65165316879416, 63.57964719380788], [-161.64155435815644, 63.588489224290534], [-161.6339691207105, 63.60433302238151], [-161.6395794290797, 63.61775310902623], [-161.64568358495293, 63.62417145099795], [-161.64949863072115, 63.62762742587199], [-161.6611235543569, 63.6353922318409], [-161.67714682406728, 63.64266337497154], [-161.6964017433373, 63.64899193683498], [-161.71475903253182, 63.65253769706022], [-161.72737117566928, 63.652268398693096], [-161.74599771158609, 63.65361482802371], [-161.75847530297915, 63.65451258212009], [-161.77997443838848, 63.65285183601087], [-161.7954590779522, 63.65042813519438], [-161.80690434287501, 63.647555663480475], [-161.81453454279412, 63.64665796471668], [-161.82624905506555, 63.642483817751504], [-161.84029758441224, 63.63512293413828], [-161.85582722062898, 63.62161309010968], [-161.85928319576246, 63.6109308987709]]], [[[-162.81902246152325, 54.81115816786642], [-162.81781069795588, 54.79944363053727], [-162.81188607244437, 54.78683136544743], [-162.80739781489967, 54.77987446571991], [-162.80259521564182, 54.775834972666736], [-162.79698483837976, 54.772199469904606], [-162.78347500251493, 54.765287392440605], [-162.76206565076365, 54.75797142438929], [-162.74016260096505, 54.753124055302706], [-162.72297230512825, 54.75316895072988], [-162.70676939187604, 54.755009154866386], [-162.6923619080896, 54.75877937306064], [-162.67781974759555, 54.762729068711025], [-162.66664383390884, 54.77022458059125], [-162.65376221368342, 54.78032335682368], [-162.64406743983568, 54.78912043047204], [-162.64119492977275, 54.7953143252789], [-162.63769404147294, 54.80110429457997], [-162.6372003384941, 54.80478468947863], [-162.6424516550688, 54.812908580042084], [-162.65021642581073, 54.82341130226097], [-162.66175147875097, 54.83557469477687], [-162.672972294368, 54.84342923806604], [-162.6827119466851, 54.84850103076382], [-162.6863027042223, 54.84993731596123], [-162.69272092099297, 54.85276497658313], [-162.70223621231167, 54.85514380164591], [-162.71529732222032, 54.856669770888956], [-162.72517154599012, 54.85738793120424], [-162.73746965048647, 54.85779186655554], [-162.74321470999786, 54.85783675744634], [-162.75075502283462, 54.85689418396651], [-162.76341212931786, 54.85523353834094], [-162.76938165397294, 54.853348452178295], [-162.78073711793238, 54.84773804109505], [-162.7956832028073, 54.83813298362871], [-162.80694889055445, 54.82951538639804], [-162.8128735435651, 54.822468728841365], [-162.81902246152325, 54.81115816786642]]], [[[-168.21394891264862, 64.96784248392696], [-168.21013389959967, 64.95137032427633], [-168.20640867587818, 64.94872215527194], [-168.18701897941543, 64.93489812934146], [-168.13701906027293, 64.91842600578792], [-168.09087901221733, 64.91110994775092], [-168.0549275677153, 64.90989811708585], [-168.03701908580348, 64.90926975820365], [-168.00254870077393, 64.91622668357778], [-167.9868844829476, 64.92017637007513], [-167.97615731037752, 64.92286936709685], [-167.95308733073978, 64.93301300106496], [-167.94411058382175, 64.94118180822227], [-167.9322166219112, 64.95208846054429], [-167.91906582099043, 64.9607957893772], [-167.9138144483218, 64.96995200732296], [-167.91435307743922, 64.97376707326737], [-167.916462554702, 64.98862337977685], [-167.92431716216126, 65.0027167515547], [-167.95308737057962, 65.02349774698557], [-167.97225248861446, 65.03054443700863], [-167.97561864447812, 65.0313971948957], [-168.00488259948435, 65.03889274133843], [-168.03342829393003, 65.04122667186623], [-168.04788081997324, 65.04194474744837], [-168.07611233802444, 65.04329129624449], [-168.0954121443185, 65.04091243087534], [-168.12911952280234, 65.03458387052557], [-168.14159714702947, 65.03144207712445], [-168.15618425165795, 65.02915300569691], [-168.1691106647536, 65.02408119605988], [-168.17409263165828, 65.0210291258904], [-168.17920938342965, 65.01788733952331], [-168.19186646294142, 65.01048154933308], [-168.2027730100215, 65.00567902956352], [-168.20788967975332, 65.00330021611285], [-168.21013379878897, 64.99894659871727], [-168.21394903295442, 64.98431461621543], [-168.21394891264862, 64.96784248392696]]], [[[-160.0975691922196, 58.59993610230609], [-160.09510066130355, 58.59293426227619], [-160.09456199688034, 58.58732387865148], [-160.0893555745073, 58.57897560013451], [-160.0825333161053, 58.573320321486364], [-160.0777307992074, 58.56869734897398], [-160.0731976219024, 58.5645681037666], [-160.0658816715966, 58.55442442527344], [-160.05905935628167, 58.547826558053316], [-160.04442736508764, 58.543697308029095], [-160.02113292659388, 58.538445949502446], [-160.0085207142053, 58.534675825214705], [-160.00457097511236, 58.53727903676406], [-159.99433760094482, 58.53683019545412], [-159.97261419153028, 58.536246678655004], [-159.9690682684714, 58.536650671848534], [-159.9524165667724, 58.538490891885985], [-159.92131253061186, 58.54396666590232], [-159.896537013423, 58.55370632114059], [-159.88046871656996, 58.562952240270754], [-159.86812587932286, 58.5725572502378], [-159.86345798737327, 58.578706335475296], [-159.8625603598205, 58.58566322132608], [-159.86287444541293, 58.594235919460594], [-159.86431075649867, 58.602673939710165], [-159.86767702049883, 58.610528585330385], [-159.87548666426682, 58.61995407118831], [-159.88527128894765, 58.63144419760308], [-159.89460688431998, 58.6399271202707], [-159.90528925078482, 58.64670449937094], [-159.9141760634502, 58.650250253219234], [-159.92638435850165, 58.65298817754889], [-159.93558541546832, 58.65514249804389], [-159.94056742549597, 58.65630946393957], [-159.9547057461639, 58.65855369081286], [-159.96879909070907, 58.660752913443076], [-159.9855404999979, 58.66407429017251], [-160.0046608049115, 58.66560032278079], [-160.01745255274616, 58.65954113643406], [-160.0336105057842, 58.65532211108051], [-160.0496787657781, 58.65146212680216], [-160.06399656524232, 58.64656979633341], [-160.07485824330908, 58.639882215702045], [-160.0827576993102, 58.63045676718204], [-160.0881886280337, 58.62170448833261], [-160.09276670872697, 58.61070811062513], [-160.0975691922196, 58.59993610230609]]], [[[-161.19451679207762, 55.159003612284835], [-161.19438211941292, 55.15496411851513], [-161.19263166109263, 55.15227111563253], [-161.1889961501953, 55.145403963614456], [-161.18325109586291, 55.13876123647132], [-161.177012317267, 55.130637362595536], [-161.16606077362016, 55.12210954984243], [-161.1515634970276, 55.115107814259204], [-161.13289207153923, 55.10967689407486], [-161.11269459126393, 55.10500904347834], [-161.10246111880832, 55.10379721814327], [-161.09568370042405, 55.10343814877512], [-161.09231747136917, 55.10384207055528], [-161.08441803647588, 55.104784637069756], [-161.069741294372, 55.10913828141029], [-161.0589243579795, 55.11178637887108], [-161.04272149143222, 55.11824964915742], [-161.01996559909318, 55.1292460293896], [-161.01718291752056, 55.13705566472036], [-161.01273948641173, 55.14298031974542], [-161.0085652614203, 55.150924633638134], [-161.00650066684446, 55.156938983024446], [-161.00542352265288, 55.16344706532235], [-161.00623134978235, 55.16578102847322], [-161.00748806352343, 55.17058351332679], [-161.01457969357085, 55.17727110414275], [-161.01924753452897, 55.18238778993002], [-161.0270123646484, 55.18952429175416], [-161.03387955450293, 55.19495513649287], [-161.04384359675814, 55.20110417607832], [-161.05452585516775, 55.205143667237486], [-161.06273943004507, 55.206804374635354], [-161.07167126189302, 55.20743274465304], [-161.07970528641837, 55.20765710227175], [-161.08473228186602, 55.207971344372716], [-161.09164427076215, 55.208195687106574], [-161.09801768069138, 55.207253188017276], [-161.1013390399107, 55.207836688159944], [-161.10905892484791, 55.20801621629483], [-161.11834988159026, 55.207342975926714], [-161.12894233095102, 55.20653500194969], [-161.1398040488112, 55.20402158612614], [-161.1489153075434, 55.20101437651902], [-161.16031569202437, 55.1943716590656], [-161.17499250102634, 55.184362710562006], [-161.18670710350003, 55.17197492963479], [-161.1927214554723, 55.16470380649276], [-161.19451679207762, 55.159003612284835]]], [[[-168.13585200909824, 53.94675091182879], [-168.13499933200075, 53.937639543908645], [-168.13248578918075, 53.927406195379426], [-168.12885026483252, 53.919506719231656], [-168.1231052101704, 53.911966373721924], [-168.11637274671972, 53.90550318638611], [-168.10461332541595, 53.89612254627053], [-168.0924049841392, 53.88804356526009], [-168.08302449533946, 53.882971703513704], [-168.07283590663317, 53.87951567933111], [-168.0664175533349, 53.87830389244683], [-168.05533148288967, 53.876329017528356], [-168.04720756237637, 53.875162060405856], [-168.0350441923864, 53.87421952103329], [-168.02292570046313, 53.87493762666169], [-168.0148916097851, 53.8763290140716], [-168.00851812664717, 53.8776305890434], [-168.0019652246499, 53.87924642404099], [-167.9911932127211, 53.88364495902212], [-167.98405675023787, 53.88651747929753], [-167.97629200243225, 53.891185348378585], [-167.96848227741228, 53.89648163646478], [-167.9631859729707, 53.90132902672085], [-167.95932610327245, 53.906625191695895], [-167.9560944233575, 53.91272935654925], [-167.95367079465373, 53.92044925087863], [-167.9534463983088, 53.921167376677836], [-167.9529975401149, 53.92610460699651], [-167.9531322383915, 53.93202918116118], [-167.95344635677648, 53.93651746932636], [-167.95385026260362, 53.93822308761043], [-167.95551094559417, 53.94257673100276], [-167.9566331159143, 53.94944390178883], [-167.9590568380649, 53.963716763022816], [-167.96489158842724, 53.97134693873981], [-167.97000829284065, 53.97740620708753], [-167.9774589199014, 53.98306145023958], [-167.98311425613372, 53.986068672600204], [-167.9895773563166, 53.98930026671505], [-167.9935720642071, 53.9904222982141], [-167.99765636844552, 53.99069160667178], [-167.99954148415097, 53.9893451124056], [-168.00223449228304, 53.98804355299337], [-168.00703696284054, 53.98965933307793], [-168.01435305132412, 53.99221764288993], [-168.02256663781156, 53.99410272749719], [-168.03149838789415, 53.99419249972962], [-168.0491824359213, 53.99495550868465], [-168.06224342922593, 53.99410274380354], [-168.0753494401892, 53.99307043214557], [-168.08293470455845, 53.99244204410919], [-168.09191133345678, 53.989255404519774], [-168.09832966024186, 53.98687653412302], [-168.10268335904195, 53.98526075464212], [-168.11098674023148, 53.98158029838328], [-168.11457738063768, 53.9782140325992], [-168.11848221176444, 53.97475805735222], [-168.12386821873756, 53.96896811953523], [-168.12979284818724, 53.962684499237035], [-168.13333857478804, 53.95658032710702], [-168.13504421550056, 53.95146362157043], [-168.13585200909824, 53.94675091182879]]], [[[-169.88024102754545, 56.60204622029052], [-169.8682572352717, 56.58701037415776], [-169.85299689052565, 56.57884155215375], [-169.83818536966427, 56.57121145719029], [-169.83037572589527, 56.56030480209906], [-169.80479228384038, 56.54737839407683], [-169.78235066190695, 56.542575912786084], [-169.7669107965597, 56.54069077529999], [-169.76372405882714, 56.54073567434969], [-169.7567672141317, 56.53494570181428], [-169.74307767809833, 56.52534073196457], [-169.7275032610892, 56.514658494745696], [-169.70892155605986, 56.507028323129546], [-169.67611193316972, 56.49621147445261], [-169.64716211444923, 56.49190269601552], [-169.62543858571726, 56.48983802944599], [-169.61161455491774, 56.48745925560557], [-169.5812735022358, 56.4832402245095], [-169.5547923818324, 56.48624741066175], [-169.52665045392743, 56.49297989695983], [-169.52211731471957, 56.496121728002755], [-169.50676726928097, 56.506893687301904], [-169.4934817454278, 56.51551125249782], [-169.4853130046195, 56.52269263105979], [-169.47943333490076, 56.52686675557176], [-169.46610293450988, 56.53153461297173], [-169.43876899467054, 56.54154359724785], [-169.42045663348281, 56.549263471191686], [-169.4030419890167, 56.56308760232644], [-169.38396654728575, 56.57816838258831], [-169.37754825273865, 56.587728472641366], [-169.37961290604633, 56.601911600072924], [-169.38226095000078, 56.61474825211989], [-169.3900706738253, 56.62430838855679], [-169.4016505890447, 56.63656147080448], [-169.40815862945527, 56.639972607700315], [-169.42225198430438, 56.648814669725475], [-169.4386793052912, 56.653706900848974], [-169.46242257377094, 56.65657947726155], [-169.47135426787312, 56.65680388446065], [-169.47418199946995, 56.6560857799174], [-169.48163264417525, 56.660439381410356], [-169.50928067130263, 56.66748611347781], [-169.5386792608153, 56.668428606625625], [-169.56749431641356, 56.6647930885907], [-169.58908312841035, 56.66227965515438], [-169.61125547362965, 56.66205519699518], [-169.6218929072272, 56.66133712546946], [-169.6252590979198, 56.6616063663961], [-169.65205440233234, 56.663805621805494], [-169.68849967710707, 56.667037231515664], [-169.71700061587708, 56.67166020925299], [-169.74734170060773, 56.675026467331826], [-169.76825721571598, 56.67569972249383], [-169.80254806487096, 56.67394923707251], [-169.82938836018155, 56.6698200314722], [-169.84298795798514, 56.66385050251079], [-169.85286222720455, 56.65886848465149], [-169.8566772880136, 56.65559201409534], [-169.8625571036538, 56.652001361134154], [-169.87144390154265, 56.643069541436844], [-169.87759299692908, 56.63054717881639], [-169.87961267203994, 56.61479308611483], [-169.88024102754545, 56.60204622029052]]], [[[-159.91166262662594, 54.8092730282517], [-159.9087003752126, 54.80532333970969], [-159.8996338678098, 54.79432687316071], [-159.8789426945298, 54.77682240329119], [-159.85519948980198, 54.757702176293385], [-159.83509176434987, 54.74544899915798], [-159.81350287518902, 54.74042207291605], [-159.8017434964854, 54.74181344549729], [-159.78634848279833, 54.74145437177537], [-159.765388002011, 54.739793683906015], [-159.74680628429127, 54.74266620375439], [-159.7209984745634, 54.75249566773639], [-159.70138445677912, 54.75985653715591], [-159.69142038519337, 54.764165347606756], [-159.68859272633435, 54.765601593466045], [-159.68486732064648, 54.762325111771226], [-159.67961598042436, 54.751059424573974], [-159.66920305776927, 54.73351006701253], [-159.65241668050572, 54.71775602139952], [-159.62476858159025, 54.70792660119362], [-159.60044189998783, 54.70397685979352], [-159.58693200399122, 54.703797332513915], [-159.56610624161112, 54.70348313302376], [-159.55151915672084, 54.69957827757123], [-159.54788361606748, 54.699308963486175], [-159.53414923409233, 54.70137365309228], [-159.5029105892036, 54.709003769550186], [-159.46929292540713, 54.72098765992177], [-159.44285672323844, 54.738402341140294], [-159.42633967747147, 54.75864471301696], [-159.42521750915654, 54.75999115727642], [-159.41817090591022, 54.775161724148354], [-159.4164204336709, 54.78198401717769], [-159.41677945004116, 54.79221743474082], [-159.424364799765, 54.80155315164494], [-159.44065736429098, 54.8175315768243], [-159.45874538496398, 54.82772005210799], [-159.47817982795888, 54.84145437384517], [-159.49761433922305, 54.85545794381454], [-159.5135478815177, 54.86156206533772], [-159.53823373277282, 54.87260336550812], [-159.5560972005117, 54.880278450882194], [-159.57261427013518, 54.883734449391795], [-159.58073816377254, 54.883958878963234], [-159.60187812974613, 54.881894216766895], [-159.61830538292628, 54.87776494772389], [-159.6234221833816, 54.87565539677213], [-159.6363036410748, 54.87179549843353], [-159.64317077405218, 54.87457823009003], [-159.65596257735723, 54.87902170178869], [-159.68132154168197, 54.887414824717766], [-159.70811685269146, 54.89185831345245], [-159.7293018744784, 54.8941473504269], [-159.76103426112329, 54.8913196902849], [-159.78652798879057, 54.88503605736742], [-159.81466984875055, 54.87659796761183], [-159.83702174633257, 54.87026941812432], [-159.85466078695868, 54.86438972203422], [-159.87207558967197, 54.856624939497046], [-159.88580993231037, 54.84719940034817], [-159.8974346079079, 54.83409347489285], [-159.90578293984615, 54.822782937265565], [-159.91031607099745, 54.81416531094149], [-159.91166262662594, 54.8092730282517]]], [[[-163.27193984390692, 55.42385989171822], [-163.27000982673587, 55.416274657095116], [-163.26745155537878, 55.40729795823387], [-163.26237971492915, 55.394192084063896], [-163.25600618450767, 55.385529599066665], [-163.2470296005705, 55.37448826843921], [-163.23535991672077, 55.36609509205573], [-163.22759519284307, 55.36259422445835], [-163.21493804516268, 55.35967679045265], [-163.19626659540657, 55.35078996810258], [-163.179794369762, 55.34733389481798], [-163.15394169115925, 55.34311486716649], [-163.1398034248077, 55.343159798777975], [-163.13199368292558, 55.343788116388914], [-163.10690393159172, 55.348815026955485], [-163.09061129812116, 55.35442547839466], [-163.0816346541851, 55.35774686928192], [-163.07095237607157, 55.36133751910502], [-163.06457900142627, 55.366499048523366], [-163.05910329754778, 55.371840206456994], [-163.0492288941394, 55.381938892800406], [-163.0411947876958, 55.39468577183695], [-163.03450718339352, 55.40370728951366], [-163.03001889991438, 55.412773744600614], [-163.02795425164084, 55.420807849437054], [-163.0297944397251, 55.43135540562477], [-163.03316071537535, 55.442755781403775], [-163.03944436820794, 55.45074497445966], [-163.04186813773464, 55.45464985890314], [-163.04729892336172, 55.45927283476694], [-163.05349288849732, 55.46290839519856], [-163.05636531777085, 55.46515257991616], [-163.06058446896648, 55.47166061038793], [-163.06650891646612, 55.48041289229769], [-163.0760241696452, 55.48867141662858], [-163.08414815192404, 55.49266603137113], [-163.0940224698287, 55.49706452690673], [-163.09532405176358, 55.50177733850451], [-163.1013833412479, 55.506086112438695], [-163.1093276923638, 55.510305159782895], [-163.11619480225272, 55.51371625741397], [-163.1272360425151, 55.51919205353423], [-163.13652694324975, 55.52502689321297], [-163.1462217579895, 55.52848290965106], [-163.15658973584732, 55.53104124460431], [-163.17386980175334, 55.53211845252611], [-163.19043176340384, 55.53054747455447], [-163.20178726879104, 55.528662400872655], [-163.20977642829024, 55.52700169649198], [-163.22342092289958, 55.52430871661389], [-163.23230782359448, 55.52170551870279], [-163.24249629961454, 55.51771090060289], [-163.2509793121462, 55.51219019766779], [-163.26000088193075, 55.50622079611941], [-163.26574590274856, 55.49917407034299], [-163.26794512861463, 55.494281807759855], [-163.2710870636235, 55.48490120636001], [-163.27149097344702, 55.47700176409602], [-163.26713733580627, 55.46676835760421], [-163.25991110087332, 55.4590484539576], [-163.25214626573296, 55.45384191902183], [-163.25905827361154, 55.44953318170608], [-163.26296314380124, 55.44365345344634], [-163.26718211761266, 55.4380879500597], [-163.27090747659423, 55.4317144651744], [-163.27193984390692, 55.42385989171822]]], [[[-156.90313570577172, 56.155053598022754], [-156.90062227872878, 56.14594223191414], [-156.89739077418164, 56.13768374789545], [-156.89308185289596, 56.13099615530695], [-156.8836115641078, 56.12282739444238], [-156.87140329558767, 56.116005154166984], [-156.8528664945404, 56.10936236974191], [-156.8352272972215, 56.10622056285209], [-156.81718425326417, 56.10411108700774], [-156.81947329141653, 56.098455775360364], [-156.82104418507936, 56.08817747845796], [-156.82126858701616, 56.078796876685985], [-156.82010160042805, 56.07058325256487], [-156.82634041442344, 56.06708232063526], [-156.83536200680788, 56.060215235450876], [-156.84083779603955, 56.05114880002765], [-156.845371015245, 56.040286983189745], [-156.8465379783658, 56.03023312243602], [-156.84492216595984, 56.02210924053262], [-156.8380999305185, 56.01268377763764], [-156.82643023991622, 56.00756705584861], [-156.82800116620993, 56.00429058195251], [-156.82800123304466, 56.00424570356401], [-156.83208555631927, 55.99616675739033], [-156.833387122976, 55.98422776916126], [-156.82221120388388, 55.967576072405464], [-156.79308199060532, 55.95577178490513], [-156.76399754795358, 55.95298902945866], [-156.73217536713886, 55.95348274068645], [-156.67544277591466, 55.95675922078353], [-156.64779475065674, 55.962279823642], [-156.611977858047, 55.98292619139827], [-156.58446433695187, 56.00563712109216], [-156.57135851189733, 56.013581480902616], [-156.55331545784753, 56.02709133718387], [-156.54806409344673, 56.03862637220351], [-156.54743573013812, 56.0486353457021], [-156.55340518748326, 56.0584198786176], [-156.550308288159, 56.06429958935143], [-156.55017360550548, 56.076642493962105], [-156.55605335772913, 56.090152326525164], [-156.57396171938956, 56.102315699470495], [-156.58931184114374, 56.109272639025974], [-156.5914662091104, 56.11488299585074], [-156.60228305567827, 56.12695665671536], [-156.60986834418648, 56.13216306587423], [-156.62683425860914, 56.140197244266425], [-156.65722020698576, 56.14688479197229], [-156.67194190385115, 56.14836597078544], [-156.67584675475396, 56.1524952315777], [-156.66727415014958, 56.15671424117757], [-156.6537641850581, 56.16757597889535], [-156.6493656161982, 56.18418286220254], [-156.65111603444538, 56.20096918440612], [-156.6600927124178, 56.21497278069905], [-156.67324348198855, 56.22408410072639], [-156.67800125128298, 56.23988296743397], [-156.6906133517363, 56.257252837914635], [-156.70739973230468, 56.267441368517495], [-156.72889884840438, 56.273994329675574], [-156.75057744038736, 56.27798888974262], [-156.77023639894242, 56.279784247232506], [-156.7928575202252, 56.279559845627396], [-156.8199670533758, 56.27650775806819], [-156.84200472778863, 56.27008943517017], [-156.85856665196619, 56.25931745722874], [-156.8722111484444, 56.24701942543305], [-156.88069414327722, 56.232297751169995], [-156.87804604117215, 56.2233210334291], [-156.88432968344227, 56.21914696199033], [-156.8911518927274, 56.21254909965474], [-156.8980190525084, 56.201642464939916], [-156.9001734893393, 56.19158854592069], [-156.8991860250201, 56.18099611420477], [-156.8967623883877, 56.17350064413255], [-156.9020136752499, 56.16546650197094], [-156.90313570577172, 56.155053598022754]]], [[[-160.54433744410252, 58.6743076902088], [-160.539490103249, 58.66434357157827], [-160.53194966171193, 58.6572071752864], [-160.5287180414348, 58.65415505229679], [-160.5091041171272, 58.64239565493054], [-160.49146492709446, 58.63346388924026], [-160.47535181818853, 58.627180261189935], [-160.45362835708394, 58.62305098151031], [-160.43311660306287, 58.62224310439463], [-160.41731773200632, 58.62363448185284], [-160.4013393463234, 58.62498101014917], [-160.38760502787264, 58.627629047461696], [-160.39487615338282, 58.621255695213215], [-160.40111494971947, 58.61259319803764], [-160.40659065124802, 58.60276371710823], [-160.4143105814439, 58.58691989782592], [-160.40775760833665, 58.567305946238186], [-160.39694076055528, 58.554020463601645], [-160.39685105435228, 58.55393070270669], [-160.36763201769256, 58.54199175198144], [-160.33361045798063, 58.535663261382155], [-160.30102512964623, 58.5357530162694], [-160.25874516660468, 58.54455011338969], [-160.2387271693829, 58.55612996246655], [-160.225576312118, 58.56555546823995], [-160.21543268862234, 58.5783023287984], [-160.21287429792906, 58.58485530428645], [-160.21332312068182, 58.592171309221925], [-160.21345785154423, 58.593158744364054], [-160.21215621914016, 58.59504378189628], [-160.1971652149303, 58.60213539542246], [-160.1798402070309, 58.610034827620886], [-160.16839497094412, 58.61856268575581], [-160.1611688239603, 58.626058144830324], [-160.15407731306257, 58.63709943790333], [-160.15300000707492, 58.64755726108274], [-160.15196777933392, 58.65334720681937], [-160.15273084108486, 58.65819458257355], [-160.14869120020782, 58.659945057418845], [-160.13904137724361, 58.66384987589939], [-160.12256918694587, 58.67282656851169], [-160.11031609459718, 58.68157876997859], [-160.09698564931998, 58.69728795407878], [-160.0962675960105, 58.70532207670455], [-160.09936451292032, 58.71604915117541], [-160.10192283386846, 58.72480139929513], [-160.11655477243355, 58.739029425739574], [-160.13760516201472, 58.74890373149079], [-160.1594183339132, 58.752943199815554], [-160.18769486319846, 58.75626455813188], [-160.20587263659763, 58.75604016113153], [-160.21408615454334, 58.75545671815434], [-160.2225242466764, 58.759092226334396], [-160.2376947865579, 58.76604915631682], [-160.26390672371937, 58.7717493227745], [-160.28239862380286, 58.774980965319024], [-160.29680612289505, 58.776282490244505], [-160.31170745074687, 58.77650692330914], [-160.32324236743733, 58.77507071880969], [-160.333206525032, 58.78175829663224], [-160.34940930909576, 58.78880498882236], [-160.36763198287278, 58.79410119110435], [-160.39240750713412, 58.79710835177002], [-160.39756903504465, 58.797422562011356], [-160.4160611044787, 58.79845485316533], [-160.4192477121454, 58.79787137979511], [-160.45223692411508, 58.791857064792296], [-160.4720303981599, 58.78368829160669], [-160.4903876696589, 58.77363444518108], [-160.50430157065634, 58.761426173598], [-160.51354756499967, 58.75065419303617], [-160.52045950307973, 58.741004257384425], [-160.5258006659537, 58.730232290756994], [-160.52651881619175, 58.72071698652607], [-160.52566597391188, 58.71232379816941], [-160.52544150854013, 58.708553664964754], [-160.53091741099252, 58.706264601163866], [-160.537515158848, 58.70025024846816], [-160.54406825263678, 58.68781754237], [-160.54433744410252, 58.6743076902088]]], [[[-170, 63.082886183864986], [-169.9527724851598, 63.06407289566224], [-169.90142598167685, 63.037367332401594], [-169.88378683025223, 63.020087292967354], [-169.87772757376246, 62.99715189154493], [-169.86327527042758, 62.9801410935193], [-169.8652500701464, 62.96043740799344], [-169.86457674908692, 62.944683329107576], [-169.83894841521519, 62.92587727391501], [-169.81480116796178, 62.91739428428508], [-169.72790724401136, 62.89634406022761], [-169.6388138064878, 62.884898743036956], [-169.5910579554762, 62.88786111146858], [-169.55209932700527, 62.90289703235597], [-169.52534885137297, 62.92466537133844], [-169.49325731970293, 62.926595391627345], [-169.4615697835155, 62.93283417387864], [-169.43634529145348, 62.947421186338936], [-169.419873173818, 62.973857490791126], [-169.42727887384322, 63.00024884621376], [-169.44653377623092, 63.02937812121816], [-169.45106699387497, 63.0385342927251], [-169.45106705563836, 63.03857920722822], [-169.43832024871242, 63.041586364440384], [-169.40654282252308, 63.04751096973434], [-169.36798809931733, 63.06106567302107], [-169.32436149153688, 63.0857514992425], [-169.28230591006965, 63.11438703505158], [-169.26376916390757, 63.11847142728236], [-169.23064525283144, 63.12349835971757], [-169.14253930392098, 63.12780713266628], [-169.06673152242598, 63.12821107547453], [-169.02777282553456, 63.12453067757619], [-168.98437064018609, 63.112771277566836], [-168.92279075406577, 63.09957556482566], [-168.93625573352867, 63.08745709395566], [-168.94662380073603, 63.074440886177705], [-168.94868837736308, 63.062457084362386], [-168.94034010038283, 63.04634396712095], [-168.91749460390346, 63.03112851812091], [-168.8685268023215, 63.019773065064584], [-168.83733295964262, 63.01618238823535], [-168.8032216163187, 63.01766352528291], [-168.76408339898114, 63.02762761247128], [-168.7007082704883, 63.05693647895466], [-168.68279983718486, 63.08467426990804], [-168.69666872916275, 63.10922545685742], [-168.73347299837948, 63.13153244429665], [-168.69276394142287, 63.158956133646484], [-168.66659703607442, 63.185975858035846], [-168.65470292218393, 63.192349360765775], [-168.63598656341736, 63.20464733004639], [-168.6092809983796, 63.22937805463887], [-168.60425411372586, 63.251595297437554], [-168.5867046728919, 63.27246596912974], [-168.57862574753122, 63.30868680626122], [-168.5877369954032, 63.325248740086884], [-168.6083833983601, 63.33503330054491], [-168.6427638794694, 63.344862711463335], [-168.70470280887298, 63.35469216270451], [-168.87629161288936, 63.37354313093832], [-168.88360768670753, 63.374351020293396], [-169.03499903571387, 63.38745696551317], [-169.23455007366192, 63.390733441263805], [-169.37216219606057, 63.40711585110785], [-169.45555530465575, 63.41501534471739], [-169.46655182680337, 63.42345338940634], [-169.48378705720327, 63.43561675846983], [-169.51197367384975, 63.44620917347238], [-169.54388567263908, 63.45944980706528], [-169.56942427490395, 63.4728698550283], [-169.60227884341802, 63.48063470283102], [-169.6455912595764, 63.4836418475586], [-169.73692874677158, 63.48624508223666], [-169.79298800724592, 63.490733472611154], [-169.84859831915622, 63.50751974327655], [-169.9266054512365, 63.526729780398426], [-169.92669524791677, 63.526864480978055], [-169.9641279935683, 63.5821157639914], [-169.9856270990551, 63.622959593661164], [-170, 63.63149677496577], [-170, 63.082886183864986]]], [[[-152.46651236601068, 58.91501676921534], [-152.46574939804702, 58.90895753315339], [-152.46574949064214, 58.9089126423366], [-152.4654352126983, 58.906354281788126], [-152.46072240689875, 58.895447662083996], [-152.4525986250446, 58.88485516451041], [-152.44425027916586, 58.88068105503341], [-152.43460043371772, 58.87587857368697], [-152.42593788380788, 58.87336510083469], [-152.42508514085253, 58.870178335141325], [-152.42095596716672, 58.85846381403036], [-152.4137296972422, 58.8476021263768], [-152.40143163412733, 58.83669543963464], [-152.38329875765893, 58.82830227062905], [-152.37598290138249, 58.826596697586766], [-152.36090211126327, 58.82305088747023], [-152.34070447858846, 58.8204028158291], [-152.3146273497342, 58.819998861306765], [-152.29290394027888, 58.82264696222436], [-152.27553409525572, 58.82726994090738], [-152.26242816257758, 58.832835492127536], [-152.25452874461047, 58.83714427487163], [-152.2496363704277, 58.84069001701833], [-152.2401210890536, 58.8401514495042], [-152.21907080094212, 58.83898450691742], [-152.19537246286546, 58.840645169170116], [-152.17055195902367, 58.84701862264823], [-152.15363105696753, 58.85218013478071], [-152.1386400500012, 58.8568480676237], [-152.13406196406842, 58.858104794552965], [-152.1310547372764, 58.85630941218139], [-152.1265664166742, 58.853616400133056], [-152.10856817180425, 58.84459488673202], [-152.08630602337732, 58.83853566947253], [-152.0667819650433, 58.83301499231161], [-152.03653056351527, 58.82785344066425], [-152.01718586262683, 58.82852665340503], [-152.00035461107842, 58.83247637913798], [-152.00021993330878, 58.83247635907349], [-151.98159342364443, 58.837278948539115], [-151.9648968079864, 58.84477447421405], [-151.9515664789721, 58.852180186048145], [-151.9454622934916, 58.85761107628364], [-151.9409291942731, 58.86295217776102], [-151.93639594149155, 58.867395643623105], [-151.93127925388896, 58.86878698852875], [-151.91206909889942, 58.87040281843248], [-151.90048933042613, 58.87340996090218], [-151.8918268735675, 58.87637224780927], [-151.8832092430017, 58.880681030804396], [-151.8819075450225, 58.88157869943421], [-151.87804754722669, 58.88427174441391], [-151.87674606123923, 58.88516940038296], [-151.87499558691593, 58.88642610307251], [-151.86426846566118, 58.89656977679307], [-151.8606778245772, 58.89993595216447], [-151.8539004064711, 58.908777982991246], [-151.85165625374032, 58.91735074925799], [-151.85277839723315, 58.92367924472637], [-151.85367606900968, 58.926462043566794], [-151.857580904098, 58.935977252879], [-151.86193461226387, 58.94042072769352], [-151.86776931444336, 58.94639019878716], [-151.87517506598007, 58.950788771429906], [-151.8869794684563, 58.95779056360248], [-151.91763465569525, 58.975205285818895], [-151.93720379769442, 58.98831113807632], [-151.96489684831732, 58.992350670404086], [-151.97620737789808, 58.99751222319025], [-151.98576747117426, 59.00150690818466], [-151.99532774698758, 59.005187305829345], [-152.00210503486247, 59.00693773959464], [-152.01000441503353, 59.00864333973474], [-152.0195646115254, 59.01093235732311], [-152.029663376339, 59.01174027927139], [-152.0403904469515, 59.01290724818657], [-152.0471230465835, 59.01259303863111], [-152.05892727528425, 59.01200952406581], [-152.0656597548947, 59.01084261497736], [-152.0735592364972, 59.00882283105056], [-152.08141376039526, 59.00648892207345], [-152.08338878364876, 59.005007756277266], [-152.0912881168615, 59.007027512426625], [-152.10479805076795, 59.01075281897898], [-152.1290350537585, 59.016767210298894], [-152.14541732002925, 59.017889300822986], [-152.17019304967565, 59.017036478347244], [-152.1882360671206, 59.01613880688424], [-152.20847848796495, 59.01012447255409], [-152.21808347598656, 59.006354235351544], [-152.22876563513256, 59.001776188845234], [-152.23662020833888, 58.99576185491907], [-152.24263460268196, 58.99423576633579], [-152.24564167593113, 58.99347277406651], [-152.24842444797073, 58.99414602418013], [-152.2546633425585, 58.9957617898241], [-152.2620242432807, 58.99917295289275], [-152.27005829173723, 59.002225004302296], [-152.2727064006526, 59.00321247251362], [-152.2946991628457, 59.00662355385465], [-152.31332577219595, 59.00720704256492], [-152.32346930212577, 59.00747636554049], [-152.3352737190026, 59.006892856174744], [-152.35273322415983, 59.00487314690992], [-152.36907080014754, 59.00168640025629], [-152.37755384706492, 58.999397339071045], [-152.39384638928314, 58.993966513198366], [-152.40596478847792, 58.9942358085347], [-152.40758059817637, 58.99383184691357], [-152.41242805022173, 58.99261998965447], [-152.4140437829203, 58.992260921745114], [-152.41399905699808, 58.99221600458251], [-152.42001338719137, 58.98808677903597], [-152.4293939659446, 58.98139913599401], [-152.43154833839301, 58.979289616646305], [-152.4373831798874, 58.97354462596333], [-152.44088412564253, 58.966093930796916], [-152.44065957999518, 58.96003472461033], [-152.43985182649484, 58.95473847444526], [-152.43877465098728, 58.95083362545504], [-152.43747294867399, 58.948409906195174], [-152.442499909723, 58.94562719013496], [-152.45205995727562, 58.93947820137661], [-152.45731141199778, 58.93445125502446], [-152.46112643686524, 58.929289665553355], [-152.46485184758487, 58.924217848835106], [-152.46651236601068, 58.91501676921534]]], [[[-163.01395066341877, 54.36708289249709], [-163.00474960945502, 54.35159818859062], [-162.98325053205042, 54.337774083166764], [-162.9526400634746, 54.32574537949664], [-162.92198479892144, 54.326014688768005], [-162.8900727585218, 54.33077230752411], [-162.87889684643193, 54.33570950157085], [-162.87517159496878, 54.339030797884824], [-162.86659885649198, 54.331490461916694], [-162.8507101382952, 54.32251375851728], [-162.83158978090097, 54.3160057310774], [-162.8211769622403, 54.314928490119584], [-162.817900481834, 54.314838772436694], [-162.81345708295873, 54.31111340699498], [-162.8076671366757, 54.303707662570346], [-162.79842108490843, 54.29823195611082], [-162.78845707876837, 54.29446173896702], [-162.77997410141379, 54.29320497082589], [-162.77642829011393, 54.2864276314508], [-162.76821459919657, 54.27044915525616], [-162.74658094799736, 54.252630500653645], [-162.7264731355174, 54.242082953976904], [-162.70008187281124, 54.23795365930882], [-162.65991127873846, 54.242262485783534], [-162.6545701851238, 54.24630195298642], [-162.65210166981916, 54.248276795841996], [-162.6464463256384, 54.24769331172328], [-162.6304229643974, 54.249264242368575], [-162.62894185963492, 54.24998241535002], [-162.62602434574518, 54.251463523184874], [-162.62337623656703, 54.252495830255846], [-162.61664378104527, 54.2501169987385], [-162.59182335823218, 54.24401294465448], [-162.5631428809742, 54.24356408417957], [-162.54694002666542, 54.248007540890384], [-162.540162728103, 54.2523163175522], [-162.52660793812427, 54.25797162927614], [-162.51260429345584, 54.27139173348469], [-162.5005755575232, 54.2855299581123], [-162.49496515634323, 54.291723862600996], [-162.49227217417064, 54.29383337682382], [-162.4857192194666, 54.29486570633318], [-162.47970489626823, 54.29751378718258], [-162.47705670985317, 54.29890517674739], [-162.46260429081977, 54.296481475100514], [-162.42934578826603, 54.298501207482666], [-162.40430094300655, 54.30577233357157], [-162.38001907860732, 54.31775611266881], [-162.36700296926776, 54.32368071163379], [-162.36251460583858, 54.32628398361555], [-162.35896889897865, 54.328528113497384], [-162.35389701020893, 54.327316308982134], [-162.33742486359793, 54.32574539250959], [-162.30416632883183, 54.32848328842463], [-162.28221834435948, 54.330951845798225], [-162.2621106753573, 54.338447367979775], [-162.25017165898845, 54.34675078328697], [-162.24357387009013, 54.35675969297841], [-162.24088088718742, 54.364928455067925], [-162.23836743375486, 54.36991051042661], [-162.2392201474563, 54.379650216743116], [-162.2414643293244, 54.38858196450873], [-162.2481969145388, 54.39926421496979], [-162.26094370043876, 54.408689676059026], [-162.2777301261537, 54.41937191016044], [-162.2990047547936, 54.43063763555707], [-162.31565641913897, 54.43907569860426], [-162.3389060595482, 54.4489500039126], [-162.35434586483095, 54.45666989906836], [-162.37544102436524, 54.46201105249024], [-162.39559361788696, 54.46425521304851], [-162.40735302044115, 54.46205595037052], [-162.4116617858612, 54.45913853912551], [-162.41453431628804, 54.4615173405742], [-162.4228377490118, 54.46847421983992], [-162.4419580139562, 54.47534134462542], [-162.4566348455612, 54.47821389373856], [-162.47606937562927, 54.47911159919443], [-162.49029728721897, 54.47852809586998], [-162.49990240070096, 54.47857300345085], [-162.5057371724016, 54.47803436769656], [-162.50793649485365, 54.481984132244094], [-162.52557559292595, 54.489659146700156], [-162.54518967507573, 54.49701997677907], [-162.56673360096158, 54.50209186268001], [-162.5827120614008, 54.505772250296616], [-162.60008182339962, 54.50545807717544], [-162.60641036992996, 54.503797404604896], [-162.61058455339875, 54.50043115526114], [-162.61574610500028, 54.50379738998148], [-162.63594357368402, 54.511831448849925], [-162.65851987571912, 54.51461424356279], [-162.66377120951802, 54.512774021653215], [-162.66668859035343, 54.51510798732768], [-162.678089001181, 54.52071837444204], [-162.6915988789143, 54.52637368090736], [-162.71332243279682, 54.528079272542875], [-162.72252344259456, 54.529784802887235], [-162.72930091061917, 54.528752467426536], [-162.7330710588112, 54.52659813601534], [-162.74186817907488, 54.531176178014526], [-162.75609617406897, 54.53454245591194], [-162.77001003140464, 54.5378637872167], [-162.78369934661464, 54.53876145757], [-162.7937083340552, 54.53992846368734], [-162.79958810075533, 54.539524485613605], [-162.8103600914377, 54.54423725315998], [-162.8244983196066, 54.549264191557086], [-162.8443366576912, 54.553079235676584], [-162.86062936268718, 54.55429111184481], [-162.88069213144266, 54.55321389881062], [-162.888232587502, 54.55043115142447], [-162.90681422614367, 54.544012780250156], [-162.92499204664472, 54.53359987057741], [-162.93886095934624, 54.521167244815715], [-162.94483045364024, 54.50536827257294], [-162.94294526714506, 54.49446166414734], [-162.94025225594194, 54.484318060151104], [-162.93558444632149, 54.47772018850833], [-162.94097042939737, 54.47534136322222], [-162.94936361108526, 54.46735216488323], [-162.9584749076244, 54.45640060203333], [-162.96457901420547, 54.4462570421214], [-162.96570113840946, 54.437280346276424], [-162.96318769334908, 54.43131090209693], [-162.95986633561176, 54.42803441068887], [-162.9673618299311, 54.4262390576634], [-162.98118585836065, 54.42094284007449], [-162.99505477588016, 54.41479381117392], [-163.00843009832207, 54.40016185182728], [-163.01368134600196, 54.38508106586052], [-163.01395066341877, 54.36708289249709]]], [[[-170, 52.69783706227217], [-169.99738647731357, 52.699264794461605], [-169.99038468034874, 52.70527907938842], [-169.98181195815613, 52.7120116400671], [-169.9773684638992, 52.71901338111489], [-169.9740920531301, 52.73499189181706], [-169.97552830403401, 52.738133692313525], [-169.97023203777394, 52.73822345365844], [-169.9646665049192, 52.73799905332224], [-169.94801483341507, 52.73772973688534], [-169.93315843955344, 52.73822346152794], [-169.90384971565234, 52.740557419111404], [-169.8763361990054, 52.74670639319136], [-169.8570364590791, 52.755907487670285], [-169.8487329963673, 52.76308882551589], [-169.84559115189927, 52.76174227917883], [-169.8370633729291, 52.759767419399815], [-169.82624650753345, 52.75815162043716], [-169.8203218857248, 52.75940839936313], [-169.81731470374262, 52.757972122003856], [-169.8139036185379, 52.75447119620022], [-169.80434343259947, 52.74621269047484], [-169.78499872191603, 52.73674232332742], [-169.76192868002994, 52.72861840697798], [-169.7384547334246, 52.72112288817436], [-169.73805083382436, 52.72098824481931], [-169.70304184611828, 52.71609601922439], [-169.68226094525042, 52.71910313398508], [-169.65972943331403, 52.72623958574391], [-169.6390831104109, 52.73674231955844], [-169.6274583444256, 52.75065615447973], [-169.62418194804562, 52.76237067413238], [-169.6170454609964, 52.775925441863464], [-169.6176289481266, 52.777541183400594], [-169.6178982800403, 52.77816958586918], [-169.61857145578008, 52.780009807106104], [-169.61879595595457, 52.7806381518314], [-169.61592335013825, 52.781670432829415], [-169.61017837350587, 52.784183907126895], [-169.60600422066065, 52.78705646933554], [-169.60012444866712, 52.79172432924139], [-169.58863435919628, 52.80056630894875], [-169.58661464481517, 52.81412107917007], [-169.58885880066103, 52.826778223468935], [-169.59289829543619, 52.83153580804459], [-169.59096826105585, 52.833286221645565], [-169.58939738547883, 52.83535092139819], [-169.58823039968513, 52.839794360892796], [-169.5876918056712, 52.84913007511029], [-169.58742245950523, 52.85895952648991], [-169.5878713087631, 52.872873325171206], [-169.59168642111692, 52.880548349200296], [-169.59339200033114, 52.889524999718994], [-169.60757505001575, 52.90191279942086], [-169.61565403206225, 52.903349078798705], [-169.6136791610134, 52.90685000140322], [-169.6148910470466, 52.91210131804884], [-169.62279048928988, 52.92049452170897], [-169.62781742120328, 52.92673324850734], [-169.6336074089208, 52.92906716650509], [-169.62925370967218, 52.93036882498987], [-169.62539372896717, 52.93180503787109], [-169.6199628581871, 52.9361587849321], [-169.61260206590327, 52.94428259892975], [-169.6066774748489, 52.9551444029852], [-169.6070814015024, 52.9595877952691], [-169.60411903039827, 52.96062018257118], [-169.59577074106053, 52.963223402030124], [-169.58746742439692, 52.96995584655204], [-169.5803757903664, 52.982388580089534], [-169.57525911545386, 52.993699140760754], [-169.57512448182382, 53.00177814506724], [-169.57584256755, 53.00285530390865], [-169.57817653100494, 53.00819644510987], [-169.58001677976972, 53.015108443426996], [-169.5783111978611, 53.02022517661266], [-169.5787150922015, 53.02336696267395], [-169.57911911454804, 53.026374143138284], [-169.58064513773232, 53.03216413439042], [-169.58508857326376, 53.03885171716916], [-169.59155174936586, 53.04639209769593], [-169.59922677038563, 53.055368747722895], [-169.6044332745085, 53.06201152689086], [-169.6140831986733, 53.06982117024431], [-169.6208605780132, 53.07318747864623], [-169.63104911335267, 53.07749621259275], [-169.64007058309446, 53.08000968126151], [-169.65595926933347, 53.08369011692711], [-169.66421780885756, 53.08566499260629], [-169.66722492231102, 53.09064706262597], [-169.67229676597657, 53.096033023497334], [-169.6792986086016, 53.10361832485494], [-169.68553735833754, 53.10909405524871], [-169.68984615037624, 53.11205638680033], [-169.700618140088, 53.116454955098824], [-169.71444221600467, 53.121661378538164], [-169.73073488449663, 53.12781041914255], [-169.74231468321952, 53.13077272988511], [-169.7591459236635, 53.13404917977834], [-169.77018727832672, 53.13431845292848], [-169.78616569677772, 53.132612924710905], [-169.81408307305273, 53.12664344793087], [-169.81596827110562, 53.12556620578055], [-169.81884075144387, 53.12395045128566], [-169.82570788957264, 53.120225089015776], [-169.8385445321381, 53.11627536141515], [-169.86076169130848, 53.105009700332005], [-169.87296993026632, 53.089165891568925], [-169.87332904528697, 53.084049211224034], [-169.87207231553018, 53.08198453111], [-169.87422666045657, 53.07983016967321], [-169.87705441615648, 53.075162304598535], [-169.8806001134831, 53.06748723228918], [-169.88230572779563, 53.05985709998843], [-169.88342778738223, 53.051463892382536], [-169.88320339916277, 53.04518028853317], [-169.87938829841994, 53.03930054078421], [-169.87139903975452, 53.031311330024124], [-169.8650705587586, 53.024354404174034], [-169.85874196941413, 53.01982120999246], [-169.85209929242723, 53.01587146898514], [-169.84523216296887, 53.01331310822272], [-169.83719802143142, 53.01120359535311], [-169.83293403226284, 53.00994691312091], [-169.83706329576117, 53.000162321892745], [-169.83827518034542, 52.995718848288384], [-169.83957687318542, 52.99055729158821], [-169.84330216238598, 52.97839395621943], [-169.84289821663717, 52.96950702165048], [-169.8379161385785, 52.96003669355718], [-169.83253019570492, 52.952855316968325], [-169.82754811653817, 52.94535979239525], [-169.8226109670799, 52.940288021604175], [-169.81776356813572, 52.93737061338825], [-169.82772761105127, 52.932792490492524], [-169.8291189837291, 52.93467756671798], [-169.83190183445726, 52.935530367553596], [-169.8451872825748, 52.935081553360426], [-169.85905612201267, 52.93386967789169], [-169.8719825456812, 52.93306181116589], [-169.88549245907723, 52.93256805660329], [-169.89846374824788, 52.92749624813828], [-169.90393949071466, 52.92484820859951], [-169.9081584731098, 52.92255913143098], [-169.90797888980214, 52.925925383987405], [-169.9079789746424, 52.9286183516847], [-169.9104924767943, 52.93521617080856], [-169.91556424222546, 52.93948008232612], [-169.92234156699644, 52.94598819057828], [-169.92974738203344, 52.95159857098566], [-169.94173121766923, 52.958779931444006], [-169.96340976264693, 52.96322336089879], [-169.97741343014815, 52.96555734452192], [-169.99554619798943, 52.9665447235145], [-170, 52.965357123834785], [-170, 52.69783706227217]]], [[[-167.56031360238308, 60.20594994112193], [-167.536345885286, 60.178256968125766], [-167.51695638229629, 60.17282604044293], [-167.51516100660797, 60.1642533823876], [-167.50542132565502, 60.15698228226003], [-167.4924501514262, 60.152000190749476], [-167.473240013933, 60.14890329533182], [-167.47171406176838, 60.13602175216582], [-167.46457751939909, 60.1246663300829], [-167.45308750074665, 60.116228265998146], [-167.43643577278254, 60.10877759403632], [-167.44173196369874, 60.10208995386021], [-167.44298876808608, 60.095447269069396], [-167.44146262233656, 60.08229649877526], [-167.44209108305103, 60.06676684907526], [-167.44078948185944, 60.05644372914362], [-167.4348199652398, 60.0456716628144], [-167.41798871892775, 60.03418156913933], [-167.400798426528, 60.02610258216891], [-167.38558295252582, 60.02121035143146], [-167.35847353500645, 60.01847248054186], [-167.3327104927171, 60.01802364135864], [-167.32413784779612, 60.01847241096657], [-167.31080749000782, 60.0074760602799], [-167.2933926615598, 59.99917264954559], [-167.22274649974648, 59.99383147604589], [-167.19258493625708, 59.97457654564515], [-167.1692006312248, 59.96106666457184], [-167.1378272574586, 59.94401104727095], [-167.10290801178272, 59.93696437612062], [-167.0670463321985, 59.93539350665711], [-167.0420462834162, 59.93575253836689], [-167.0127823685237, 59.92946886796082], [-167.00344674058726, 59.92744911279952], [-166.97525994432618, 59.92071667180332], [-166.94061004559865, 59.91191948932505], [-166.90461374605684, 59.89805055714569], [-166.86812355446824, 59.881264243415714], [-166.8508434814517, 59.87107573519841], [-166.8415077842316, 59.86156044123729], [-166.83387762762587, 59.85541147996172], [-166.82889559406772, 59.85231447461674], [-166.82463165362097, 59.85114755096511], [-166.78652570178738, 59.842664571079375], [-166.74837489342733, 59.83822118440107], [-166.73679509019428, 59.83831094708654], [-166.72934443996496, 59.834406077925316], [-166.6889943214803, 59.81533067603642], [-166.65434446410137, 59.802404241324865], [-166.6261128472906, 59.79706316640813], [-166.56421873962273, 59.796120618146254], [-166.50798007834646, 59.79876870733126], [-166.46170541803923, 59.79594111516061], [-166.44150788214623, 59.79867895809876], [-166.42965872568487, 59.801641238360766], [-166.390251145811, 59.788984140777735], [-166.36637321412428, 59.77964844521814], [-166.34963187068846, 59.77655148779167], [-166.3350896819713, 59.775608978003476], [-166.32184911929258, 59.77314036015869], [-166.3005743809428, 59.7600793286373], [-166.29123870006293, 59.74719786330317], [-166.27386886826469, 59.73386749847376], [-166.24213626365912, 59.71708116167563], [-166.19662465732367, 59.703391782846616], [-166.17925485069108, 59.700249905426254], [-166.17696580093437, 59.699801038886065], [-166.15757617941455, 59.69791593761014], [-166.0997216727621, 59.694056065802044], [-166.0778186462789, 59.69495367240488], [-166.0578904780096, 59.69553720955042], [-166.01246858826136, 59.705366628354106], [-165.96480240383275, 59.72296089548482], [-165.92162476899028, 59.747108094958335], [-165.89868945968345, 59.762143973813124], [-165.87804315951576, 59.77601287567008], [-165.8371992508695, 59.797512034270305], [-165.8248563656085, 59.80675798453702], [-165.8030430856581, 59.8090919323012], [-165.79765704979056, 59.811156555038416], [-165.77328544919746, 59.820447382392445], [-165.74658001477226, 59.836021830737764], [-165.73903960573827, 59.84136299226928], [-165.7354937156632, 59.83983695706399], [-165.69904849679247, 59.83507927372281], [-165.65780079334664, 59.83624630432282], [-165.62526037995812, 59.8463899288467], [-165.602145541185, 59.84769151564876], [-165.5604040912638, 59.85285308818875], [-165.54684929395637, 59.85666814125322], [-165.53787261519196, 59.8591367496126], [-165.4954579071305, 59.870178044295386], [-165.4728816198589, 59.886425809887754], [-165.46089777164394, 59.89499848567539], [-165.4451886120714, 59.9164527170358], [-165.43872542720322, 59.931802803647635], [-165.43912940310938, 59.93602184249782], [-165.43333944575454, 59.940599885277614], [-165.41201987689922, 59.95415467882676], [-165.4025496045474, 59.96784405812388], [-165.40245978791114, 59.97044734618406], [-165.40789056595338, 59.972646626141234], [-165.42409348647539, 59.97919952184135], [-165.42952439746094, 59.981398840558874], [-165.43562854623593, 59.98386737750707], [-165.45187626101992, 59.99042035841714], [-165.45223536767432, 59.99266456119461], [-165.45322280560254, 59.999217524919345], [-165.46237891945944, 60.00958552424923], [-165.47965897638355, 60.021614245014604], [-165.4974777575855, 60.027897924188835], [-165.51529636229526, 60.031847645232865], [-165.5273251101084, 60.03386745092004], [-165.53935378529368, 60.03498952456742], [-165.5452334958483, 60.044459813340566], [-165.54698395334356, 60.04728753279205], [-165.55340222036526, 60.05415467733887], [-165.55856391038256, 60.05644369290433], [-165.5666428524937, 60.0587327042967], [-165.56498216392663, 60.06416361696315], [-165.56736094185305, 60.07022289737955], [-165.57027840862577, 60.072781205329306], [-165.57315093961424, 60.07507023498592], [-165.56637352718982, 60.080231875369584], [-165.56017958776937, 60.0894329518317], [-165.55744171258732, 60.09917262660167], [-165.5586984525211, 60.106353952473235], [-165.5616159436825, 60.109226450333395], [-165.56394983778748, 60.112682416146825], [-165.56067338746215, 60.12358908652642], [-165.55968586242068, 60.133328796274974], [-165.562064696761, 60.14019595315226], [-165.56848308110023, 60.14594098812128], [-165.57427298219804, 60.14908276884832], [-165.57714554624462, 60.15078834315326], [-165.5755297007878, 60.158553165414865], [-165.57624791890788, 60.165689620116815], [-165.57921019555462, 60.17170394335796], [-165.5844166344391, 60.176282054249874], [-165.5885009901158, 60.178885332683556], [-165.5788510818633, 60.18808635993006], [-165.57036819097993, 60.19787097154668], [-165.56709159805834, 60.2076106130453], [-165.56659795085065, 60.21564475494176], [-165.57077208474178, 60.224800882159556], [-165.5754848255156, 60.23171291967652], [-165.58131971977778, 60.23682964842653], [-165.588321470534, 60.24140772724154], [-165.5780432543225, 60.25033946787259], [-165.57072726086116, 60.258957085203896], [-165.57018865229514, 60.26411869083026], [-165.57198398930228, 60.26869681550538], [-165.574362800949, 60.27327487541375], [-165.56529636114178, 60.28305946902292], [-165.5613914787279, 60.29226053755241], [-165.5614812615573, 60.299621336691246], [-165.56152614317656, 60.301730897213574], [-165.5668673271255, 60.31120122712125], [-165.5744973623954, 60.32121018358565], [-165.58621197814105, 60.32978289242282], [-165.60021545827288, 60.33893914436373], [-165.6170467845059, 60.34490863708746], [-165.632710982564, 60.34831975733011], [-165.64079002562306, 60.34885831410535], [-165.64949740178662, 60.348813456248365], [-165.64738779675588, 60.36232333876251], [-165.65394075183752, 60.37174882726937], [-165.67149022923806, 60.383463314981704], [-165.69307911048952, 60.393158148338784], [-165.71637354298173, 60.400249683111205], [-165.72000908786376, 60.401147318953846], [-165.7384561414786, 60.40559077373225], [-165.75932678172657, 60.40639867023721], [-165.78248657104575, 60.40487265922563], [-165.7991831927752, 60.401057624538666], [-165.81641830167854, 60.39612039362979], [-165.8238689342914, 60.3929337034557], [-165.82844703141, 60.390061158420615], [-165.84774687518288, 60.39858904989452], [-165.87620283525197, 60.40276316645142], [-165.89936262959753, 60.403211959126196], [-165.91727112525098, 60.400833205556445], [-165.93508978761466, 60.3970180919721], [-165.9494972672871, 60.39378650339623], [-165.9609873444058, 60.38970210849205], [-165.97005380506755, 60.38364291211939], [-165.97629261229665, 60.37870567382024], [-165.98136443035514, 60.37408275410851], [-165.98670553841885, 60.37866080563819], [-165.99725316444542, 60.383777524942836], [-165.99886892658387, 60.384316139061255], [-166.00429979253798, 60.386290950665156], [-166.0095511533954, 60.38768239998405], [-165.99833035241582, 60.40038433962186], [-165.9997665760437, 60.41129100535873], [-166.00578096683086, 60.419594400599316], [-166.02117595107194, 60.430366419585454], [-166.03069122346915, 60.438939078087934], [-166.0397127087318, 60.451237106024934], [-166.0407898294048, 60.45267337478654], [-166.04756727672446, 60.46205397331022], [-166.054209996064, 60.46950464676939], [-166.066014253558, 60.476012661511376], [-166.08486525664503, 60.48593191833035], [-166.09779164321338, 60.49100373291094], [-166.12135547722394, 60.500922870798746], [-166.1371992189063, 60.50599471785525], [-166.15241461724435, 60.510752370070904], [-166.18024223877484, 60.50855307106668], [-166.208608483562, 60.50518682467152], [-166.22929980023326, 60.49930707315932], [-166.24931772883528, 60.49113831432077], [-166.26130154367468, 60.48445077977675], [-166.27095133187055, 60.47861592818641], [-166.27579875929143, 60.4691006234968], [-166.27606812917057, 60.459944434691195], [-166.27633740806797, 60.45159616512967], [-166.29761202901514, 60.44742202346545], [-166.3164630754862, 60.43898396357403], [-166.3340123696461, 60.42906474183263], [-166.3436174237225, 60.42269137382323], [-166.34981128710197, 60.417754139985064], [-166.3714899663217, 60.423903212332476], [-166.38782747184266, 60.4265961380494], [-166.39828524076475, 60.4263269176781], [-166.4028633667677, 60.42619219000467], [-166.41718116597113, 60.43611145498792], [-166.4436173834844, 60.44450457866743], [-166.4779979857563, 60.448768532835814], [-166.50578078191484, 60.44764646957697], [-166.5288507264258, 60.44428023129453], [-166.5459513845905, 60.437502791408136], [-166.56062808665754, 60.42991752272762], [-166.570188236441, 60.422915728170175], [-166.5937520683011, 60.41923533310444], [-166.62014339996256, 60.41295166939525], [-166.64056526426555, 60.40384030476961], [-166.65290812465173, 60.39567159817392], [-166.66632830569793, 60.385797268760285], [-166.70120264537718, 60.389163499773375], [-166.73935345908734, 60.387861883401875], [-166.76327622277282, 60.38126402754959], [-166.78194762572247, 60.37300553585273], [-166.80052934020358, 60.362772154016], [-166.8126029127719, 60.35056387517397], [-166.84469454646757, 60.345043250985185], [-166.86107690204915, 60.33822100971914], [-166.87341984783967, 60.33121921862236], [-166.882755561684, 60.322197677342146], [-166.88594225819114, 60.31757471099388], [-166.9047033884668, 60.312143760828704], [-166.91870709085396, 60.304513622037945], [-166.9297482770784, 60.29549204946648], [-166.9384556377177, 60.28593193937734], [-166.94379676313838, 60.27812227690466], [-166.96798891725473, 60.27749387765769], [-166.98908395477667, 60.27376861820695], [-167.0180786124354, 60.266228202633265], [-167.04473933477448, 60.27789787819201], [-167.06996371620966, 60.28476495606471], [-167.10259386789548, 60.29001634433805], [-167.12054715277958, 60.29122816911115], [-167.13764770442307, 60.2881312268358], [-167.15344664821706, 60.28243107081534], [-167.17911986083897, 60.2866500765939], [-167.20519700395317, 60.28826591894583], [-167.22593312630102, 60.287951709785816], [-167.24141795070912, 60.28629098338762], [-167.25510727780582, 60.28382243983876], [-167.276830853018, 60.28893909576769], [-167.30981997985853, 60.29073447174417], [-167.33670504578402, 60.28741305905895], [-167.3525938548002, 60.283149171245235], [-167.37113060983106, 60.27569858228782], [-167.39182170539766, 60.275070220889155], [-167.4117948587037, 60.27161420880124], [-167.42651651413976, 60.26761957232275], [-167.43769249093293, 60.262861896751865], [-167.4735991865146, 60.26483681465443], [-167.50806949987103, 60.26313127477965], [-167.52938912243735, 60.25527662821408], [-167.540475226344, 60.24935210308754], [-167.55079838922865, 60.240554909289884], [-167.5538503718174, 60.23534851968632], [-167.55676789779082, 60.228077396317886], [-167.55824904096, 60.224352085567574], [-167.56031360238308, 60.20594994112193]]], [[[-154.93370198498533, 57.29468513389335], [-154.931233357137, 57.28238713927745], [-154.92652064256117, 57.277853920178444], [-154.91404307681992, 57.266722858797635], [-154.8712243715603, 57.246480473014905], [-154.8310988131809, 57.23063670871755], [-154.80704132507415, 57.225654658177454], [-154.79860319143899, 57.22753976107911], [-154.781188548921, 57.22026865422364], [-154.76709521073604, 57.214523621453026], [-154.73150273278227, 57.214837786550675], [-154.70955476552788, 57.21609449647826], [-154.6951471917796, 57.215286633642506], [-154.68576657532452, 57.214209445720684], [-154.6797523916907, 57.1980963049753], [-154.65026397933156, 57.17789889614952], [-154.61978821477814, 57.16236927369183], [-154.60111678073426, 57.03638184346531], [-154.62854042872652, 57.00200120634972], [-154.62755301653345, 56.99957757761381], [-154.6239623783733, 56.99087018885739], [-154.61687081426342, 56.979604522681186], [-154.60861226831906, 56.97026875968048], [-154.59555124896391, 56.9609330739823], [-154.5774633119179, 56.95276429404941], [-154.5372478243492, 56.94499943856935], [-154.50241843515988, 56.94078041191624], [-154.4400755454787, 56.92359016005556], [-154.38769673275695, 56.895627849943814], [-154.39321745868338, 56.84903897615629], [-154.39276849612804, 56.83970324391487], [-154.38554234803036, 56.83027782244021], [-154.3671850594215, 56.818338811770914], [-154.31606306049142, 56.786112613377945], [-154.2178134573511, 56.72044835343161], [-154.22530893992337, 56.71358121160588], [-154.2336124180886, 56.7036171197952], [-154.23931264087693, 56.692845121538895], [-154.2386393387106, 56.679604588849806], [-154.23549746339177, 56.673904420963915], [-154.236664548943, 56.66757583881133], [-154.27683508637804, 56.660035460763496], [-154.3053808145695, 56.652001370446776], [-154.32046160235612, 56.64666028056042], [-154.33783135385738, 56.6369205887752], [-154.35210431013422, 56.63252199543045], [-154.36009343658992, 56.63350944855504], [-154.3892228118418, 56.64333884690097], [-154.41503059850024, 56.65168719874837], [-154.42997672041918, 56.654649498550576], [-154.4475261562499, 56.6542454780013], [-154.45892654620835, 56.65307855262891], [-154.47117967538205, 56.655681794503444], [-154.48854944085946, 56.65810547432638], [-154.50753510835514, 56.65882357644448], [-154.52149383723122, 56.65815033852826], [-154.54047947727852, 56.65586128563934], [-154.56381872870384, 56.64975719813333], [-154.59748131060365, 56.63602288925585], [-154.64873797683597, 56.60985593731838], [-154.66871101190398, 56.597827208971204], [-154.6909282380363, 56.58804268600392], [-154.71924953947797, 56.57668717125341], [-154.74411500929887, 56.56640891926832], [-154.75811850547316, 56.55981109542697], [-154.8123824514462, 56.52381465237651], [-154.81826210614798, 56.51613961156223], [-154.8209102774455, 56.51156156151714], [-154.85457268465058, 56.4870103525556], [-154.85811850734973, 56.480098367384365], [-154.86139493864576, 56.47534075910405], [-154.88670910782386, 56.45572670923818], [-154.8938455684211, 56.44473029392302], [-154.89478808746523, 56.43458672706705], [-154.89308260534972, 56.42287216423408], [-154.88904307649588, 56.41259389560714], [-154.88168219099404, 56.401373023552914], [-154.8730196989825, 56.39257592046923], [-154.86292101906676, 56.3838686228662], [-154.83410595787652, 56.373006872908924], [-154.81794794775223, 56.36618460171595], [-154.79492284650107, 56.359272530828335], [-154.76328014404834, 56.35469444188706], [-154.72571278973402, 56.355233064785224], [-154.68904317278992, 56.36268370425107], [-154.65708626162035, 56.37323126703641], [-154.62889948049317, 56.38606788787543], [-154.6063232508944, 56.404649540974546], [-154.58199657880624, 56.42682187471535], [-154.49819941630122, 56.4557715902559], [-154.47324423646984, 56.44778238352782], [-154.4525980069949, 56.44324916409959], [-154.4298870860992, 56.441139665174546], [-154.40318149050967, 56.44167827967473], [-154.37836104135135, 56.4460768609027], [-154.35600909580828, 56.45393139399386], [-154.34056923089983, 56.464389227751134], [-154.32625145307927, 56.46057412408608], [-154.29411509528552, 56.4512384315479], [-154.275039668474, 56.44661539784103], [-154.25376502117302, 56.44392239276445], [-154.23361233878066, 56.4434736055355], [-154.21112589689085, 56.44522408439425], [-154.18819050427743, 56.4489493867913], [-154.16103609364666, 56.456938538146424], [-154.15336113434722, 56.46003554747198], [-154.1310541312709, 56.45348256394154], [-154.10542570937005, 56.45007140696575], [-154.08145804592007, 56.45195651683155], [-154.05789435352236, 56.448455632193394], [-154.03585662873647, 56.448769803941545], [-154.01332522312603, 56.45168724721882], [-154.00277766807756, 56.45052025488116], [-153.99716725746768, 56.45007145881373], [-153.9810093039154, 56.45110373652457], [-153.96691588048137, 56.45294397111624], [-153.9596447802604, 56.45514328915542], [-153.95582970250217, 56.45411095455245], [-153.94995010870608, 56.45352743944658], [-153.9362605459228, 56.453482556513045], [-153.91907037315036, 56.45698346913885], [-153.90466278555982, 56.46196552584132], [-153.88890877098768, 56.470627970403385], [-153.88118886404823, 56.47749515976116], [-153.87149400405062, 56.47857229834394], [-153.84882800771672, 56.486067805871755], [-153.82472561917157, 56.49710916532289], [-153.80659278686528, 56.509362244494085], [-153.79299309950093, 56.52296189503733], [-153.7839268145219, 56.53166924504216], [-153.78002186014217, 56.53651668967615], [-153.77800219283364, 56.54118449509875], [-153.77014755706224, 56.54706426513541], [-153.76242761766505, 56.556758974416276], [-153.75825348901316, 56.56847356517235], [-153.7649411107602, 56.58808753036006], [-153.79088366270184, 56.610125261100556], [-153.81907040061103, 56.616992402008975], [-153.84209538957455, 56.62058305455404], [-153.85547066738565, 56.62044841520915], [-153.86893566487933, 56.61959565035824], [-153.88334312982258, 56.61869797985556], [-153.89779567730386, 56.614927757730094], [-153.90511167495748, 56.61156150112213], [-153.91507563813715, 56.61281825899472], [-153.927104395008, 56.612055256490386], [-153.93464479740535, 56.61156151116667], [-153.96812772410527, 56.6090031790158], [-153.98213124322038, 56.60900318546141], [-153.9813682627772, 56.613850571714266], [-153.98329833945886, 56.62026886009198], [-153.98630550339644, 56.625879304970674], [-153.99977039584056, 56.63494572936233], [-153.98648506290854, 56.63368895665539], [-153.97113491573705, 56.63202831515548], [-153.95704157853106, 56.63332987233461], [-153.93944739260726, 56.63723474812506], [-153.91992300172075, 56.64253100308064], [-153.9130559588592, 56.64683977002563], [-153.90264305529294, 56.653347830461776], [-153.893576590499, 56.66331195137316], [-153.89007570155908, 56.671705158079035], [-153.88159275211345, 56.671749997689496], [-153.8718980230577, 56.67269254447656], [-153.86565919733687, 56.67430838958922], [-153.857400592812, 56.67641788314478], [-153.84012055305394, 56.68328503065805], [-153.83495898856984, 56.68804266021801], [-153.81238267516673, 56.687863103383336], [-153.80044381610503, 56.689927740470836], [-153.78352282549326, 56.69755790907909], [-153.76978849693293, 56.71178589849731], [-153.76058739423334, 56.72453277488288], [-153.7565030999626, 56.73023291247464], [-153.74757126583566, 56.745044433233666], [-153.7496359527071, 56.759092864938474], [-153.75668258376476, 56.770582996566624], [-153.76040780901963, 56.776462724286525], [-153.7424993986197, 56.77587924512287], [-153.71907028584025, 56.77870689836309], [-153.69456408513454, 56.785663794653345], [-153.66601836708398, 56.794864841794606], [-153.64864845880294, 56.80420060005204], [-153.6277328578113, 56.820403405933206], [-153.6151654693253, 56.83440705286169], [-153.61296631445958, 56.83350939789436], [-153.59959105142332, 56.83391332342935], [-153.57750851744183, 56.83669609069617], [-153.54456405772993, 56.84235139365446], [-153.53468983785507, 56.84598691524043], [-153.5265659652472, 56.85132808611689], [-153.52310991540008, 56.85253992537492], [-153.51413328485822, 56.85370685746263], [-153.50134153278822, 56.85666916079491], [-153.48868450705248, 56.86367095292216], [-153.48271499874568, 56.869371123875865], [-153.4763415704491, 56.872557841613485], [-153.4761170927175, 56.872737375451315], [-153.4625624236812, 56.8854842572833], [-153.4509376122463, 56.900340566138816], [-153.44941156535444, 56.913401607588625], [-153.45461800960229, 56.9264177707224], [-153.47037210652053, 56.939344154984575], [-153.47683526327532, 56.9413190417048], [-153.47171861293506, 56.942800180882536], [-153.4675443590808, 56.945089234004115], [-153.46283164873603, 56.94773731081879], [-153.4576700816134, 56.955995869697965], [-153.4573559663781, 56.96021492184314], [-153.45802914321075, 56.961651197632975], [-153.45906149782664, 56.9638055938286], [-153.4569519982509, 56.965286699367304], [-153.449097372272, 56.970807355989635], [-153.4447886573405, 56.96784508106045], [-153.44074902779525, 56.965017415096014], [-153.43917822701917, 56.9639401928678], [-153.4280023107324, 56.95931724633592], [-153.41669164685712, 56.95482891964214], [-153.40452825197139, 56.95078944451681], [-153.38796630819604, 56.9482759336646], [-153.37759828184937, 56.94827596972606], [-153.36485150441285, 56.948545281342824], [-153.35771493846096, 56.94998151647782], [-153.34227511784647, 56.94526874734516], [-153.3200129851116, 56.94095998672288], [-153.30313688155513, 56.94069067131678], [-153.2832535737379, 56.942082052942304], [-153.27432184123364, 56.94271043359372], [-153.25470784140757, 56.9468396612461], [-153.2432176970224, 56.949891773570705], [-153.23877437496049, 56.95231543765002], [-153.22975278501525, 56.95087915308268], [-153.21785866373673, 56.9516870499545], [-153.20556073811437, 56.9532131071195], [-153.19496819103858, 56.95581634583608], [-153.18096455092225, 56.96066375956373], [-153.16911540609976, 56.96703717037105], [-153.15986949288762, 56.97390431344821], [-153.15197007695096, 56.98216281304861], [-153.14685327144613, 56.98750393843906], [-153.14043505513408, 56.99149857868488], [-153.1313686089167, 56.99683965690393], [-153.121539096056, 57.001552440510125], [-153.1185319737346, 57.00420049269618], [-153.11045296748838, 57.01156141567234], [-153.11085699487268, 57.01865293275029], [-153.11144042355906, 57.02251288192053], [-153.10461810268538, 57.02812329898827], [-153.0982897107467, 57.04033155160033], [-153.08940266247237, 57.04275525789508], [-153.06839731575485, 57.046929404086455], [-153.06547987548643, 57.047512877973276], [-153.04761637482565, 57.05195629533379], [-153.02463614618725, 57.05954161338962], [-153.00120707434857, 57.064388976924754], [-152.98397185370598, 57.06645359474446], [-152.95749070057863, 57.06681269296685], [-152.9380113276605, 57.0661843565513], [-152.91987846546755, 57.069595464030876], [-152.9186666713089, 57.069819865475665], [-152.90434883270953, 57.07237825715863], [-152.8768803091313, 57.078841417472184], [-152.85488749505055, 57.08660625571512], [-152.84595573750755, 57.089972446366154], [-152.83415143865508, 57.094415919491354], [-152.80995936433683, 57.10918248964952], [-152.7929486155301, 57.12287195816093], [-152.77737409498147, 57.14145359516014], [-152.7745912793728, 57.15294373099618], [-152.77436692302703, 57.16057393248789], [-152.77544404578296, 57.170941937115515], [-152.77916949199727, 57.1821627550118], [-152.78392699965315, 57.19028666135538], [-152.7851837046518, 57.19244104074275], [-152.7988282788973, 57.201821600630744], [-152.80291265233484, 57.20379647730641], [-152.80928609138883, 57.20689342760467], [-152.81238297939336, 57.20841949862003], [-152.82898986912795, 57.21479290368988], [-152.83563256463924, 57.21735125854591], [-152.82499519775257, 57.21775522398224], [-152.79317308736935, 57.219011935000886], [-152.78258056860793, 57.21941592602735], [-152.77293063954215, 57.219819817111905], [-152.74375655020776, 57.22269233470156], [-152.70448367832813, 57.22475701354906], [-152.7018354847767, 57.22489161633276], [-152.6765662500259, 57.22727048236781], [-152.65964521016176, 57.23027768393971], [-152.65268831841007, 57.23243202840562], [-152.64272421977142, 57.235394298981376], [-152.62293061242636, 57.2460765799051], [-152.60735622682947, 57.256444628559706], [-152.5853185268157, 57.27013397223299], [-152.56265234498275, 57.28561875326078], [-152.5376525062069, 57.300744385008294], [-152.53446571900733, 57.30630991307849], [-152.5287655994534, 57.327315351097845], [-152.52602761922066, 57.32937996722551], [-152.51857696972291, 57.33346433454151], [-152.51130594242179, 57.3370549787215], [-152.4411534098697, 57.37179461999434], [-152.43769742418775, 57.3739490568999], [-152.43240109343998, 57.37677670054652], [-152.4249505486168, 57.38104061671054], [-152.4155699209973, 57.38445174849288], [-152.41332578635692, 57.38400293363571], [-152.40838858070097, 57.38301547516278], [-152.40210493483937, 57.38032247072052], [-152.4007584345446, 57.37830271999191], [-152.40214982082964, 57.37381444572426], [-152.40358607461016, 57.36645350902302], [-152.4021048640845, 57.35630992100915], [-152.4015213881327, 57.35541229027468], [-152.39550713587275, 57.34553793981458], [-152.38316409563956, 57.335394305277696], [-152.3611713915278, 57.32677675398972], [-152.33769731346928, 57.3215702684513], [-152.31489669014223, 57.318563114705356], [-152.29285906181704, 57.319819793204545], [-152.28083027324809, 57.32080725278541], [-152.25847833140915, 57.32341048425447], [-152.22737423948448, 57.332028045829645], [-152.20973522870207, 57.33988261518205], [-152.20448388706188, 57.3422165506874], [-152.18635094679516, 57.35316813169728], [-152.17005833816316, 57.36775518547226], [-152.1596902240719, 57.380412262479254], [-152.15910685466835, 57.38400292417253], [-152.15735636291942, 57.39455051740856], [-152.15650352112877, 57.405861108980204], [-152.16453775355643, 57.41402982203303], [-152.18235625904535, 57.42480182426444], [-152.1964945259846, 57.43211776769797], [-152.21646758319375, 57.43822193327085], [-152.21705115673464, 57.441677924935625], [-152.22243713009712, 57.475295522695355], [-152.21880159896182, 57.47780900431825], [-152.2127871398006, 57.48211780863604], [-152.19945682750532, 57.489209326430554], [-152.19254479985892, 57.492889738905035], [-152.1756238277575, 57.50442480926304], [-152.15264357231962, 57.51860790732607], [-152.1251301162598, 57.53135478154711], [-152.11323603468816, 57.54055585918898], [-152.10511218683786, 57.54585200933227], [-152.0962701428089, 57.552539636150385], [-152.08083033157416, 57.56043908417594], [-152.06350530768268, 57.57121111516281], [-152.05641387467756, 57.579514526696606], [-152.05547130732486, 57.58638169759301], [-152.0512521713822, 57.59544809371841], [-152.05349644568426, 57.6036617021075], [-152.04514812563116, 57.61052884100795], [-152.03100991292982, 57.62861683995023], [-152.03168310117047, 57.643383406865595], [-152.03253594432618, 57.64612137019296], [-152.03486987642927, 57.65330260595549], [-152.04609070635928, 57.665376214350275], [-152.06238332766512, 57.67543015083865], [-152.07472622601915, 57.68171375660945], [-152.07849642146311, 57.68512489894787], [-152.0797980012706, 57.68629190309506], [-152.09074951551784, 57.72044803108243], [-152.1163330590166, 57.79172268482682], [-152.11992367029129, 57.80164190435236], [-152.12100083348122, 57.80455933609637], [-152.12409786544436, 57.81174062907116], [-152.13356812905283, 57.82516075064547], [-152.13688961456702, 57.8287065221545], [-152.13796679897183, 57.82982859302808], [-152.1419164543135, 57.83243186690138], [-152.14384648985543, 57.833733452446516], [-152.16112649140024, 57.842934559849034], [-152.1824012386401, 57.84993629554568], [-152.20488779651683, 57.85343723795246], [-152.22656645039814, 57.85734207819421], [-152.2277782223513, 57.85770112221682], [-152.2552467942632, 57.86627387766426], [-152.25529165286076, 57.86649823794883], [-152.25636896598448, 57.868607772882754], [-152.25592008961283, 57.86928105325098], [-152.2520600298956, 57.874891462333586], [-152.24676384818028, 57.88198299063148], [-152.24236528249028, 57.88772808606104], [-152.23760764211056, 57.893877035814036], [-152.22885536127916, 57.9044695230177], [-152.22504032754597, 57.91726129112501], [-152.22019297481233, 57.93023255397404], [-152.22764351842585, 57.94051078734756], [-152.2323562810751, 57.94612125755842], [-152.23558787179968, 57.94993632649591], [-152.24469929377327, 57.95756647567693], [-152.24977105496185, 57.9607532105903], [-152.25618928614233, 57.964792656563986], [-152.26206907787562, 57.968742442707395], [-152.2656149194739, 57.97112119647034], [-152.28163808686804, 57.974936297056765], [-152.29707799578983, 57.97237791619869], [-152.30443886667106, 57.974487460522155], [-152.31170999352292, 57.97655213405973], [-152.3166472147439, 57.979604129021574], [-152.317365297348, 57.98072627207853], [-152.31978898580672, 57.98445152508698], [-152.32010312607807, 57.984945280199724], [-152.32414263324932, 57.99212657560777], [-152.3269254074759, 57.99571721717536], [-152.3296633836187, 57.999263028927366], [-152.33343343456556, 58.00186628133137], [-152.3401660179288, 58.00568135417188], [-152.34622517139036, 58.0091373484697], [-152.35870277490548, 58.01402965036336], [-152.37499541268573, 58.01739584969719], [-152.38015705868153, 58.01842821370312], [-152.38639569200933, 58.02170470827327], [-152.3919164386643, 58.02457718620212], [-152.40183565819666, 58.030681324634365], [-152.41444788736345, 58.03656105068862], [-152.42288595658655, 58.038670562856524], [-152.43998634380532, 58.0429793540123], [-152.4588822317287, 58.04630074893607], [-152.47450168713246, 58.045447923359134], [-152.4533616981966, 58.05927200026666], [-152.41363986673244, 58.05819482734319], [-152.40973506959475, 58.05859871001287], [-152.4042144428408, 58.05922714149788], [-152.39748197769447, 58.05666878616693], [-152.38258075387247, 58.05240486077618], [-152.37050713772467, 58.05065441680532], [-152.36063279539474, 58.049218118500946], [-152.34496843446158, 58.04800626662431], [-152.32526472380187, 58.047916566900206], [-152.31229342040626, 58.049622115164], [-152.29258968541598, 58.05586084034563], [-152.27952861088403, 58.0624138011934], [-152.27508515991696, 58.06465797954728], [-152.27118040329987, 58.067979366988276], [-152.27041732527093, 58.06928097740635], [-152.26072255627594, 58.07336532128387], [-152.2486040270631, 58.07565440975726], [-152.17311043909655, 58.08611218621307], [-152.12746414812784, 58.092036771191026], [-152.08774243245506, 58.09827557460046], [-152.0552468279934, 58.104514325476664], [-152.03352336055346, 58.11178543714473], [-152.01871190677113, 58.12098647824276], [-152.00919665716984, 58.126417359821296], [-151.98841567772376, 58.13826661451817], [-151.96637792087344, 58.15375128838253], [-151.96565973431817, 58.152180410523826], [-151.95986984046297, 58.146525115443175], [-151.95461857562637, 58.14127378450108], [-151.94537256073497, 58.13243176898125], [-151.93428639378766, 58.125878838051804], [-151.93397217302484, 58.12569928653016], [-151.90820922049284, 58.11721628692459], [-151.88419661940975, 58.11295240807358], [-151.8693402489552, 58.1112468205904], [-151.86103693167044, 58.11061845957315], [-151.8594210741268, 58.11084288856331], [-151.8416921746719, 58.11313195974513], [-151.8202827955564, 58.11811395297647], [-151.80255394536508, 58.12215352176534], [-151.78217694915747, 58.128751351633085], [-151.76399922361773, 58.1366059452752], [-151.74716799074244, 58.1471086295794], [-151.73464555414316, 58.15675846403377], [-151.725758681077, 58.164433512649865], [-151.71565991602654, 58.175519702084685], [-151.7065934369056, 58.187817739589775], [-151.70291306246114, 58.20007087825093], [-151.69833497810987, 58.21542097209214], [-151.70143184937555, 58.222512506237926], [-151.69761681172798, 58.226866226111014], [-151.69052527875527, 58.235124698311644], [-151.69178195323775, 58.24589668776818], [-151.69658451550572, 58.25976561274129], [-151.7050226012024, 58.270492750061976], [-151.72521999528587, 58.28754840911615], [-151.7400763828535, 58.297377792198866], [-151.7552020846353, 58.30339220104678], [-151.74927756188055, 58.305636347275794], [-151.73603696837137, 58.311830246702186], [-151.72082147778755, 58.32255741126484], [-151.7072666378984, 58.33135451174226], [-151.70228476850593, 58.341498089747766], [-151.70403510824767, 58.35734190848061], [-151.71278739559168, 58.373993602042944], [-151.728675991454, 58.38620188922058], [-151.75048928379974, 58.394639940720985], [-151.77212307656302, 58.39854476440131], [-151.7950135685327, 58.400609411376934], [-151.8239632471801, 58.398858933522654], [-151.85452883901348, 58.39145322001256], [-151.87683573924653, 58.37942452626592], [-151.89523792855894, 58.371704534143554], [-151.9035413309519, 58.376731533141985], [-151.912921914395, 58.38234192014101], [-151.93231147389014, 58.390645330105535], [-151.9624731358466, 58.39998107161031], [-151.99927741930998, 58.40774582141727], [-152.02427733335733, 58.412638153162746], [-152.02822720314288, 58.415465776463], [-152.03846042586952, 58.42300617653079], [-152.05197042442725, 58.43126471639123], [-152.07189850929615, 58.44001695207374], [-152.1033168482911, 58.4471982483848], [-152.1263419700602, 58.44957703995746], [-152.1504443008872, 58.44885892394796], [-152.1732899003, 58.449711725511065], [-152.1820422199199, 58.45195590008475], [-152.18190746970174, 58.45788045899777], [-152.17881047344287, 58.45711747178467], [-152.1641786667633, 58.457476512532274], [-152.144384997399, 58.45770094886431], [-152.12759872136, 58.46070808671977], [-152.11624327902484, 58.46272788350313], [-152.09110856883063, 58.471749394209404], [-152.0798429241877, 58.478571665672106], [-152.0678141744924, 58.488625496478285], [-152.0609021269446, 58.50083382859506], [-152.0618447661995, 58.51075300830296], [-152.06548028279877, 58.52677632915826], [-152.07822715481308, 58.53696485686329], [-152.08994165760237, 58.54513362451951], [-152.09245507655655, 58.54908333607103], [-152.11346053317524, 58.56165067067856], [-152.13864002053722, 58.57040284593906], [-152.1536759290368, 58.57336517977036], [-152.17068672941267, 58.5745321705325], [-152.18280511048215, 58.573993545699544], [-152.1804263575418, 58.58485527468295], [-152.17903497467105, 58.59342801795602], [-152.18024685160904, 58.60159680322908], [-152.18087522007366, 58.6058157923451], [-152.18931327076493, 58.620268206995256], [-152.20179076457907, 58.63045671382601], [-152.2116201963933, 58.63723407004484], [-152.21283214697104, 58.64329333792386], [-152.21292188981903, 58.64863447747733], [-152.22719470135863, 58.66335618913226], [-152.23522878074294, 58.66959497775047], [-152.24770641318904, 58.68072602909886], [-152.26135093522336, 58.685977311736366], [-152.26803846896522, 58.68858058606823], [-152.29088416761843, 58.695133522818196], [-152.31260754011538, 58.700429794302494], [-152.34263449030587, 58.70137233396168], [-152.36857709412237, 58.696614695399056], [-152.3847800063151, 58.69042084081307], [-152.38253573440485, 58.69603120328274], [-152.38092006924984, 58.701013239946846], [-152.3807852894063, 58.71124667704926], [-152.3861265261245, 58.7196398449691], [-152.3929935637805, 58.730456713397686], [-152.40919644437622, 58.741857025585695], [-152.43455557416732, 58.75078884923184], [-152.45600976110288, 58.75487324110676], [-152.4735590779049, 58.757252017653535], [-152.49730233792422, 58.755322060526424], [-152.50834370624673, 58.751462083380204], [-152.5113059491553, 58.75119274802947], [-152.5249504859862, 58.74858958744217], [-152.545551926753, 58.742440565401445], [-152.56022883017454, 58.73570803119876], [-152.5745913828515, 58.725339991383706], [-152.57634185763965, 58.723724238171705], [-152.59012103064768, 58.711246642246], [-152.6012520432144, 58.70078887767231], [-152.61000434149474, 58.6922610416829], [-152.61646752368986, 58.68992705900279], [-152.6329845912685, 58.68202759383952], [-152.65228439560224, 58.67121077663437], [-152.67391810442618, 58.66088757183756], [-152.67858597669567, 58.65855367040737], [-152.69842437385054, 58.648634483486326], [-152.71907068187576, 58.63539386031368], [-152.73293972361924, 58.62242259852149], [-152.73464526273779, 58.61111204120088], [-152.74218562269888, 58.60348185260732], [-152.7572214933519, 58.595223355486105], [-152.76754460473748, 58.58660578012555], [-152.77306533670986, 58.57421798133482], [-152.77508505281745, 58.55904737458841], [-152.7751299559335, 58.54939747934847], [-152.7784063552224, 58.5489037881225], [-152.7880114263851, 58.54800610198313], [-152.79662911464297, 58.5468840194179], [-152.81969911585273, 58.5426649848668], [-152.8333435272931, 58.53831128935759], [-152.84689835433704, 58.531489047493004], [-152.86175465195217, 58.5200437989875], [-152.87135964452997, 58.506937937582926], [-152.87661111749625, 58.49410128381896], [-152.88087495721047, 58.48979253797644], [-152.8908840028059, 58.487997156850895], [-152.9007133050838, 58.484002552744535], [-152.92230217849166, 58.47219823327697], [-152.94079412190567, 58.45761113386157], [-152.97068649590554, 58.435573481637256], [-153.04101856615293, 58.38781765502208], [-153.12306513462212, 58.330232400418694], [-153.18531834249387, 58.2829703313723], [-153.20004000884774, 58.26627369744841], [-153.2018801945615, 58.265510700586844], [-153.22126986596544, 58.25725218987946], [-153.2488281012944, 58.249083424344924], [-153.27135957806976, 58.23849098221103], [-153.28819080880692, 58.22551969000118], [-153.3008478762937, 58.21138149988516], [-153.31027348054587, 58.19679436532392], [-153.3146719658227, 58.193024174388114], [-153.32360369594292, 58.191363482368864], [-153.34187126523506, 58.18723421715426], [-153.36745467586445, 58.179289949220674], [-153.38612613507888, 58.16645330256015], [-153.40641339848796, 58.15146226374344], [-153.42477061392066, 58.1360224268308], [-153.4310094654934, 58.12821275586963], [-153.43980654288941, 58.124173231524075], [-153.44891795278477, 58.119864430374065], [-153.47019249010506, 58.108688528399746], [-153.48679934391345, 58.09464004028409], [-153.50012968721754, 58.07955924060488], [-153.5065928407175, 58.06622889737981], [-153.50515663197925, 58.053257604968515], [-153.50475271091335, 58.04033121961546], [-153.49671858930216, 58.02776392660713], [-153.48747267264443, 58.02228813945461], [-153.48020154047376, 58.0188321217022], [-153.48329853296977, 58.018473052779306], [-153.4931728517154, 58.0164981902281], [-153.4973470030801, 58.015780076997636], [-153.51175446053475, 58.01340127350694], [-153.5389536905731, 58.00738688837904], [-153.54837917040095, 58.00460413099969], [-153.5544833611394, 58.00280881715074], [-153.56498610695445, 57.999307915944385], [-153.63437569219465, 57.97134560827594], [-153.6794384504406, 57.95972089736639], [-153.69609004703258, 57.95541207845523], [-153.74487825078057, 57.94001712987026], [-153.7731547265023, 57.92565446241371], [-153.78661969415822, 57.917710067901155], [-153.8245910550717, 57.927000929477025], [-153.84030019615318, 57.92731512746607], [-153.87055150880303, 57.92879630956706], [-153.89487817996914, 57.92327562737868], [-153.91714034726252, 57.916543167677574], [-153.93226599536635, 57.90918231653989], [-153.9415118905593, 57.90043003302577], [-153.94451913895193, 57.89235102492373], [-153.94344201379405, 57.88566340189545], [-153.95654783801587, 57.88198298764214], [-153.96857657100793, 57.87489145860548], [-153.97221206954057, 57.867710110077105], [-153.9782713523479, 57.86147134052475], [-154.00187993128625, 57.85110329309914], [-154.00381000595053, 57.850250492877024], [-154.10587452756434, 57.78858083709128], [-154.12840592849008, 57.77067247511549], [-154.2047524900758, 57.73292562872043], [-154.24007553392764, 57.71546598720362], [-154.26624249190877, 57.7159597355653], [-154.29815455867993, 57.70613030761887], [-154.32975237386225, 57.69315903781362], [-154.3647165031429, 57.69302437088337], [-154.4069965039327, 57.6905108792008], [-154.4199678077158, 57.681713782996525], [-154.42997676016475, 57.675250558729516], [-154.43908808892965, 57.66847315717213], [-154.48091937885226, 57.631848452791466], [-154.5104974769766, 57.63202794107765], [-154.51749928800444, 57.63023261864531], [-154.5373824069196, 57.62507107500392], [-154.57275062340878, 57.620582701057536], [-154.5890431297334, 57.61286276004683], [-154.60686184595517, 57.60325777324286], [-154.61633223536967, 57.59378738546598], [-154.61866609495735, 57.58817695514428], [-154.62517419156154, 57.57291662660409], [-154.6380108260051, 57.568159026683105], [-154.6715835081638, 57.55716260465116], [-154.69492281712004, 57.54594181269292], [-154.7031365021464, 57.54203702026999], [-154.72297492195852, 57.52794362039525], [-154.74568588296972, 57.50711780790904], [-154.74990480629148, 57.49239605237477], [-154.75277746507157, 57.487189596035876], [-154.76588325484957, 57.48095084014576], [-154.79016518316968, 57.46142662700033], [-154.8037199523007, 57.44401188653697], [-154.8124272921861, 57.43171381592036], [-154.81691565353566, 57.42426322413895], [-154.8176336655097, 57.41806933713812], [-154.81538965900324, 57.41277308789767], [-154.82526392401, 57.4086887349798], [-154.85389942543407, 57.39639073080243], [-154.8886391914306, 57.38193828177181], [-154.8926337738844, 57.37744994608635], [-154.90178990169142, 57.36717170880902], [-154.91556916457088, 57.349891584185194], [-154.91444698677634, 57.34244094482952], [-154.91031777380505, 57.33508013595233], [-154.92647576231252, 57.316408706362076], [-154.93118852875244, 57.30218065444128], [-154.93370198498533, 57.29468513389335]]], [[[-146.50830068760294, 59.38983712232336], [-146.50825588581978, 59.38898427954148], [-146.5082109833219, 59.388131512814375], [-146.50816609062713, 59.387233871844394], [-146.5080314218109, 59.3863810593323], [-146.50789676122415, 59.38552825356776], [-146.50776201116537, 59.38463064378682], [-146.50753774103256, 59.383777832638955], [-146.50731323794358, 59.38292505629028], [-146.50704398874112, 59.38207224202401], [-146.50677465825123, 59.381174624784315], [-146.50646057803564, 59.38032184809201], [-146.5061463736929, 59.37946903658476], [-146.50574245852792, 59.378661157182634], [-146.50533843292558, 59.377808364634035], [-146.50493442852485, 59.3769555776241], [-146.50448558956697, 59.37610281994552], [-146.50399201102792, 59.37529489781104], [-146.5034533705734, 59.37444215584395], [-146.50291470682737, 59.37363418340067], [-146.5023312688417, 59.37278147279915], [-146.5017478079394, 59.371973530546555], [-146.5011194206434, 59.37116568314775], [-146.50044617777348, 59.37035775051712], [-146.4997729478791, 59.36959469355907], [-146.49905481604395, 59.36878685574684], [-146.49833668130594, 59.36797890945149], [-146.49757360877413, 59.36721592736123], [-146.49676568881216, 59.366452856106406], [-146.49595784050555, 59.365689894634514], [-146.49514988633885, 59.36492689191399], [-146.49425224748225, 59.36416381792304], [-146.4933546559683, 59.36344572304613], [-146.49245698861418, 59.36268271440209], [-146.4915143494223, 59.36196455160564], [-146.4905269095394, 59.3612464036393], [-146.48953951237283, 59.36057323125907], [-146.48855200875133, 59.359855034061155], [-146.48747487278501, 59.35918184529569], [-146.4864426125857, 59.35846365525574], [-146.48536537651924, 59.35783528184242], [-146.48424338323966, 59.35716204889317], [-146.48312118543228, 59.35648883689513], [-146.48195425687405, 59.35586043017212], [-146.480787262949, 59.35523208376926], [-146.4795753358115, 59.35460370096511], [-146.47836354158747, 59.3540202157348], [-146.47710686338934, 59.35339182526441], [-146.47585007054525, 59.35280835898439], [-146.47459331592907, 59.35222488123853], [-146.47329171577366, 59.35168626815536], [-146.47199010402386, 59.351102845992884], [-146.470643608913, 59.35056417565084], [-146.4692971263608, 59.35007046585935], [-146.467905667587, 59.34953191357595], [-146.46651442756158, 59.34903818188507], [-146.46512297621405, 59.348544462528096], [-146.4636867336755, 59.34805073392508], [-146.462250492252, 59.347601961828886], [-146.4608142454852, 59.34715306210864], [-146.45933310111178, 59.346704218761], [-146.45785188401632, 59.34625542577783], [-146.45637086597716, 59.34585144847276], [-146.45484470264, 59.34544755211636], [-146.4533186722008, 59.345043566143865], [-146.45179262228825, 59.34468453183684], [-146.4502217742188, 59.34432547751924], [-146.4486508100533, 59.34396636003848], [-146.44707981648128, 59.34365219198468], [-146.44550898433857, 59.343338042373794], [-146.4438932101742, 59.34302382738052], [-146.44232232248027, 59.34275449307652], [-146.44070648328366, 59.342440299924576], [-146.43927017085062, 59.34221594295232], [-146.438686740217, 59.342036409549415], [-146.43725040295686, 59.34158755927871], [-146.4358142375971, 59.34113873247025], [-146.4343330377565, 59.34068991028274], [-146.43285186969862, 59.3402410693164], [-146.4313707627228, 59.33983711016926], [-146.4298447598036, 59.339433193040044], [-146.4283186444542, 59.33902921442745], [-146.4267927214965, 59.33867015635078], [-146.4252217590285, 59.338311095630665], [-146.42365082133813, 59.337952012714055], [-146.42207992529038, 59.33763780709966], [-146.42050894526358, 59.337323648041256], [-146.41893812663054, 59.33700950745404], [-146.41732223992648, 59.336740148061736], [-146.4157065385155, 59.336426016681095], [-146.41409069340475, 59.33620150774074], [-146.41242997089296, 59.33593223950125], [-146.41081432963597, 59.33570783214064], [-146.40915363808935, 59.33548341156238], [-146.4074928518018, 59.33530393240559], [-146.4058321828476, 59.33507945989777], [-146.40417155553786, 59.33489996960694], [-146.40246596895997, 59.334765290397414], [-146.40080534400306, 59.33463064485413], [-146.3990996597742, 59.334495979883876], [-146.39743893732992, 59.3343613500352], [-146.39573338272228, 59.33427156886037], [-146.3940279678273, 59.33418180078767], [-146.39232228384105, 59.33413693026474], [-146.39061673506492, 59.33409207272457], [-146.38895610381093, 59.33404714360715], [-146.3872504394773, 59.33400229974108], [-146.3855449834401, 59.33400229709878], [-146.38383927193715, 59.33400229431221], [-146.3821337597695, 59.33404713263039], [-146.3804282691999, 59.33409205287537], [-146.37872262332795, 59.33413690387138], [-146.37701710370166, 59.33418176774458], [-146.37531156067362, 59.334271610758826], [-146.3736507837701, 59.33436134765244], [-146.37194525840093, 59.33449596322798], [-146.3702397456697, 59.33463066076105], [-146.36857913669883, 59.334765295490655], [-146.36691840046697, 59.334899972566134], [-146.36521276005232, 59.335079484476786], [-146.36355210078915, 59.33530387436056], [-146.36189136811336, 59.33548340927273], [-146.3602756143521, 59.335707825173074], [-146.35861490014653, 59.335932246309945], [-146.356999157424, 59.336201550131655], [-146.3553833466433, 59.33642600028143], [-146.3537227775929, 59.33674015226781], [-146.35215175925597, 59.33700942216098], [-146.35053597867815, 59.33732367554268], [-146.3489649528546, 59.33763783701215], [-146.34739403058262, 59.33795201624298], [-146.3458232332011, 59.33831104259445], [-146.34425228979964, 59.33867011484891], [-146.34272627799064, 59.33902925078506], [-146.34120024169388, 59.339433194710374], [-146.33967416160374, 59.339837117146196], [-146.33819311764776, 59.34024103787466], [-146.33671183148084, 59.34068990664974], [-146.33523074477404, 59.34113872767915], [-146.33379444882263, 59.34158757845316], [-146.33235821320898, 59.34203634164419], [-146.33217869278758, 59.34208121943275], [-146.3306526599408, 59.342485208047805], [-146.32917152734777, 59.342889157806496], [-146.32764554846236, 59.3432931452524], [-146.32616433059064, 59.343697054026414], [-146.32468324131895, 59.344145925351455], [-146.3232469124062, 59.344594720913015], [-146.32234920457987, 59.34490891510182], [-146.3205988664003, 59.34490893428598], [-146.318893338633, 59.34486403816325], [-146.31718770516298, 59.34490895634781], [-146.31548203917455, 59.34490890459001], [-146.31377651977206, 59.34495380757108], [-146.31207098590147, 59.34499868237013], [-146.310410257963, 59.345088420376015], [-146.30870472916536, 59.345133349683174], [-146.3069991637963, 59.34526802411718], [-146.3052935703554, 59.34535772863249], [-146.30363294774398, 59.34549245065942], [-146.3019273148525, 59.34562704134375], [-146.30026674972297, 59.345806582141265], [-146.29860591209376, 59.34598612412079], [-146.29694529325045, 59.34616561168912], [-146.29528468343165, 59.34634518279416], [-146.29362389540896, 59.34656962814755], [-146.29196332185825, 59.34679401921423], [-146.2903475169977, 59.347063284374435], [-146.28873171370634, 59.34733263476446], [-146.28711587612233, 59.34760196023112], [-146.2855001091646, 59.34787119181413], [-146.2838841797482, 59.348185409985454], [-146.2823134162031, 59.34849957877185], [-146.28074244740498, 59.348858625801306], [-146.27917150257522, 59.34917281697219], [-146.27764555486155, 59.34953186401745], [-146.27607457250986, 59.34993582663485], [-146.27454857832353, 59.350294939791866], [-146.2730674341761, 59.35069887162416], [-146.27154142482655, 59.351102816685696], [-146.27006015432804, 59.3515516512625], [-146.26857908352412, 59.352000438254855], [-146.26714282792062, 59.35244928411376], [-146.26570652790946, 59.35289811139876], [-146.264270275654, 59.353391905733076], [-146.26287890826367, 59.35388558333271], [-146.26148749451465, 59.35437924395088], [-146.26009612121635, 59.354917873785965], [-146.25874966944374, 59.35545650051121], [-146.25744800116874, 59.3559950846744], [-146.25610145413484, 59.356533681221435], [-146.25479987747767, 59.357117154479155], [-146.2535431837648, 59.357655752647226], [-146.2522863816536, 59.35823928395653], [-146.25102967639833, 59.358867611216894], [-146.24981786048832, 59.35945106594579], [-146.2486060710017, 59.360079497298926], [-146.2474390362684, 59.36070778462495], [-146.24631700511173, 59.361381069608015], [-146.24514991204893, 59.3620094477933], [-146.24407276921366, 59.36268273498409], [-146.2429507016482, 59.363355925234686], [-146.24191845205326, 59.364029217837974], [-146.24088601823328, 59.36470246258349], [-146.23985381227197, 59.36542055318541], [-146.23886630299546, 59.36613868772707], [-146.23787889070923, 59.36685685839276], [-146.23693628456132, 59.367575005840756], [-146.23603873372107, 59.3682931036866], [-146.2351410578858, 59.369056148562684], [-146.23428828027303, 59.36977422289954], [-146.23343551852432, 59.37053728692016], [-146.23262757287728, 59.37130033272642], [-146.23181969519445, 59.372063308287295], [-146.23105654754661, 59.37287121910947], [-146.230338454402, 59.37363420377564], [-146.22962048222615, 59.374442113517254], [-146.22894709094965, 59.3752500371093], [-146.22827391356753, 59.37605793439014], [-146.22764556770977, 59.37686581911306], [-146.22737618510916, 59.37722489800038], [-146.22629907284283, 59.37785326849325], [-146.22526679130308, 59.378526503508034], [-146.22418960525346, 59.3792446299554], [-146.22320199764215, 59.37991790859632], [-146.22221459832093, 59.380636040142626], [-146.2212271551803, 59.38135416654404], [-146.2202846806438, 59.382072318504534], [-146.2193868963814, 59.3828353017923], [-146.21853422785918, 59.383508580213594], [-146.2178160671435, 59.38359835807411], [-146.21615531329698, 59.383867607785454], [-146.21453968702895, 59.384092018145004], [-146.21292377643113, 59.38436131867733], [-146.21130797245485, 59.384630635612375], [-146.20969213423987, 59.38489992764151], [-146.2080763881085, 59.385214123980425], [-146.20650548176408, 59.38552829104902], [-146.2049346605505, 59.385887364242826], [-146.20336357271208, 59.38620155366684], [-146.2017928120199, 59.38656062187291], [-146.20026662038947, 59.386964581227986], [-146.19874065777276, 59.38732360290487], [-146.1972146624107, 59.38772760183183], [-146.19573358135426, 59.38817639948989], [-146.19420749736014, 59.38858035628882], [-146.19277124591392, 59.38902922513709], [-146.19129006435443, 59.38947807332451], [-146.18985379051034, 59.38997172510532], [-146.1884175441292, 59.39042057914023], [-146.18702609985985, 59.39091430852664], [-146.18563485539912, 59.39140799340745], [-146.18428830407723, 59.39194662570502], [-146.18289691900574, 59.392485167948855], [-146.18159530337275, 59.3930238166346], [-146.18024874870076, 59.39356244414731], [-146.17894709289408, 59.39414588609513], [-146.17769042311195, 59.394729363731734], [-146.1764337056852, 59.3953128287161], [-146.17517694061294, 59.395896281046994], [-146.17396510796257, 59.39652466389802], [-146.17275328643876, 59.397108143366566], [-146.1715862572988, 59.39773651460217], [-146.17041925935058, 59.39840980994506], [-146.1692972830277, 59.399038145680976], [-146.16817509083404, 59.39971143454497], [-146.16709800102166, 59.40038470021355], [-146.16602072479225, 59.401057916966344], [-146.16498844980103, 59.40173118131226], [-146.16400107266315, 59.40244927874513], [-146.16296863828663, 59.403167425261536], [-146.1620262224693, 59.40388556841919], [-146.16108362410964, 59.40460366590556], [-146.16014112502347, 59.4053218004953], [-146.15924341979223, 59.406084842924045], [-146.15839058646327, 59.40684789918898], [-146.1575378981285, 59.40756598809532], [-146.1567300082086, 59.408328988478786], [-146.15596691709948, 59.40913690235059], [-146.1552038710949, 59.40989991887524], [-146.15444079017485, 59.41066293477085], [-146.1537227573277, 59.411470839360355], [-146.1530494706871, 59.41227872234764], [-146.15237629289686, 59.413086648046395], [-146.15174786596862, 59.41389455336609], [-146.15116443974827, 59.414702411711545], [-146.15058088064305, 59.41551034137124], [-146.15004223875852, 59.41636312508465], [-146.14954858772765, 59.417171032871316], [-146.149054930021, 59.418023775883405], [-146.1486060225871, 59.41883167065181], [-146.1481572506792, 59.419684443175505], [-146.14775328493633, 59.420537310694755], [-146.14739430431442, 59.42139002578865], [-146.1470352013396, 59.422242815067136], [-146.14672087726927, 59.42309559031968], [-146.14645172304043, 59.42394836597269], [-146.14618231014862, 59.42480117499888], [-146.14595793078243, 59.4256539435366], [-146.14577839014723, 59.42655164494811], [-146.1455987935762, 59.42740440751017], [-146.145464133193, 59.428257199154004], [-146.1453744248254, 59.42915485649015], [-146.14528470101862, 59.430007684465544], [-146.14523979281708, 59.43090533766168], [-146.14519497700823, 59.431758091989416], [-146.14523977753745, 59.43261081601135], [-146.1452847710337, 59.43350853677655], [-146.14532957919837, 59.43436127479409], [-146.14546419151594, 59.43521413417502], [-146.14559893086982, 59.43611177072684], [-146.14573352430065, 59.4369645336242], [-146.14591308223922, 59.43781732592575], [-146.14613748122926, 59.438714946434864], [-146.1464068374338, 59.43956775586107], [-146.14667606733994, 59.44042053014983], [-146.14699027271067, 59.44127333300224], [-146.1473493157233, 59.44212612263125], [-146.14770837778957, 59.44297891806155], [-146.14811228177086, 59.44383169970612], [-146.14851620693744, 59.44468448685084], [-146.14896506514194, 59.445492347367505], [-146.14945882614538, 59.44634514617805], [-146.14995245137402, 59.44715306430708], [-146.15049109046691, 59.44800585177135], [-146.1510746698842, 59.44881370918298], [-146.15165817166044, 59.44962163866381], [-146.15228653223886, 59.45042955005793], [-146.15295975452548, 59.45123744259169], [-146.15363300858144, 59.45204533728317], [-146.15435112819472, 59.45285321200449], [-146.1550692540451, 59.4536162414689], [-146.1558321701085, 59.45442416515135], [-146.15659519769588, 59.455187173390854], [-146.1574480746401, 59.45595017652337], [-146.15825600916637, 59.45671316094461], [-146.1591536596013, 59.45743135856395], [-146.16000639961032, 59.45819438564986], [-146.16094892808613, 59.4589124438852], [-146.16189152999425, 59.45963060921065], [-146.16283402859332, 59.46034872990572], [-146.16386639249004, 59.46106683661128], [-146.1648538479295, 59.461785033873355], [-146.16588610939536, 59.46245823911277], [-146.16664909086225, 59.462951978322494], [-146.1666042338079, 59.46326616936875], [-146.16651456777748, 59.46416380029815], [-146.16642460847024, 59.46501661429051], [-146.16637974196058, 59.46586938033095], [-146.1663798041466, 59.46676708886239], [-146.16637978871378, 59.46761984169515], [-146.16642476849947, 59.468472615646334], [-146.1665145441324, 59.46937029182015], [-146.16660424630504, 59.470223011183464], [-146.1667388904699, 59.47112067482176], [-146.16687349861905, 59.47197349116529], [-146.16709797248805, 59.47282630105681], [-146.1673223177452, 59.47367907598725], [-146.16754686266708, 59.47457675459279], [-146.16781609495922, 59.47542951522545], [-146.1681303457862, 59.47628229585643], [-146.16848937159207, 59.477135123626475], [-146.1688483808245, 59.477987846851406], [-146.16925231053574, 59.47884065806549], [-146.16965631790694, 59.47964854785036], [-146.1701500250519, 59.480501312725366], [-146.17059888877938, 59.48135411103839], [-146.17113746433762, 59.48216199769339], [-146.17167601237665, 59.483014816317116], [-146.17221464063553, 59.48382271058238], [-146.17284293495769, 59.48463061828173], [-146.1734713647342, 59.48543845973433], [-146.17409971879198, 59.486246372788976], [-146.17477297846423, 59.48705425815843], [-146.1754912303138, 59.48781729490898], [-146.17625420319672, 59.488625190931764], [-146.17701715195025, 59.489388225720326], [-146.17778019501822, 59.4901961233041], [-146.1785880921119, 59.49095912702446], [-146.1794408424689, 59.49167723487371], [-146.18029358622553, 59.49244027344028], [-146.18119139117235, 59.49320331930294], [-146.18213391038225, 59.49392142436033], [-146.18280706437955, 59.494460022866676], [-146.18303154558157, 59.49468449344343], [-146.18383951857825, 59.49544744977659], [-146.18464742123814, 59.496210474668175], [-146.18550014075493, 59.496973533290614], [-146.18635286156243, 59.497736480497785], [-146.18725054405618, 59.498499501410905], [-146.18814818993852, 59.49921765403053], [-146.18909076263654, 59.49993576786172], [-146.19007815896964, 59.500653910669406], [-146.19106559478442, 59.50137204944116], [-146.1920978574266, 59.50209021553448], [-146.19313018443987, 59.502763439734515], [-146.1941625496696, 59.50343665843087], [-146.1952846735285, 59.504109973067045], [-146.19636190691043, 59.5047832094515], [-146.19752877913223, 59.50541155941573], [-146.19865088344937, 59.50608481040863], [-146.19986276894127, 59.50671321288166], [-146.2010297607998, 59.50734153651876], [-146.2022865312089, 59.50792500748223], [-146.20349829002024, 59.508553407629066], [-146.2047551385611, 59.50913685644422], [-146.20605657392102, 59.50972034685221], [-146.2073583355014, 59.510258967053176], [-146.2086598483869, 59.51084243208116], [-146.2100063394436, 59.51138100880332], [-146.21135290345225, 59.51191968167511], [-146.212744263122, 59.51241331123393], [-146.21413569298264, 59.512907035297104], [-146.21552705163768, 59.51340081250058], [-146.21696334937158, 59.513894525709716], [-146.21839954092547, 59.51438818050827], [-146.21988073179122, 59.51483704702641], [-146.22136181333354, 59.51528585344762], [-146.2228429456407, 59.51568980853656], [-146.2243690484002, 59.51609380350995], [-146.225850237224, 59.516497719669516], [-146.22742105719928, 59.51690164945143], [-146.22894711513484, 59.51726070841344], [-146.23051814111722, 59.51761980296563], [-146.2320889452006, 59.51797890304529], [-146.23365987991136, 59.51833791198861], [-146.23523073621465, 59.51865213375698], [-146.23684652163791, 59.51892144219796], [-146.23846246766433, 59.51923560217231], [-146.24007818349517, 59.51950493149498], [-146.24173882487958, 59.51977417791348], [-146.24290578448978, 59.51995377545285], [-146.24245694524183, 59.520582096469056], [-146.2418735272541, 59.52138997790027], [-146.24133493039926, 59.52224281818526], [-146.2408411785481, 59.52305065739792], [-146.24034744488154, 59.52390344666271], [-146.23989873946422, 59.524711386780936], [-146.23944987607555, 59.52556412637567], [-146.2390459447879, 59.52641692333664], [-146.23868680768115, 59.527269736897104], [-146.2383277591953, 59.52812248669861], [-146.23801350961162, 59.528975253780104], [-146.2377442039435, 59.529828079935285], [-146.23747499160623, 59.53068084293497], [-146.23725058636208, 59.53153362419438], [-146.237070993355, 59.53243126384978], [-146.23689153243657, 59.53328411171157], [-146.2367568508288, 59.534136868177875], [-146.23662220118024, 59.535034582360204], [-146.23657726482364, 59.53588730866233], [-146.23653246925744, 59.536740083001355], [-146.23648756875946, 59.53763777500867], [-146.23653242899255, 59.53849058877023], [-146.23653246487862, 59.53938823913798], [-146.2366221266518, 59.54024096921852], [-146.23671193597198, 59.54109374736919], [-146.23684658670416, 59.54199138877247], [-146.2370260779368, 59.542844206117806], [-146.23720557960274, 59.54369703001447], [-146.23743003378996, 59.54454980398951], [-146.23769934189295, 59.545447442045216], [-146.2379686615149, 59.546300241461616], [-146.23828283572976, 59.54715305933405], [-146.23859699096116, 59.54800577282857], [-146.2390009886029, 59.54885855759795], [-146.23936005889794, 59.54971140504359], [-146.23980889910635, 59.550519254722865], [-146.24025766339864, 59.55137202555783], [-146.2407514387785, 59.55222485409993], [-146.241245194564, 59.55303272852917], [-146.24178372676297, 59.55388553565187], [-146.24236723060224, 59.55469343948848], [-146.2429507624276, 59.555501346466265], [-146.24357903169917, 59.55630922535263], [-146.24425243018976, 59.557117089024324], [-146.24492561330746, 59.55792498250575], [-146.24564368225916, 59.55873288736487], [-146.24636176851095, 59.55949594253701], [-146.2471248479032, 59.560258938177384], [-146.24793273056696, 59.56106686331956], [-146.24874073661388, 59.56182986745258], [-146.24959349480673, 59.56259283747018], [-146.25044616219603, 59.563311022563106], [-146.25134385352155, 59.56407399696149], [-146.25228641987627, 59.56479212251282], [-146.25322902418213, 59.56551024482427], [-146.25417156080636, 59.56622843295296], [-146.25520382607854, 59.56694651803982], [-146.25619130438133, 59.56766470377356], [-146.25722361946393, 59.56833792441646], [-146.25830083845037, 59.569011143535235], [-146.25942285788722, 59.569684428835465], [-146.26050005146377, 59.57035770377493], [-146.26166712597737, 59.57103090840583], [-146.2627890879426, 59.571659273852276], [-146.26400096787194, 59.572287675908775], [-146.26516787709585, 59.57291602569789], [-146.26642470818942, 59.573544409079005], [-146.26763652256298, 59.57412788252153], [-146.26893811740143, 59.574711344554764], [-146.2701948798519, 59.575294795096625], [-146.2714964479274, 59.57587830166627], [-146.27284287586, 59.576416934817814], [-146.27418958832592, 59.57695552601449], [-146.27553594891305, 59.5774940894868], [-146.27692730445517, 59.577987816758366], [-146.27831875496412, 59.57852638786916], [-146.27971007561638, 59.57902015281297], [-146.28114634793192, 59.579468967028866], [-146.28258261236527, 59.57996269320283], [-146.28406372057637, 59.580411534854015], [-146.28554500267975, 59.580860399092124], [-146.28702610284796, 59.58126434234917], [-146.28855218327658, 59.581713118800515], [-146.29007811452618, 59.582117082986315], [-146.29160424337945, 59.582476137407944], [-146.2931301244803, 59.58288012970435], [-146.29470107794495, 59.583239200386906], [-146.2962720773323, 59.583553317782616], [-146.29784297332722, 59.583912413203336], [-146.29945882665874, 59.58422665188837], [-146.3010745594541, 59.58454082549533], [-146.3026904674474, 59.58481008475837], [-146.30430628676817, 59.58507938904253], [-146.30596689735228, 59.585348722050945], [-146.30758275058287, 59.585617977449495], [-146.30924329313234, 59.58584239692364], [-146.3109039901382, 59.58606683190398], [-146.31256459322594, 59.58624637764827], [-146.3142702264178, 59.58642591879804], [-146.31593098774496, 59.586605453107616], [-146.31763653179178, 59.58678500924486], [-146.3192971940017, 59.586919626989754], [-146.3210027761474, 59.587054306184605], [-146.3227082201311, 59.58718891649768], [-146.32441393453206, 59.58727864844013], [-146.32611954250393, 59.58736842173916], [-146.32782502269427, 59.58741330303968], [-146.32957541283446, 59.58745824037668], [-146.33128102377495, 59.5875031063846], [-146.33298662928036, 59.58754794448994], [-146.33469212968012, 59.58754800069845], [-146.33639772563254, 59.58754795977145], [-146.33814808528416, 59.58750310667109], [-146.3398537996396, 59.5874582270375], [-146.34155925221722, 59.58741334731028], [-146.34326483214517, 59.58736848078651], [-146.34497049536049, 59.58727869384866], [-146.34667603412097, 59.58718894804434], [-146.34838150534702, 59.58705424063209], [-146.35008713127573, 59.586919656823284], [-146.3517926973742, 59.58678493462892], [-146.35345334680204, 59.586605398135006], [-146.35515887939832, 59.58642590803461], [-146.35681961622078, 59.586246359085564], [-146.35848022062547, 59.586066852841995], [-146.36014087586602, 59.585842428046064], [-146.36180164160018, 59.58561801808462], [-146.36346244945227, 59.585348689814055], [-146.36507810392607, 59.585079405154296], [-146.36673887742066, 59.58481013553881], [-146.36835470960153, 59.5845407725903], [-146.36992559827823, 59.58422660638545], [-146.3715413539051, 59.58391248269489], [-146.3731122280336, 59.58355337797474], [-146.37468314372072, 59.58323918269145], [-146.37625407878107, 59.582880073020874], [-146.37782506351175, 59.582476159693925], [-146.37935094389985, 59.5821171213862], [-146.38087708218958, 59.58171314263504], [-146.3823581153224, 59.581264329281524], [-146.3838843061958, 59.580860349709546], [-146.38536538961515, 59.580411537150475], [-146.38680167178566, 59.57996268691584], [-146.38823784512493, 59.579468997407716], [-146.38967417789382, 59.5790201514765], [-146.39111039812477, 59.57852646660957], [-146.3925018541517, 59.57798785873241], [-146.39389322603205, 59.57749412353861], [-146.39523972837318, 59.57695553735865], [-146.39658618232806, 59.576416935825826], [-146.3978878400532, 59.57587830589507], [-146.39918937300934, 59.57529484254345], [-146.40049110319544, 59.57471133734706], [-146.4017477914329, 59.57412783510014], [-146.40300457352308, 59.5735443613453], [-146.40421633821504, 59.572916005205066], [-146.40542819559457, 59.57228767909891], [-146.40659512112128, 59.571659291538104], [-146.4077621413585, 59.57103093505701], [-146.4088842485236, 59.5703576326054], [-146.41000634429125, 59.56968443196138], [-146.41108351360108, 59.569011174410285], [-146.41216077890812, 59.56833795041579], [-146.41319312198053, 59.567664671423806], [-146.4142253241111, 59.56694656976483], [-146.41521285276588, 59.5662283873777], [-146.41620023210064, 59.56551026902251], [-146.41714283711215, 59.564792140919614], [-146.4180404240695, 59.564074032441006], [-146.41893807868914, 59.56331096738407], [-146.41979085821836, 59.562592848789606], [-146.4206436002321, 59.56182984420949], [-146.4214515779404, 59.56106683485085], [-146.4222595163039, 59.560258941456446], [-146.42302244897593, 59.55949595579389], [-146.4237405887647, 59.558732857499855], [-146.4244587275861, 59.55792498780784], [-146.42513197116392, 59.55711707663801], [-146.42580532425575, 59.55630920779837], [-146.4264335398556, 59.55550132683617], [-146.42701711533394, 59.55469337834611], [-146.42760055805667, 59.55388550146366], [-146.42813910928388, 59.553032706513214], [-146.42863293177845, 59.552224795141], [-146.4291266159159, 59.551372077296946], [-146.42957552986738, 59.550519254224305], [-146.43002432819407, 59.54971138323919], [-146.4304282451616, 59.54885859837197], [-146.43078729507351, 59.548005778917926], [-146.43114646975886, 59.5471530057926], [-146.43141558471032, 59.546300256975194], [-146.4317298836653, 59.54544745566074], [-146.43195436347855, 59.54454977507451], [-146.43217859964076, 59.543697005363065], [-146.43240307274576, 59.54284421359933], [-146.43253775176473, 59.541991419980846], [-146.43267241158247, 59.54109375796397], [-146.43276213763912, 59.540241008390225], [-146.43285196583832, 59.53938819618324], [-146.4328968370473, 59.53849054763468], [-146.43289688781658, 59.53763774155007], [-146.43289682121508, 59.53674013837035], [-146.43285190208593, 59.53588726668515], [-146.43276208788788, 59.53503454291081], [-146.4326723715831, 59.53413688466133], [-146.4325378467364, 59.533284067028646], [-146.4323581513443, 59.53243131492505], [-146.43213387504125, 59.53153363177311], [-146.43190937730722, 59.53068085441518], [-146.43168489222762, 59.529828083469084], [-146.4313707747742, 59.5289752412356], [-146.43105656921296, 59.52812247423304], [-146.4307423806439, 59.527269713240635], [-146.43033846538123, 59.526416948981264], [-146.4299344297742, 59.525564149094855], [-146.4295305570627, 59.524711395741996], [-146.42908175541888, 59.52390343464217], [-146.42858794367325, 59.52305070914347], [-146.42804934935214, 59.522242815139016], [-146.4275108809221, 59.52138998896269], [-146.42692728061382, 59.520582090044755], [-146.4263438498775, 59.51977423536878], [-146.42571549534844, 59.518966301656896], [-146.4250422564456, 59.518158398430636], [-146.42436904939652, 59.51735049733889], [-146.42365082024665, 59.51654258454273], [-146.4228878535806, 59.515779605459564], [-146.4221247788525, 59.51501658556061], [-146.42136174123513, 59.514208702458156], [-146.4206436659993, 59.51358035722015], [-146.42154130720542, 59.51277242434966], [-146.4223941369058, 59.512009419612376], [-146.4232021266455, 59.5112463706893], [-146.4240099740091, 59.51048338958332], [-146.42477298594645, 59.50972036574572], [-146.42549116448154, 59.508912438865785], [-146.42620920563462, 59.50814944282804], [-146.4268824162359, 59.50734154567665], [-146.42751080114252, 59.50653360967127], [-146.42813919268215, 59.50572578578904], [-146.42858795827163, 59.50514227081032], [-146.42867774095953, 59.505052492016276], [-146.42930618240544, 59.504244602218996], [-146.42988965678515, 59.50339177505235], [-146.4304731460609, 59.502583920008185], [-146.43101167959483, 59.50177598778817], [-146.4315054303299, 59.500923272354946], [-146.43199912958556, 59.500115308493164], [-146.4324479080753, 59.49926252194072], [-146.4328519194211, 59.498409812512584], [-146.4332558749756, 59.49755699772381], [-146.43365981123947, 59.49670418784385], [-146.43397396137698, 59.495851447059856], [-146.43428820194876, 59.4949986426653], [-146.43455754687838, 59.494145876230874], [-146.43482673810374, 59.4932930746141], [-146.43505128483355, 59.49244028334347], [-146.43523080259615, 59.49158748984159], [-146.43541030008907, 59.49068984874565], [-146.43550001558162, 59.48983702372187], [-146.43563463869057, 59.48898428267621], [-146.4356795662838, 59.48808658176904], [-146.43572440102415, 59.48723380997701], [-146.43576932726575, 59.486336123589226], [-146.43572452666, 59.48548336246253], [-146.435679588395, 59.48463056706177], [-146.43558977442945, 59.48373296041869], [-146.43550008391222, 59.48288014271383], [-146.4353653930245, 59.4820273236453], [-146.43518583503848, 59.481129694209834], [-146.4350062993012, 59.480276921648276], [-146.43478201734337, 59.479424119206946], [-146.4345126411192, 59.47857138397708], [-146.43424323331712, 59.477673696292975], [-146.43392913378182, 59.476820937160156], [-146.43357015749766, 59.47596810609049], [-146.43321095398056, 59.47511530893987], [-146.43280706356802, 59.474307437608125], [-146.43235829551438, 59.47345464592362], [-146.43190930449424, 59.472601887518536], [-146.43141573677067, 59.47179398347817], [-146.43092190538493, 59.470941155792225], [-146.430383290041, 59.470133319337826], [-146.4297999168343, 59.46928049297671], [-146.42917148131312, 59.46847257365624], [-146.4289020880742, 59.46806867434405], [-146.42872272303842, 59.467889128824055], [-146.4281391843964, 59.46703634019622], [-146.4278249696345, 59.46667731762422], [-146.42930620197586, 59.466228472251885], [-146.43074239829667, 59.46573475381607], [-146.4321786876642, 59.465241058233666], [-146.43357004981397, 59.46474726668668], [-146.43496140184112, 59.464253568415145], [-146.43635284865246, 59.463759894231096], [-146.4376993594891, 59.46322128464792], [-146.43904582201776, 59.4626826596929], [-146.44034738182103, 59.46209921274437], [-146.4416490513104, 59.46156063489799], [-146.44295061805016, 59.460977090971575], [-146.44420744129826, 59.46039361144213], [-146.44546405233731, 59.459765237039875], [-146.4466759451946, 59.459181770656436], [-146.4478428975032, 59.458553380514815], [-146.44905467034522, 59.457925051277506], [-146.45017694381843, 59.457296652132484], [-146.4512988957406, 59.45662343214906], [-146.45242104602656, 59.455950175457815], [-146.45349818031372, 59.455276910472826], [-146.45457541023956, 59.45460367895082], [-146.4556076283982, 59.45393044105222], [-146.45664011684275, 59.45321226050488], [-146.4576274904257, 59.45249414516636], [-146.4585701034131, 59.45177599896834], [-146.45951256981581, 59.451057917664066], [-146.46045509924625, 59.45033976284937], [-146.46135283058607, 59.44957674207048], [-146.46220556182402, 59.44881372252794], [-146.463058439891, 59.4480955784756], [-146.46386633710478, 59.44728769479184], [-146.46462928722863, 59.446524651570506], [-146.46539234365528, 59.44576164869311], [-146.4661553162467, 59.44495380980357], [-146.46682850361472, 59.44419074918331], [-146.46754670157307, 59.44338288895023], [-146.46817507159025, 59.44257497385134], [-146.4688034117868, 59.44176706062648], [-146.46938691667617, 59.44095919765868], [-146.46997035752818, 59.44015122692332], [-146.47001530100636, 59.44006148328449], [-146.47095781974602, 59.4394330886096], [-146.47199013258233, 59.43875983863986], [-146.4729776482769, 59.438041730250085], [-146.47392017873773, 59.43732362611592], [-146.4748626674312, 59.43660551767653], [-146.47580526314098, 59.43584243480058], [-146.47670287046856, 59.435124369686186], [-146.47755564797413, 59.43436134260119], [-146.47840838595238, 59.433598313409924], [-146.47921639585854, 59.43283526567778], [-146.4799793304224, 59.43207229794695], [-146.48074237267048, 59.43126436126131], [-146.4808769320303, 59.43112972400445], [-146.48105663045544, 59.4310399448532], [-146.48213367807045, 59.43036670965618], [-146.48316603113264, 59.42964855377654], [-146.48415351698662, 59.42897534498581], [-146.4851408525672, 59.42825719160489], [-146.48612828543358, 59.427539074021524], [-146.48707099490738, 59.426820938334714], [-146.48796862606025, 59.42605787606488], [-146.48886632881133, 59.42533974859937], [-146.48971909672878, 59.424576737710645], [-146.4905718251256, 59.423813724718336], [-146.4913797355438, 59.423050767832315], [-146.49218757213066, 59.42228769941921], [-146.4929506180677, 59.42147979335722], [-146.49366868902803, 59.42071680045658], [-146.49438699414895, 59.419908884729615], [-146.495060105035, 59.41910101685707], [-146.49568860200975, 59.41833796591229], [-146.49631684359193, 59.41753005087823], [-146.49694521457073, 59.41667728540631], [-146.49721452198685, 59.41627333547345], [-146.49775308385304, 59.41555522338577], [-146.49838147117532, 59.41474728720372], [-146.4989201569249, 59.413939435248956], [-146.4994586913214, 59.41308665350924], [-146.4999972894832, 59.412278697638214], [-146.5000870502491, 59.41209915875169], [-146.50031150903047, 59.41174017045237], [-146.50085006637687, 59.410932219759005], [-146.50134385147632, 59.410079444197], [-146.50183760029273, 59.40927156297322], [-146.5022862980531, 59.408418776612535], [-146.50273521993097, 59.407565966518085], [-146.50313921310538, 59.406758072822804], [-146.5034981619209, 59.405905276438254], [-146.5038123410245, 59.4050525492775], [-146.50403686031723, 59.40451395295464], [-146.5040817730672, 59.404424153364864], [-146.5045305925425, 59.40361625395021], [-146.50497940014037, 59.40276347084999], [-146.50542818611078, 59.40191069230936], [-146.50583216658765, 59.401057873030965], [-146.5061911360404, 59.400205152028725], [-146.50650541163822, 59.399352322154876], [-146.50681956816885, 59.39849956714879], [-146.50708893098792, 59.39764677310002], [-146.50735828161714, 59.396793984983766], [-146.5075825975381, 59.39594118665671], [-146.5077621644801, 59.39508846029516], [-146.5079416929159, 59.394190746174665], [-146.5080763301168, 59.39333794784127], [-146.50816608531454, 59.392485181153084], [-146.50825584301862, 59.39158753823112], [-146.5083008223249, 59.39073474123151], [-146.50830068760294, 59.38983712232336]]], [[[-169.32660568899215, 52.753528666697534], [-169.319648752679, 52.739525036912625], [-169.31071700055202, 52.73283746720117], [-169.30546567142025, 52.72996490267259], [-169.29146214390693, 52.72264892347203], [-169.26762911127324, 52.71627553896662], [-169.22804202624164, 52.714614870573826], [-169.18885883525112, 52.724713605173726], [-169.16201863597948, 52.73270282008746], [-169.14074401223615, 52.74100618672707], [-169.13760212157067, 52.74477642459003], [-169.11928983505265, 52.75227193570902], [-169.09451418464016, 52.76398645987436], [-169.08701872641495, 52.76811572548265], [-169.08172244194716, 52.77121266336651], [-169.07997206291793, 52.77381586516251], [-169.07938850423903, 52.777945189745815], [-169.06605825323723, 52.77601519943901], [-169.03374223396764, 52.77906720790895], [-169.0300618509307, 52.779381388985485], [-169.0062287578753, 52.78557530336749], [-168.9884101292077, 52.797065413739425], [-168.98109408643802, 52.80159867300727], [-168.97763807370447, 52.805638176850515], [-168.95138134954937, 52.807523284230065], [-168.9336525106107, 52.81353759415549], [-168.91520549655493, 52.82098822639418], [-168.9050618934147, 52.825700953928454], [-168.90358066705454, 52.82722700347049], [-168.87516955920927, 52.83063815121339], [-168.84945142055963, 52.8409163995317], [-168.83630061843377, 52.8490402742714], [-168.83131856129862, 52.853977468688655], [-168.8270546707166, 52.85837599090285], [-168.8198285450294, 52.85577278221316], [-168.80245864601875, 52.854112087498606], [-168.7692000967003, 52.85267585666076], [-168.7429882946763, 52.854740456228484], [-168.7144425407168, 52.86542267679049], [-168.68998113057444, 52.87574580796195], [-168.67651615360347, 52.886428085938284], [-168.67323970194582, 52.89190387303931], [-168.6758429477037, 52.894776365217055], [-168.66466692235883, 52.89544960861144], [-168.64828452475373, 52.898681225967096], [-168.62925404812174, 52.905144364806226], [-168.60968495646944, 52.91573688770956], [-168.6025035811569, 52.923411863399664], [-168.60465804041803, 52.93202950452988], [-168.60443360714396, 52.93539574543602], [-168.60286268115445, 52.93485710503521], [-168.59200088700294, 52.93746037949174], [-168.5880961149556, 52.94127546807822], [-168.58598656656682, 52.9438787010654], [-168.5851787020254, 52.9464818935729], [-168.57602241842028, 52.94711029022155], [-168.5647118558391, 52.951463948375775], [-168.56035816138686, 52.95442622544993], [-168.5571266233029, 52.958241314203654], [-168.55470287344207, 52.955054635476635], [-168.54478365289773, 52.94670635085179], [-168.5220279145846, 52.93373502236242], [-168.4950979287481, 52.92471355149515], [-168.47629184469736, 52.919462186755425], [-168.46789863780631, 52.92018031235481], [-168.4581589966647, 52.922020491926645], [-168.4551966380396, 52.92341192962973], [-168.43091477504507, 52.92184099955887], [-168.40268324097852, 52.92924670773791], [-168.38688427436645, 52.93597924059803], [-168.37642648659033, 52.94145502039445], [-168.37382322246106, 52.94437241799515], [-168.37310516254422, 52.947020532117], [-168.36888615156914, 52.94535980386454], [-168.35358083782384, 52.94818746144901], [-168.3371535639777, 52.95693970840906], [-168.3253493340947, 52.96654476252555], [-168.31843727831998, 52.97489302426616], [-168.3148466244307, 52.98216411291842], [-168.31260250917518, 52.98894148205267], [-168.31498128968173, 52.99482123289233], [-168.31700098084372, 53.00141906247077], [-168.31929002848247, 53.00922875251263], [-168.32516973119084, 53.01726288696907], [-168.33271020350253, 53.02439927381033], [-168.33809619892315, 53.02929159075016], [-168.34087893766707, 53.03005459052462], [-168.3294786106887, 53.037280805744906], [-168.32350908740062, 53.04342985389441], [-168.32050194245556, 53.050072522700184], [-168.32081603301796, 53.05958779833832], [-168.32216258103554, 53.068654261116215], [-168.33037627142951, 53.07902227098078], [-168.33396690822272, 53.08319637987314], [-168.32988256387412, 53.08346572064575], [-168.3200081886822, 53.08588938640132], [-168.31085195876454, 53.090018685879066], [-168.30250367921371, 53.096167638659466], [-168.2915072679241, 53.10523406924019], [-168.2851338321468, 53.11308869215787], [-168.28158809146086, 53.118295156862956], [-168.28167782057935, 53.12139211784346], [-168.27709971804276, 53.121975591533776], [-168.27306030874865, 53.12502764680899], [-168.27243187692557, 53.12552138643832], [-168.2644875767123, 53.1338247453023], [-168.25771020013397, 53.141903762555266], [-168.25124694826064, 53.13867217353961], [-168.23262042358712, 53.138761900092895], [-168.21632782974586, 53.141365119875935], [-168.19613029747535, 53.14684095243376], [-168.18248583966255, 53.15281036726583], [-168.16991851897924, 53.15860034947409], [-168.1552416294942, 53.17722692284241], [-168.15106745416296, 53.19051237258656], [-168.154119569081, 53.19962364184904], [-168.15694720712415, 53.20429153639847], [-168.14806027574218, 53.20810657328001], [-168.1367946400434, 53.21385165838344], [-168.13217166170904, 53.21928256187321], [-168.12113029682627, 53.22044949992139], [-168.10034939699634, 53.22399531197264], [-168.0820370053563, 53.22637406695518], [-168.0689310158494, 53.229695484678956], [-168.05946072760418, 53.23292703968473], [-168.04981084712674, 53.239165805752236], [-168.0440657276212, 53.24419274814354], [-168.0393978869012, 53.239794178214346], [-168.03212681463242, 53.23261286960946], [-168.02629199303712, 53.22614967793657], [-168.0196492307483, 53.22287322215928], [-168.0105379432167, 53.2202699674189], [-168.00196518715455, 53.219866052736045], [-167.98324892884298, 53.217128133593896], [-167.94756669746099, 53.21192164437904], [-167.92701017464265, 53.21030586298915], [-167.9081591035104, 53.20882474735927], [-167.87081622267596, 53.20595220974042], [-167.8292093880192, 53.19199347307346], [-167.8052417613118, 53.18804374846123], [-167.76843750427864, 53.18202941637781], [-167.66929030757245, 53.17206531377557], [-167.66668702077752, 53.17211017386506], [-167.59249494410423, 53.17404022098748], [-167.5221628848983, 53.18602405904133], [-167.49253981467473, 53.19724487602181], [-167.44855427927737, 53.213941421507606], [-167.4165973180872, 53.23983911997048], [-167.4064088113225, 53.249803162140296], [-167.4053765051229, 53.25281031398451], [-167.40416466421703, 53.258016796387956], [-167.40039442571177, 53.25658056515654], [-167.39680385526557, 53.25676010649958], [-167.38639087464463, 53.26093425094047], [-167.3721180570082, 53.268833716363986], [-167.3664627057456, 53.27363616946198], [-167.36439805023198, 53.276508741633506], [-167.3619743860825, 53.27430942079333], [-167.35389535045277, 53.2731873862251], [-167.3281772604685, 53.27157153157147], [-167.28737832690146, 53.27597014392845], [-167.25515210899914, 53.28732560389786], [-167.24657949336176, 53.295539257606215], [-167.23814133700165, 53.29917482032996], [-167.22570873959017, 53.31084448632093], [-167.2191108716541, 53.32125741224665], [-167.2198739266614, 53.32552125714599], [-167.10676796623443, 53.36699342885346], [-167.1048828973215, 53.366185526468016], [-167.0907446586855, 53.367128085869524], [-167.0724771940377, 53.372738491782016], [-167.06780931098697, 53.37170617961006], [-167.0550176031913, 53.37242430135267], [-167.04312354194042, 53.376329161247995], [-167.03625631782575, 53.38176001157559], [-167.03217197449322, 53.379111908208884], [-167.01610381561554, 53.37579054518774], [-166.98957774896448, 53.37323222772921], [-166.95591528391554, 53.375251961057685], [-166.9345059229395, 53.381490708616035], [-166.9273695160182, 53.3851262703728], [-166.92324023693135, 53.383375853298894], [-166.91291709870825, 53.381490711954584], [-166.89518814921684, 53.379022132654924], [-166.88289015935365, 53.37758592455974], [-166.858114541908, 53.3787080014089], [-166.8448740386996, 53.38158051969689], [-166.8424054547574, 53.381445838610624], [-166.8294790364207, 53.3828372458103], [-166.82009847979424, 53.3848121193834], [-166.8152509995897, 53.38238843238092], [-166.8035365444663, 53.3815356154704], [-166.78868014370127, 53.38386959127243], [-166.7677197049309, 53.390557158980634], [-166.76026901263572, 53.39473127671231], [-166.758473637585, 53.394147870109634], [-166.7521900859844, 53.392621767548285], [-166.74119366788798, 53.391724142716406], [-166.7248112384949, 53.394192731147584], [-166.70178607637888, 53.402047299279886], [-166.68410205666873, 53.4108444026286], [-166.65313266014905, 53.425341695968164], [-166.62710033450614, 53.438133455589245], [-166.60492796654682, 53.4487707661821], [-166.58921879368899, 53.45716397347074], [-166.58078070295522, 53.46506345751172], [-166.5799279813399, 53.468788705660074], [-166.58118470727564, 53.472558956803454], [-166.57009856788872, 53.47597006159137], [-166.5622888354187, 53.477585855889494], [-166.54213622900804, 53.48238838529116], [-166.5222977926853, 53.493295022682254], [-166.49850963374212, 53.5128641100263], [-166.47157976953667, 53.53252298186618], [-166.44756712954026, 53.55052122275556], [-166.41722605696506, 53.57341171035183], [-166.39303391165052, 53.59024290957843], [-166.37867129624237, 53.60213697332729], [-166.3727467294545, 53.6023164983227], [-166.36718120517483, 53.60339372584799], [-166.36044866076165, 53.6055929634537], [-166.3510231751688, 53.610215975371744], [-166.34442537758392, 53.61461456120621], [-166.34016140394112, 53.61385150804103], [-166.33015247865146, 53.61470428580084], [-166.3199639517747, 53.61694846260766], [-166.30120272205062, 53.624084904002146], [-166.29559236816908, 53.62623928416752], [-166.29096938212209, 53.62619440430089], [-166.2830698464963, 53.62695746454037], [-166.27162461508178, 53.629650421795326], [-166.26332125034747, 53.63395924085167], [-166.24438043784204, 53.638716898814444], [-166.22108604674756, 53.64531469504656], [-166.21013459472144, 53.65465042555828], [-166.20811480598553, 53.65456065171985], [-166.1964900005781, 53.65572767238852], [-166.17494607568534, 53.659767180016814], [-166.14846493217806, 53.671885592956755], [-166.13109504313348, 53.683061546554114], [-166.12472162942115, 53.691005917785496], [-166.10739668140002, 53.694686323844564], [-166.09864448431065, 53.699668386562756], [-166.0891740740223, 53.709811969430596], [-166.08306998189022, 53.72224471941277], [-166.0814990070072, 53.72547624997554], [-166.07956911380248, 53.72592509328629], [-166.07301606100336, 53.727810190484355], [-166.06408436967118, 53.732433190579734], [-166.05331239068235, 53.739165680318784], [-166.04622082291493, 53.745853288743575], [-166.0400268978339, 53.74630214614515], [-166.03580783024634, 53.74679580650658], [-166.03199280878488, 53.74957862198705], [-166.02795328232355, 53.75258574473162], [-166.01911129815326, 53.75447089293788], [-166.00667853926967, 53.75631111803506], [-166.00214538819432, 53.75707407496985], [-166.00201070738302, 53.75711902738789], [-166.0019210401793, 53.757163842163635], [-165.99936266288475, 53.75833082130635], [-165.97638236342235, 53.771077728695964], [-165.96821358647875, 53.779515737258535], [-165.93033208366083, 53.81887837675065], [-165.9226570702719, 53.845942985274384], [-165.93773790764158, 53.883465454185185], [-165.93800720958427, 53.884183595494], [-165.95591558663705, 53.90173291838738], [-165.96076294457848, 53.91537747460742], [-165.96107717842895, 53.91623026594587], [-165.95968574421426, 53.91708305790736], [-165.9313195692883, 53.93750489176201], [-165.91246861734675, 53.95114947823689], [-165.8868850755623, 53.970269741578484], [-165.83262123006227, 53.97763057027873], [-165.82808795160543, 53.97821404204195], [-165.80560143653352, 53.99998243289956], [-165.80533217888055, 54.00025175632534], [-165.8050629162918, 54.000521079901674], [-165.7889497682211, 54.01623023599988], [-165.78464089779416, 54.01515304694288], [-165.77530520598845, 54.014524674217924], [-165.7501257007739, 54.016589292654636], [-165.72786366473684, 54.02175086678675], [-165.7174955433366, 54.02507221939343], [-165.70780077011867, 54.02982983239873], [-165.70479363884195, 54.0322535331528], [-165.70268414613895, 54.03413864172016], [-165.699093419691, 54.03360004691192], [-165.69150819469755, 54.03382447442242], [-165.68105030862878, 54.0357544771021], [-165.6677648659829, 54.03741509589411], [-165.66080795764475, 54.036921437038366], [-165.65717249826906, 54.03633790217882], [-165.65515264871186, 54.03238819209817], [-165.65138251275863, 54.02386035779575], [-165.64716341135787, 54.016948375280215], [-165.64236089831576, 54.01102375354485], [-165.6381868140001, 54.00536847761832], [-165.63603243129447, 54.00236131672486], [-165.6352693432835, 54.00132895779408], [-165.63230703671718, 53.997558764649234], [-165.6067236211794, 53.97682270321133], [-165.56323164137737, 53.96726257384589], [-165.51978461951458, 53.97206508821858], [-165.4686177521192, 53.98638282866359], [-165.43028744445405, 54.002316415455425], [-165.42301636579248, 54.00532355173961], [-165.41323181537703, 54.00828587162133], [-165.4056016119164, 54.01232534698475], [-165.4041204528463, 54.0138962941779], [-165.4030881156209, 54.017127875567944], [-165.3985998164399, 54.017486972437474], [-165.3910593926272, 54.01708300306759], [-165.38482063457417, 54.01654438864134], [-165.38096060035429, 54.01645465888196], [-165.3793000273006, 54.01430027559679], [-165.3749463263746, 54.01129307154583], [-165.3678547165055, 54.008016590866234], [-165.36013484282404, 54.004605463491146], [-165.357352043849, 54.0028549780701], [-165.35403070413878, 54.001463618064655], [-165.33612230245095, 53.99347441550098], [-165.30286367432996, 53.98072756623381], [-165.2696500979039, 53.98072757426622], [-165.23383323354216, 53.995090146980246], [-165.22104154904434, 54.00303454868253], [-165.21107744847714, 54.004874776268025], [-165.19720847531886, 54.00913865844374], [-165.18679553100966, 54.015332523247636], [-165.18446158723992, 54.01699323540897], [-165.17324076830258, 54.01753180577801], [-165.15995527555526, 54.019147661107304], [-165.13715463831434, 54.01856418950586], [-165.11700202007822, 54.015646767613894], [-165.10560163232918, 54.01313328807356], [-165.08212770944593, 54.01183163551449], [-165.08194820703997, 54.01183166343793], [-165.0625585766223, 54.01371671899431], [-165.0515622123626, 54.014793946361706], [-165.04016181765863, 54.012908850529534], [-165.0272802974676, 54.01295375380918], [-165.00793567939698, 54.01681371044744], [-164.99473996967563, 54.019012942139774], [-164.9774598782174, 54.02188553706191], [-164.96444375650614, 54.02507221304575], [-164.95066460656463, 54.027047090737675], [-164.9227920113697, 54.028483358374224], [-164.8981959468936, 54.03553003844564], [-164.88105066352676, 54.043429470235246], [-164.8676305521092, 54.064255309694325], [-164.86870768358514, 54.07130202005573], [-164.8655658817349, 54.07529663017219], [-164.85941686868003, 54.07736124445696], [-164.85044019121636, 54.08059285702054], [-164.84604163397879, 54.08324098472015], [-164.84119418671085, 54.09024274864071], [-164.8367508280231, 54.104650309001585], [-164.83105064699652, 54.110215866059455], [-164.82772926701077, 54.12013501175435], [-164.821939327005, 54.13081729834626], [-164.8173612726516, 54.13337557756644], [-164.81484775813698, 54.13342047391665], [-164.805197803613, 54.13292673973115], [-164.7962212330825, 54.133106304464874], [-164.77620323253166, 54.1358442086178], [-164.76296269272612, 54.14356413348122], [-164.75631990547805, 54.15168797625042], [-164.7539411497873, 54.15487471251129], [-164.7501259813681, 54.15608656700076], [-164.7416431184193, 54.158151145641106], [-164.72768434639414, 54.160889050617534], [-164.7206825559265, 54.16367181472191], [-164.71448874876444, 54.16609555103715], [-164.7008890264308, 54.17614937186187], [-164.69204706573828, 54.182163716267], [-164.68706501381504, 54.190601784191095], [-164.68239723706523, 54.20186747483518], [-164.67961434951897, 54.218833388493756], [-164.6806467297289, 54.23216368926235], [-164.68773824987306, 54.250117013651455], [-164.7089232295461, 54.264030883945864], [-164.71951559589283, 54.26816009169615], [-164.72925533163152, 54.27193033312779], [-164.75851925039007, 54.278169132059745], [-164.78661622319711, 54.28099671842797], [-164.79877948753293, 54.2811313517067], [-164.80537742252722, 54.282388110896235], [-164.81807931278757, 54.280054202123615], [-164.82741504705965, 54.277361178380765], [-164.84649043597364, 54.27139171716161], [-164.88531455025355, 54.26250482163319], [-164.9112570248353, 54.25469515288031], [-164.9144438070676, 54.25312423432117], [-164.93428218371955, 54.24342945154993], [-164.95093386023424, 54.235709511251315], [-164.9661942229838, 54.22641868554353], [-164.97368975028897, 54.21771131301237], [-164.9749912854299, 54.214883616613555], [-164.98091592881167, 54.2148836698508], [-164.991822538501, 54.21434505364285], [-165.00964117874045, 54.2128639029773], [-165.0314993563958, 54.20886932440044], [-165.04806134380863, 54.198725671528805], [-165.06350114726294, 54.186741822061755], [-165.06686740620825, 54.18009913434179], [-165.07561970296607, 54.180637717736246], [-165.08194816615725, 54.18072747352057], [-165.0977021963054, 54.18014399472488], [-165.1059607914842, 54.17870775921544], [-165.12009895104623, 54.17956053610334], [-165.1502605844671, 54.18050306306605], [-165.18657110765454, 54.17430913415592], [-165.20394101828867, 54.16596084077662], [-165.21852801063875, 54.16412066652507], [-165.24384217848475, 54.15927327301407], [-165.26341138502661, 54.15025172711359], [-165.27117610664337, 54.14414755655483], [-165.30425507343108, 54.14347436323148], [-165.32095166816381, 54.14455153833607], [-165.319021708364, 54.1491745086734], [-165.31408454792953, 54.1494886962895], [-165.30501817548148, 54.15164311475099], [-165.2791205537888, 54.158420458803384], [-165.25887809534362, 54.166813685104366], [-165.2428098957331, 54.1778549736501], [-165.23203789722598, 54.19571848949413], [-165.23154416875548, 54.210754385284424], [-165.23208278657145, 54.21649948049134], [-165.24141846783732, 54.225880070639626], [-165.26076320303937, 54.23544020284222], [-165.26300744851582, 54.23656224821418], [-165.28953336823744, 54.24239708613714], [-165.3186626253941, 54.24809730856025], [-165.33109534921178, 54.24912962638375], [-165.33320489256502, 54.24930911321996], [-165.33531436604508, 54.24948863696323], [-165.34029641141453, 54.249937538780024], [-165.34518867406544, 54.251014730185254], [-165.35245971553164, 54.25918347723539], [-165.35865370591577, 54.26605059133049], [-165.37122104139115, 54.27565564513637], [-165.38459625852954, 54.28440785158601], [-165.38850103361747, 54.288133167077795], [-165.38634665868383, 54.29145455970114], [-165.38908457150745, 54.29930914297141], [-165.3956374993538, 54.312819002834445], [-165.40676862704544, 54.32668790272826], [-165.41727123623008, 54.33265741366427], [-165.431319709995, 54.34069154643745], [-165.46251360886484, 54.3468404887535], [-165.49895880823073, 54.34912953183809], [-165.54200184870206, 54.34872564093755], [-165.54581693582605, 54.347962638480496], [-165.56897676343542, 54.34338454739028], [-165.57867150514053, 54.34145454926763], [-165.58275591082395, 54.343339656487984], [-165.59420120607413, 54.34657121986966], [-165.6240036757777, 54.34935395170597], [-165.6555565925354, 54.34706494672786], [-165.68257638345025, 54.339345024228834], [-165.6961760267834, 54.33225349092098], [-165.7065440427376, 54.32246887536548], [-165.7251705661335, 54.30626603054518], [-165.74334839524323, 54.28889617754916], [-165.75210057931506, 54.27610443198889], [-165.76731599460894, 54.25523368663252], [-165.76902154492495, 54.23916550479344], [-165.77597846728878, 54.239120619434836], [-165.78015268427413, 54.23912063728539], [-165.78544887160504, 54.23912062682453], [-165.7891292746084, 54.23912060254046], [-165.79523337947663, 54.24167899069642], [-165.8128725854146, 54.2499823749532], [-165.83666071424346, 54.25824088343385], [-165.86561044999922, 54.26470413853511], [-165.87427288489724, 54.26573642181306], [-165.88814182133234, 54.26739708855833], [-165.90806994989174, 54.27444380720757], [-165.93719930991048, 54.27700212170575], [-165.96664268321052, 54.27291772082202], [-165.98764810150521, 54.270808275931], [-165.99999105147347, 54.26591595066132], [-166.0013824164175, 54.26537736604399], [-166.00277371535327, 54.264838765256734], [-166.00313278868316, 54.26479383083655], [-166.03392276525892, 54.26093388320222], [-166.0610771260524, 54.24944381197433], [-166.06116697178396, 54.2492642505365], [-166.06125665458976, 54.24912961274076], [-166.06377008713852, 54.245673596216974], [-166.0684379800088, 54.239928545861105], [-166.0839228083434, 54.23561971208032], [-166.10003587385546, 54.229874716832796], [-166.1020555827088, 54.22929119348398], [-166.10227996397975, 54.22920143147403], [-166.12068219256216, 54.223142149855], [-166.13755823902252, 54.21425528842451], [-166.15030513751202, 54.20429120764587], [-166.1651166210405, 54.19509012138093], [-166.17184910053828, 54.18485675600736], [-166.17256722849422, 54.18023378221761], [-166.1726121574357, 54.175610780264485], [-166.17350981197225, 54.17332176666032], [-166.17871628480182, 54.16919244184761], [-166.18374311735315, 54.161113475807554], [-166.18499984997817, 54.15702908832015], [-166.1846857033395, 54.154470779300084], [-166.18414717193968, 54.15092498135553], [-166.19267491775682, 54.14549409251629], [-166.1975223518027, 54.1379537003918], [-166.19909322439437, 54.135529994477416], [-166.20241463486863, 54.119820877531296], [-166.19900355954817, 54.10352818104741], [-166.19052051419916, 54.095494090862985], [-166.18859055160365, 54.09365390394624], [-166.18212738652724, 54.090512021213115], [-166.17876109483865, 54.083106274735236], [-166.17225301462557, 54.075206848043315], [-166.16830337188398, 54.07390526131545], [-166.16457805372195, 54.07269342561978], [-166.16076298276437, 54.068564144817394], [-166.15232483834555, 54.06183161695745], [-166.14334817625655, 54.05779209990653], [-166.14052061365248, 54.05711889240463], [-166.1408347184565, 54.04693038939327], [-166.156364293045, 54.04989271519656], [-166.18078090497593, 54.05088011356902], [-166.19433566414557, 54.04944385837723], [-166.20806990962203, 54.04796266517139], [-166.22566414002355, 54.04199323251007], [-166.2360322276222, 54.035395406452196], [-166.23962289561567, 54.0327921656221], [-166.24321347466199, 54.03023382369928], [-166.25093352685448, 54.03346537379329], [-166.26157075317647, 54.0350811671172], [-166.27512555666638, 54.03597886329103], [-166.28055649479438, 54.03530558767571], [-166.286391252927, 54.033734687243225], [-166.28670539698865, 54.0352607361176], [-166.2872889515835, 54.038223050304055], [-166.29478448823505, 54.04509015604797], [-166.29788132890525, 54.04688549815734], [-166.3050626713155, 54.051059673504916], [-166.31004479641035, 54.052316383425705], [-166.31780957593423, 54.05433612981074], [-166.3366605429209, 54.05855516285241], [-166.3495869409936, 54.060440292814455], [-166.3544343065996, 54.06111350186063], [-166.3630070565432, 54.06138277300978], [-166.37557435754738, 54.061786726354285], [-166.37714526216405, 54.06174189192031], [-166.39841990783802, 54.060978874839996], [-166.4195599468523, 54.06053001082916], [-166.42611289409007, 54.060395332320596], [-166.4337431295135, 54.06048517328589], [-166.462513279786, 54.06070954005957], [-166.4727466571331, 54.059722140815275], [-166.48194778687227, 54.058824493513995], [-166.48701953274556, 54.058644919963946], [-166.50739655664705, 54.05792681550295], [-166.5111666992299, 54.05779215363473], [-166.53297999802794, 54.05868981673564], [-166.54011650199647, 54.058959102460676], [-166.5708614935007, 54.060530018305734], [-166.589847133448, 54.061831653705326], [-166.60227983102823, 54.06268438601737], [-166.62885072266084, 54.06398599185104], [-166.62979334721615, 54.0640309384835], [-166.65739654762555, 54.06555693966559], [-166.66821332985833, 54.06609557560954], [-166.69240544206966, 54.067307366246766], [-166.72041269645882, 54.067397163253254], [-166.75582558496325, 54.068833440668755], [-166.78517924028222, 54.065960902497146], [-166.7862563965875, 54.06555697960822], [-166.80349157744945, 54.05913864026122], [-166.8148471142176, 54.05343849108007], [-166.82018821996797, 54.04805247784329], [-166.8209063147473, 54.04796268361718], [-166.83387761349059, 54.04688552225686], [-166.84783633100696, 54.045898092521014], [-166.8572169332036, 54.045673679936826], [-166.8800624664513, 54.04500043097825], [-166.9104035975977, 54.04001835653064], [-166.92503562862515, 54.034632342770074], [-166.93652570188385, 54.02713686981002], [-166.94595121594222, 54.02767543539277], [-166.94954183560253, 54.02740613933872], [-166.96964958939742, 54.02588010628057], [-166.98868004178027, 54.02395012362941], [-166.99999065267042, 54.021481540439254], [-167.00178600097948, 54.02107759628583], [-167.00910203027715, 54.01506323167409], [-167.0246764412332, 54.014883682426756], [-167.05398519873447, 54.00860006623288], [-167.07481107817355, 53.99912965618013], [-167.07665135056655, 53.99832180817155], [-167.0915077078743, 53.98593401891208], [-167.09451489399177, 53.980188907762866], [-167.0956818149959, 53.97583525837419], [-167.10600498833875, 53.97525175096743], [-167.123419662007, 53.97017999899115], [-167.14464954845025, 53.96322303262379], [-167.16076261837478, 53.953887365282306], [-167.16888642633893, 53.94324999471814], [-167.17418272255955, 53.932118967540056], [-167.17400321652158, 53.92166110615443], [-167.17472126380812, 53.91708302833493], [-167.17629225951856, 53.91183166024289], [-167.1812294083704, 53.90913867861629], [-167.19276438497505, 53.906490548846726], [-167.2120641755734, 53.900565984132875], [-167.2300624012176, 53.88826798084277], [-167.23396718681374, 53.875969959943106], [-167.2370193479052, 53.86524287039975], [-167.2428989768594, 53.85469525854879], [-167.2434825139715, 53.842621676173835], [-167.23912879961824, 53.83292689044664], [-167.23832094292885, 53.83108661475451], [-167.23356330164134, 53.82579039875617], [-167.2340570762208, 53.81425539770031], [-167.218078572493, 53.801777826739986], [-167.19886848845505, 53.79311536587995], [-167.18737842111562, 53.78678686417046], [-167.182261650227, 53.7847671084037], [-167.17808751482, 53.78225358839675], [-167.1729259420519, 53.77906694888243], [-167.16789901897172, 53.776239238544264], [-167.1648918464471, 53.77386048163982], [-167.15299777318322, 53.74513511702492], [-167.13818637054013, 53.70940804153801], [-167.14325813208984, 53.70698436147394], [-167.15021500063867, 53.69957860611398], [-167.153940353893, 53.69360915027413], [-167.15676806283884, 53.6872805692906], [-167.1564538299768, 53.68324112616246], [-167.15515212972926, 53.67933625921679], [-167.15569079966423, 53.678348827049646], [-167.16017912595825, 53.67704717578849], [-167.17184874054283, 53.67430929240175], [-167.18701929510104, 53.66892334588672], [-167.20201040451875, 53.66358219579752], [-167.21525091507777, 53.658196233920215], [-167.21583438210632, 53.65774734887215], [-167.2338325481276, 53.64410287131267], [-167.2443801567912, 53.62942603185737], [-167.2470282533616, 53.614704291011684], [-167.241687146405, 53.592487111083386], [-167.2393532115845, 53.58324116280718], [-167.23486487313534, 53.57175101256044], [-167.23185770393798, 53.56829498668808], [-167.2303765605485, 53.56672407282078], [-167.23805167638034, 53.56376176207219], [-167.29626524913746, 53.539749208006434], [-167.30560097334387, 53.541365014411646], [-167.32054707047976, 53.54329501105553], [-167.3333388408383, 53.54347452775308], [-167.3411485482868, 53.54360920691643], [-167.360448386124, 53.540063388415916], [-167.39267449645388, 53.528259103879414], [-167.41183972326667, 53.51533272434308], [-167.41964935244212, 53.50424655607718], [-167.4206368719788, 53.50074561492153], [-167.42171403368283, 53.499129834988295], [-167.422387284576, 53.49814240413471], [-167.43419162420216, 53.49603289810096], [-167.44415564571494, 53.49333987855035], [-167.4536261130767, 53.49558405204432], [-167.46682176993338, 53.49675106481467], [-167.48271048309837, 53.49760381714719], [-167.5026385582546, 53.49531479299922], [-167.52328499404302, 53.48746016283608], [-167.52463143621083, 53.486921603790165], [-167.5420910547036, 53.47852840702935], [-167.54994556900613, 53.47314241353791], [-167.5541646507355, 53.469327315274484], [-167.55519691336022, 53.46542248186422], [-167.5616601923867, 53.464794125339104], [-167.5743172109071, 53.462729480667754], [-167.58176784944817, 53.459228614177164], [-167.59146258620822, 53.46030582392617], [-167.6080245279774, 53.458061644593585], [-167.62503533505148, 53.451912603404736], [-167.63648060788412, 53.44648175869789], [-167.64810539108672, 53.44208321416056], [-167.65223458222647, 53.4421281024505], [-167.65636388155528, 53.442172940160205], [-167.66632797046546, 53.440512269404216], [-167.6666869812327, 53.440377645620416], [-167.67265652927765, 53.43853742442843], [-167.67359907416557, 53.43822324385773], [-167.68657028839726, 53.43853738327388], [-167.71013410896353, 53.436921608133304], [-167.72772833662938, 53.43404909490932], [-167.73432612576326, 53.43135611582583], [-167.74675877053718, 53.42632917988494], [-167.75241404754894, 53.42152666396184], [-167.76121125367675, 53.431625413904506], [-167.75950563338142, 53.43292700936199], [-167.75569060076631, 53.435934151175076], [-167.7429437288759, 53.44405807631003], [-167.7306456837199, 53.45088033249886], [-167.72166908679594, 53.45981205125681], [-167.71915554974538, 53.462325554429974], [-167.71166004331738, 53.47170615239867], [-167.7105379961469, 53.473142382471636], [-167.7011573926465, 53.48763968369434], [-167.69734232220353, 53.50209211377634], [-167.69599583899975, 53.51461457296781], [-167.69819506950174, 53.52421960717119], [-167.70443385219102, 53.533420678040535], [-167.7112561049491, 53.54145478085527], [-167.71821303947274, 53.548636098418164], [-167.730915079026, 53.5564458062402], [-167.74693839766624, 53.563088539001924], [-167.76228842725763, 53.56802573311984], [-167.77543930931367, 53.56937217239199], [-167.78679472708487, 53.57044943352474], [-167.80425430167136, 53.571795868399285], [-167.81749483375776, 53.5716163681474], [-167.83535841890696, 53.5709879747773], [-167.8573961501014, 53.569372165737136], [-167.8750352808009, 53.569057971930874], [-167.88208191431295, 53.57058401633783], [-167.88513393725978, 53.57143685946476], [-167.88921839262807, 53.57821416973623], [-167.901336847243, 53.58750500052998], [-167.9131860473024, 53.594282429018506], [-167.92561867374604, 53.601957471525616], [-167.93661509679265, 53.60649066288174], [-167.94832961950834, 53.610395543998955], [-167.9598646945993, 53.6128191803429], [-167.97139965471123, 53.61385153880896], [-167.98131895611397, 53.61447988029879], [-167.9923601847167, 53.61497360549133], [-168.0019203311996, 53.61412080760814], [-168.01291676128153, 53.61380666283344], [-168.03082513417604, 53.611742055533085], [-168.04034038822442, 53.61026087780525], [-168.04123810437264, 53.610709672085456], [-168.04743204028733, 53.61385150972425], [-168.05344635608034, 53.61591616563474], [-168.0627820481866, 53.61860917220934], [-168.0698736376863, 53.620000503759734], [-168.08033139485582, 53.62049422936478], [-168.0903403908155, 53.619686387399916], [-168.102414016351, 53.616544544078934], [-168.11991848656334, 53.61241525395428], [-168.13217160450301, 53.60819626830222], [-168.1415073226788, 53.60563785416369], [-168.15151630087925, 53.60393228972142], [-168.15613930873369, 53.60088023093037], [-168.16291665542911, 53.59787304717125], [-168.16982867248865, 53.598277016053586], [-168.17934394160247, 53.59863605595988], [-168.18540320323552, 53.59863608431653], [-168.1937964190704, 53.59531476855483], [-168.2068125377789, 53.59037756737635], [-168.21583413441917, 53.58858220565431], [-168.22359884588394, 53.58750501208911], [-168.2344606694957, 53.58386947237109], [-168.2503044339002, 53.5777205058737], [-168.25901181204392, 53.575925130212404], [-168.267270302418, 53.57502750615689], [-168.28401173118527, 53.571122675552616], [-168.2956814279328, 53.56465942167938], [-168.30914648785395, 53.55559299979424], [-168.31538524130295, 53.5465714464938], [-168.31816798767122, 53.53952480449758], [-168.32633676162962, 53.540018534757], [-168.33441576568677, 53.53867200742537], [-168.34384124950444, 53.53467738757678], [-168.35169574961043, 53.530278876753975], [-168.35663294971445, 53.53050323705135], [-168.36399378542663, 53.53032368924198], [-168.3757083663011, 53.526643338299635], [-168.39635461926946, 53.51941710149473], [-168.4152505527119, 53.509452995902684], [-168.41852699705387, 53.50263077725393], [-168.42130980637413, 53.4936540578576], [-168.42525944423897, 53.48629323100582], [-168.43212665010017, 53.48279236912997], [-168.43953240557445, 53.478304033901956], [-168.45636365415854, 53.46807059779876], [-168.476650839834, 53.45061097225736], [-168.4886347302815, 53.4357995098646], [-168.49635461542508, 53.42107780954076], [-168.49289862291394, 53.407747449273124], [-168.4868393608815, 53.39015324777846], [-168.47759341160827, 53.378707957924924], [-168.48549289936813, 53.37691267076696], [-168.48845512551017, 53.37543147501999], [-168.49200093683118, 53.37107780730997], [-168.4965790591916, 53.36649974060609], [-168.50429900745857, 53.36290907490768], [-168.6020996137844, 53.33261284812151], [-168.61942461814692, 53.32718193386185], [-168.62543897332844, 53.326015019798014], [-168.6326202711888, 53.32457877343733], [-168.64159697744628, 53.32273848327919], [-168.65582496292876, 53.31973134620082], [-168.66686628996018, 53.3152430305056], [-168.677413772444, 53.310081469866766], [-168.68935275297008, 53.30325914819795], [-168.69406553140806, 53.29706529343465], [-168.69707268438444, 53.288088614180914], [-168.699047579212, 53.28036870095847], [-168.70910146736372, 53.280997053164974], [-168.71758438246312, 53.279875020209275], [-168.72696494718448, 53.27668830270315], [-168.73980154540178, 53.2714817711011], [-168.74940661285103, 53.26649975602359], [-168.75690211320367, 53.25994681117874], [-168.76816789824136, 53.25150870995982], [-168.77499007963164, 53.245135339785456], [-168.78136354675453, 53.240646957444], [-168.7862109343315, 53.23894142169028], [-168.79478363960652, 53.23526098971322], [-168.80645327031996, 53.230593147792995], [-168.8194245303737, 53.22166135578325], [-168.82974766311503, 53.21250520127624], [-168.8320816510111, 53.207388486272265], [-168.8397566876163, 53.203034763186864], [-168.84743167371053, 53.19675111545548], [-168.85946042962456, 53.188133567372105], [-168.86866148384516, 53.176957615871935], [-168.87472071398471, 53.16474936577918], [-168.88306904752446, 53.150162248671315], [-168.8831138766718, 53.1436542197252], [-168.88060053515554, 53.14096116733034], [-168.88733294587544, 53.13279241172994], [-168.89056459475094, 53.12386069446106], [-168.89069926638447, 53.10855545825663], [-168.8824406992705, 53.093699098312264], [-168.87741381650494, 53.0872358746277], [-168.87279079755376, 53.081715281314494], [-168.89819474091098, 53.068295189706795], [-168.90560046655466, 53.06551239651599], [-168.91614804770893, 53.067621910047066], [-168.9281767653352, 53.06600607482629], [-168.93980148147284, 53.06295402315809], [-168.95281772237593, 53.05819638594067], [-168.96534010551312, 53.05074580157715], [-168.9806004005497, 53.037011481283315], [-168.99213543368685, 53.02408511307737], [-168.99675839747596, 53.0156021826458], [-168.99945141207994, 53.010620095688274], [-169.00151607661593, 53.00298994173551], [-169.0024585752167, 53.00038674841248], [-169.00335623586906, 52.99657170001933], [-169.00268305028038, 52.992397497484994], [-169.0012019029685, 52.98813360763474], [-169.00070809703797, 52.986338260917584], [-169.00007980832405, 52.982792453497474], [-169.0045232210048, 52.98454296978782], [-169.00986427384007, 52.98566504499195], [-169.0233292977168, 52.98705641027942], [-169.0446937255401, 52.985889423376825], [-169.0657440480443, 52.98126642367336], [-169.08293436728525, 52.975341858307466], [-169.09482835284146, 52.969327514677964], [-169.10362551061536, 52.96335805126535], [-169.10941548598555, 52.95837599027337], [-169.12157881156287, 52.9620115666296], [-169.12952321892138, 52.962909218235104], [-169.15928079387467, 52.96501867498695], [-169.16403844976892, 52.96537780695711], [-169.184954009274, 52.96591637446197], [-169.1971174581964, 52.9648840460082], [-169.21888583272153, 52.955862511096356], [-169.2338768689022, 52.94589841287491], [-169.24604017593637, 52.93449807754062], [-169.25407436044065, 52.92430957196734], [-169.25883191098356, 52.913268286476686], [-169.25950514723033, 52.89971350441675], [-169.255420854772, 52.88449811492385], [-169.24316771803583, 52.87139216701836], [-169.22674035169533, 52.861203634311664], [-169.2138140293244, 52.85662555438976], [-169.20358058610958, 52.85352864552211], [-169.1937960117484, 52.85137424432527], [-169.18823052157745, 52.850656103437004], [-169.1946937143446, 52.84930955122855], [-169.21287142547445, 52.843340098936395], [-169.21991809439842, 52.840871509186684], [-169.23755723110352, 52.834722532421075], [-169.2634997398302, 52.826015191691305], [-169.29428971147362, 52.8116075892424], [-169.30919099279015, 52.79886080586883], [-169.31201868253206, 52.79648192565828], [-169.32054642266257, 52.7837351165741], [-169.32481035468825, 52.770225259761055], [-169.3263363800395, 52.765377874368774], [-169.32660568899215, 52.753528666697534]]], [[[-141, 60.30601744466405], [-141.00112119568638, 60.30621922302477], [-141.0018392569151, 60.30635386408377], [-141.00188422002185, 60.30635382035625], [-141.00197390655165, 60.306353860212994], [-141.00197394999213, 60.30653333477831], [-141.00197400874092, 60.309316170575165], [-141.00197391718527, 60.31209891305724], [-141.00197393912703, 60.31568959735126], [-141.00197400510297, 60.319235376475355], [-141.0019740106111, 60.32462133163456], [-141.00197403432452, 60.33570751995659], [-141.00197389699554, 60.34454953830482], [-141.00197396498245, 60.36209892647982], [-141.00197397824286, 60.37462134563352], [-141.00197393122525, 60.37753875656639], [-141.00197403227236, 60.38629096836484], [-141.00197398652375, 60.389208450193124], [-141.00197391578627, 60.389702120727385], [-141.00197405602958, 60.391676970198674], [-141.00183932542072, 60.39167695649977], [-141.00183943150134, 60.39181163066255], [-141.00188416840888, 60.41326585650534], [-141.00188425211388, 60.41811325474758], [-141.00188425032786, 60.444549493879904], [-141.0018842246217, 60.44522275456845], [-141.00183935449184, 60.45352612328595], [-141.00183929006127, 60.47803244956556], [-141.0018393307889, 60.478526097899966], [-141.00188415064858, 60.480456133249355], [-141.00188417163224, 60.49962132980588], [-141.00188430235573, 60.5013268600446], [-141.00188426376107, 60.62457637929861], [-141.00188424279048, 60.63795161234831], [-141.00188415877315, 60.65132678374607], [-141.00188417840903, 60.65244889253998], [-141.00188424489497, 60.66299644988582], [-141.0018841402357, 60.67058176681172], [-141.00188428646308, 60.673544045974495], [-141.0018843006921, 60.67435193402353], [-141.0018842397469, 60.678705624854686], [-141.00188416124925, 60.68121905085028], [-141.00188420933753, 60.68804134107231], [-141.00188428158785, 60.68808621238797], [-141.00188414788195, 60.696569183593766], [-141.00188420445662, 60.70069837746653], [-141.00188414054946, 60.70482766608145], [-141.00188429254732, 60.70644347175714], [-141.00188419194959, 60.716587064779276], [-141.00188421779745, 60.72673078253285], [-141.00188416442725, 60.732341165924765], [-141.00188419225015, 60.734540395392784], [-141.00188417971256, 60.73678461907269], [-141.00192919753127, 60.74275406776661], [-141.00188423066695, 60.749576338348774], [-141.00192906666052, 60.75244881980419], [-141.00192920450382, 60.75285279822567], [-141.00192913841195, 60.75572530399236], [-141.00192908246078, 60.758597878878206], [-141.00192913031276, 60.76299644425918], [-141.00188415537465, 60.767260349326136], [-141.0018842357948, 60.77152428446313], [-141.00188428384624, 60.78081507465473], [-141.00192907531735, 60.78193717080435], [-141.00192905430157, 60.783059271496484], [-141.00192908232034, 60.78884918228555], [-141.0019291915872, 60.79127288977157], [-141.00192916630482, 60.793696597386464], [-141.00192902247713, 60.8050072038271], [-141.00188424124605, 60.8090466848361], [-141.0018841646103, 60.81308614625579], [-141.00192912690443, 60.83023156443714], [-141.0019291889098, 60.841407521041], [-141.00192907162702, 60.85339142074388], [-141.0019290898582, 60.86533031697288], [-141.00192911994273, 60.86699103423051], [-141.0019290009273, 60.8832387618807], [-141.00192908193236, 60.88700890888158], [-141.00192912233115, 60.89082407178287], [-141.00192901441721, 60.90101255534616], [-141.00192913745775, 60.91375943108403], [-141.0019290754544, 60.92650624208543], [-141.00192915856178, 60.94194607520873], [-141.0019291787022, 60.94436980812016], [-141.00192907799692, 60.945806077173344], [-141.00192911765188, 60.94966602458961], [-141.00192915873623, 60.95177554331495], [-141.0019291677166, 60.9541992460027], [-141.00192897068263, 60.954827607273586], [-141.00192897136964, 60.95541109846977], [-141.00192902868287, 60.95653316654137], [-141.00192907083704, 60.959226200700485], [-141.00192913108063, 60.96102149320293], [-141.00192915600925, 60.96187425670761], [-141.00192907307047, 60.96416328574772], [-141.00192905670056, 60.97619202204792], [-141.0019290873854, 60.98139851450335], [-141.00192913850606, 60.98822074966961], [-141.00192909211484, 61.00850801654377], [-141.00192915089718, 61.01712561977525], [-141.0019739380031, 61.02574323816074], [-141.0019291139636, 61.046883250320604], [-141.00192912045858, 61.049845561004076], [-141.00192904440814, 61.05276293599665], [-141.00197397724062, 61.05581504010594], [-141.0019739507248, 61.0592710174207], [-141.0019291306601, 61.06272700383917], [-141.00192904340733, 61.06470190283481], [-141.00192915740328, 61.066721668470464], [-141.00192913350324, 61.06874141819912], [-141.00197405693672, 61.07246670242166], [-141.00192914013232, 61.07587781720332], [-141.0019290870268, 61.0792440335903], [-141.00197400773737, 61.08193707428743], [-141.00192918183828, 61.083463095474436], [-141.0019290502913, 61.08498917464471], [-141.00197389995657, 61.08696400193998], [-141.00192907681182, 61.08849008523615], [-141.00192905697077, 61.09001604935445], [-141.00197394426024, 61.09625486298287], [-141.00197400489026, 61.09791549203266], [-141.00197398245098, 61.12457617793298], [-141.00197397650177, 61.14876832182483], [-141.00197401536153, 61.150249469470566], [-141.00197390524426, 61.17291553527541], [-141.00197403986994, 61.18108428142073], [-141.00197404573538, 61.190644398731], [-141.0019739726608, 61.19369648116137], [-141.00197395274387, 61.196703627945396], [-141.0019740439688, 61.20469287536354], [-141.00197398217378, 61.20698193298034], [-141.00197398830144, 61.20922613095334], [-141.00197394988027, 61.20980958101253], [-141.00197387322729, 61.21079700894763], [-141.00197406449217, 61.2117844296229], [-141.00197392654667, 61.21636250678209], [-141.00197406220352, 61.22569824621242], [-141.00197401939883, 61.22722430975379], [-141.00197404032505, 61.235033953133495], [-141.00197401575963, 61.24706269411193], [-141.00197396626265, 61.249980109181855], [-141.00197398643635, 61.25285267484555], [-141.00197388524035, 61.25357078970215], [-141.0019740608229, 61.25577004702416], [-141.00197396225784, 61.256488178561824], [-141.001973886403, 61.26712552616721], [-141.00197405540936, 61.27776285223806], [-141.00197396520917, 61.280141673904055], [-141.00197401360126, 61.28696396659856], [-141.00197401136927, 61.296120140326], [-141.00197392397564, 61.30357075875747], [-141.00201894423884, 61.323768250479105], [-141.00201883850966, 61.34392086678919], [-141.00197398097717, 61.34746660684915], [-141.0019739964069, 61.349845429869546], [-141.00197389967548, 61.35101238956741], [-141.00197407249738, 61.35217934493248], [-141.002018821283, 61.352942403873634], [-141.00201889998925, 61.357385811320455], [-141.00197405390156, 61.36182926808584], [-141.00197403809165, 61.365689215947604], [-141.00197404719287, 61.37017757476339], [-141.0019739690164, 61.37462096901425], [-141.00197388426446, 61.3782565754701], [-141.00197391922907, 61.381892108205015], [-141.0020188404144, 61.38521347145147], [-141.00201883959934, 61.385572475456115], [-141.00201879377582, 61.390464839252125], [-141.00201893614275, 61.39567127795575], [-141.0019738839898, 61.39809495796977], [-141.00201887532745, 61.403570716669286], [-141.0020188133333, 61.40909134964321], [-141.00197398082062, 61.41290645114982], [-141.00197403827508, 61.418427083283625], [-141.00197395991682, 61.42112006309753], [-141.00197387175282, 61.429378615595205], [-141.00197398492676, 61.43130862614559], [-141.00197388335386, 61.43319369972502], [-141.0020188685008, 61.43440553989888], [-141.00201890641597, 61.43638038168237], [-141.00201877087457, 61.44939658612563], [-141.00201877935794, 61.45738579154119], [-141.00201889548975, 61.46438755524733], [-141.00201887969257, 61.47112010432827], [-141.00201888696776, 61.4913175335497], [-141.00201896272722, 61.497062621233574], [-141.0020188971223, 61.497556318192956], [-141.00201883182592, 61.498050017043944], [-141.00201888410302, 61.50146121800198], [-141.00201888285318, 61.50244858322824], [-141.00201883781767, 61.503480961777626], [-141.00201879894217, 61.50729597760841], [-141.0020187786103, 61.5111111062809], [-141.0020188802114, 61.51492616996313], [-141.002018840349, 61.518651452829516], [-141.00201891620577, 61.51941447539552], [-141.00201886849482, 61.53108411445222], [-141.00201887081727, 61.54270887905339], [-141.0020188866959, 61.56097642886474], [-141.00201875361074, 61.56187409791445], [-141.00201882857468, 61.562816670962505], [-141.0020187820599, 61.58036602284581], [-141.00201877041303, 61.59068914351198], [-141.00201883037354, 61.60096747555612], [-141.00201886991815, 61.6056801376126], [-141.00206372073413, 61.610168477887896], [-141.00201889443343, 61.6199082157476], [-141.0020188639729, 61.62466581471962], [-141.00206380781205, 61.62614695175884], [-141.00206378085068, 61.63269993548591], [-141.00206374475937, 61.65675731255732], [-141.00206378970466, 61.65985427280496], [-141.00206376012102, 61.66479151014574], [-141.00206369361507, 61.6714342185074], [-141.00206375118387, 61.67870528961215], [-141.0021086485653, 61.691317481470634], [-141.00215356576382, 61.69796024246155], [-141.00219840966594, 61.70563527383989], [-141.00228825158368, 61.71591352187756], [-141.00237798893338, 61.728705253261865], [-141.00242277193803, 61.736380319225326], [-141.0024228409303, 61.73714336369006], [-141.0024227673029, 61.73727799005045], [-141.00242283969615, 61.73741266585179], [-141.00246779739174, 61.738444933474], [-141.0025125611683, 61.73934259564408], [-141.00251263429791, 61.73947727355068], [-141.00251256244917, 61.7402402865955], [-141.00251256263442, 61.74033005602575], [-141.00251256283002, 61.7404198255169], [-141.00251249219878, 61.741272614068706], [-141.00255745877, 61.74149697709033], [-141.00255739219494, 61.7426190853652], [-141.00255739650692, 61.74324748396183], [-141.00255745750226, 61.74436954268569], [-141.00260229236196, 61.74540181533389], [-141.00233300521455, 61.747421634737044], [-141.0020637206898, 61.74966572055926], [-141.00206372075687, 61.753570594577006], [-141.0020638176227, 61.75563522276763], [-141.00206369533697, 61.77219718485143], [-141.00210857281579, 61.821972716730244], [-141.0021085735989, 61.82242161309759], [-141.00206372781176, 61.83853463634944], [-141.00206386060387, 61.84392066569651], [-141.00210860718022, 61.85998884736986], [-141.00210860323867, 61.86537489378704], [-141.00210874264204, 61.8724215538316], [-141.00210853855071, 61.87466570936498], [-141.00233310282405, 61.8934718359415], [-141.00237797468964, 61.89522226789293], [-141.0023779102605, 61.895267180091345], [-141.0024228534455, 61.90051852763363], [-141.00242284598633, 61.90078781825176], [-141.0022881875626, 61.90164059114949], [-141.00228811722138, 61.90406424622467], [-141.00161495183426, 61.904064289739516], [-141.00161498749662, 61.91196371805571], [-141.0016148544297, 61.92215227395691], [-141.00161482197623, 61.942439494983965], [-141.0016150062425, 61.95527611825563], [-141.00157003688867, 61.9627716732809], [-141.0015700218966, 61.96797804513643], [-141.0015700709501, 61.98790628741119], [-141.00156993519872, 61.991541793579444], [-141.00157004797265, 61.99329224762949], [-141.00156999117087, 61.99679312448286], [-141.00157011383263, 61.99966567673889], [-141.00157011591747, 62.00841792724446], [-141.00156993554342, 62.02767286023347], [-141.00157004565986, 62.03660461315539], [-141.00157013448316, 62.037502289166596], [-141.00156990074757, 62.03799601472164], [-141.00157009688394, 62.03822044026076], [-141.00157007495838, 62.053031933952816], [-141.00157003859687, 62.0946387370241], [-141.00156997617248, 62.11057230438496], [-141.00156997471143, 62.11066209235654], [-141.0015700997066, 62.11075181582623], [-141.0015699581527, 62.11317554466037], [-141.00157000693818, 62.119189905627465], [-141.00157006017764, 62.12502470589193], [-141.00156997778225, 62.14993494570152], [-141.00152511335716, 62.15980926911585], [-141.00152510050245, 62.15998879503355], [-141.00152502864773, 62.16003368032649], [-141.00152520584743, 62.160437603290575], [-141.00152510866894, 62.160841542540346], [-141.001525231448, 62.16120064675541], [-141.001525003603, 62.161514831748654], [-141.00152506291028, 62.16164947404437], [-141.00152508972525, 62.16241252417866], [-141.0015251174249, 62.173857768400836], [-141.0015251518039, 62.21070696279673], [-141.0015251147084, 62.214162876309395], [-141.00152511036833, 62.22183799397435], [-141.0015251804406, 62.223947511697965], [-141.0015250812904, 62.225293954936426], [-141.0015251081935, 62.22708932031477], [-141.0015251957589, 62.22789722954903], [-141.00152517763615, 62.22807672921092], [-141.00152505900877, 62.22883975176453], [-141.00152514844495, 62.229647671120624], [-141.00152518228785, 62.24064405898813], [-141.0015251392639, 62.244548944122506], [-141.00152511532565, 62.245940319992414], [-141.0015251069342, 62.24800489583438], [-141.00152509588085, 62.24930654250754], [-141.00152521632916, 62.25792412383203], [-141.00152515175336, 62.26304080857229], [-141.00152506506078, 62.26757405806387], [-141.0015250543594, 62.27910903488685], [-141.0015251986596, 62.29055430484283], [-141.00152511109314, 62.302134156809494], [-141.00152516516732, 62.31595825241489], [-141.00152514493553, 62.354423182501385], [-141.00148023127807, 62.37237650800267], [-141.00148023916975, 62.38027592728538], [-141.00148030650075, 62.3845398995226], [-141.00148024876663, 62.40047340686505], [-141.00148029153542, 62.410078444266276], [-141.00148021429482, 62.41528490470452], [-141.00148021600342, 62.42147883102484], [-141.00148031007774, 62.42726877736138], [-141.0014802524808, 62.435302892878866], [-141.001480221364, 62.43979119559917], [-141.00148024571274, 62.44243928234502], [-141.00148018574222, 62.44445907054661], [-141.00148016621026, 62.444818162896006], [-141.00148024588495, 62.44571583300176], [-141.001480350005, 62.446164637810874], [-141.0014803451978, 62.44728672824896], [-141.00148031318315, 62.4519546187697], [-141.00148027172474, 62.45240339352481], [-141.00148018720554, 62.45262781378282], [-141.00148025599788, 62.45276250577487], [-141.00148017937389, 62.45280737007641], [-141.001480252093, 62.45285228397788], [-141.00148024819882, 62.45294206223709], [-141.0014803720979, 62.45303177584462], [-141.00148031986066, 62.45374989009618], [-141.0014802066332, 62.45545546871272], [-141.00148029469506, 62.45729569914421], [-141.00148019245378, 62.47439625728789], [-141.00148031059294, 62.48826520007236], [-141.0014802080303, 62.49710720727172], [-141.00148018082336, 62.50159549730817], [-141.0014802275575, 62.504153883540866], [-141.0014802524521, 62.50473733315843], [-141.0014802949427, 62.51254703596809], [-141.00148027410822, 62.51703534873251], [-141.00148031839854, 62.52165832864325], [-141.00148022124512, 62.52318438122077], [-141.00148030657851, 62.532430310124205], [-141.00148014502722, 62.534943795634575], [-141.00148025028903, 62.53557219485573], [-141.00148027204784, 62.53606582681425], [-141.0014801288146, 62.55554522089388], [-141.00148032784463, 62.57300479738621], [-141.0014802026124, 62.579288446640454], [-141.00148014730811, 62.586828870290496], [-141.00148031743888, 62.59302277786112], [-141.00148029050843, 62.606846853769454], [-141.0014802814891, 62.61124534349261], [-141.0014801881984, 62.61164930582442], [-141.00148033186846, 62.61173911783167], [-141.00148018815568, 62.612861184389615], [-141.0014802145763, 62.614656506622296], [-141.00148028911335, 62.616765997336906], [-141.00148024862756, 62.61739435701378], [-141.00148022003364, 62.61784318700712], [-141.00148026918274, 62.61842675009407], [-141.00148025850464, 62.619638570400426], [-141.00148028197012, 62.62031179384607], [-141.0014802498034, 62.62085040074409], [-141.00148021802624, 62.62138900962463], [-141.001480273083, 62.62619153115809], [-141.0014803254191, 62.629871954959235], [-141.00148021032575, 62.63287913725468], [-141.00148019409264, 62.63427051504674], [-141.00148035221903, 62.63848951987942], [-141.00148030216837, 62.639297416790356], [-141.00148028680573, 62.639746313909576], [-141.00148030681734, 62.64041951532898], [-141.00148014480416, 62.64077858600541], [-141.00148027467262, 62.64208019295816], [-141.00148030668157, 62.64387553006351], [-141.00148029669663, 62.647511080266185], [-141.00148019347102, 62.64921664876464], [-141.00148034296487, 62.65137104017155], [-141.0014802529561, 62.652807290603455], [-141.00148017011298, 62.65545544255855], [-141.00148026585717, 62.65832790773174], [-141.00148017313577, 62.683642122464654], [-141.00143542548486, 62.6998450213267], [-141.0014352474087, 62.72331896503887], [-141.0014353757621, 62.72471033066859], [-141.0014353443161, 62.73754693683641], [-141.00143531507857, 62.73947696880303], [-141.00143541527027, 62.74755591090973], [-141.00143539431733, 62.761963457762306], [-141.0014353302417, 62.77623637787], [-141.00143538287466, 62.79912681903514], [-141.00143540665965, 62.811200475143764], [-141.00143540133485, 62.822511067858386], [-141.0014354142658, 62.83938716602225], [-141.00143543423852, 62.86124531914143], [-141.0014353953372, 62.87295988157602], [-141.00143538262972, 62.87462052059777], [-141.00143529336802, 62.87668517394471], [-141.0014353662859, 62.88274436634989], [-141.00143528002437, 62.891272225444226], [-141.0014353252226, 62.89517708375443], [-141.00143542444016, 62.89939609874576], [-141.00143539705982, 62.90020403593897], [-141.001435373506, 62.90047327286558], [-141.00143542394142, 62.9043781392471], [-141.00143536579932, 62.90554505928449], [-141.00143534549784, 62.91658642379688], [-141.00143547075308, 62.916765907749465], [-141.00143537764006, 62.91725961464131], [-141.00143544423145, 62.977537876236475], [-141.00143532405284, 62.998633079730844], [-141.00143542601364, 63.0257874642943], [-141.00143541472445, 63.028435541035144], [-141.00143540025306, 63.03382150233868], [-141.0014353354827, 63.07080539868112], [-141.00143536279063, 63.082475047390176], [-141.001435367329, 63.09239422408194], [-141.00143538248003, 63.123632972264936], [-141.00143537067436, 63.12933316297946], [-141.0014353482942, 63.14100279483586], [-141.0014352511087, 63.17102976284549], [-141.00143536365078, 63.1741715671938], [-141.0013904120882, 63.24786993350633], [-141.00139049402932, 63.24971017559447], [-141.00139042261938, 63.250473182205376], [-141.00139056448552, 63.25164012047733], [-141.00139043872952, 63.25460245802398], [-141.0013903624617, 63.2686958070097], [-141.0013904649061, 63.344369033527606], [-141.00139051730702, 63.3574300476483], [-141.0013905542554, 63.37116435032086], [-141.0013905279328, 63.37592196778543], [-141.00139046493697, 63.399530564099244], [-141.0013904933836, 63.40060774079492], [-141.0013904336961, 63.4008321860536], [-141.00139045710037, 63.4130852961957], [-141.00139045403938, 63.435123063648014], [-141.00139048691804, 63.45442284140895], [-141.00139043950657, 63.47789682380904], [-141.00139040192084, 63.48180165064422], [-141.0013904452069, 63.48566163230997], [-141.0013904696472, 63.50370465553874], [-141.00139036331564, 63.504243308099674], [-141.0013903719865, 63.50442283763935], [-141.00139046331722, 63.50482677603367], [-141.00139056416643, 63.51618224361228], [-141.00139040608454, 63.53862390676377], [-141.0013905074864, 63.56124505060009], [-141.00139048123265, 63.57587706667165], [-141.00139051321813, 63.59679267979392], [-141.00139044756227, 63.598991910675075], [-141.00139049910032, 63.61591291514359], [-141.0013904691958, 63.617438926981464], [-141.00139055874743, 63.62031150197503], [-141.00139039053568, 63.62278007871779], [-141.00139044534583, 63.625293538419896], [-141.00134567515488, 63.648453313312395], [-141.00134573370244, 63.701774641275904], [-141.00134552102605, 63.72134377491175], [-141.00134560808692, 63.74953042499722], [-141.0013456397545, 63.756262967275106], [-141.00134567786594, 63.77120912336312], [-141.00134558560342, 63.77726836305083], [-141.00134552581122, 63.7967028235652], [-141.0013455016032, 63.85267226037878], [-141.00134555594087, 63.85460226110536], [-141.0013456593415, 63.8563975801512], [-141.0013457420846, 63.85958428711182], [-141.00134560110823, 63.87444061408056], [-141.00134551490152, 63.87726832399709], [-141.00134556217864, 63.879602237961734], [-141.0013454703669, 63.88539218816789], [-141.0013456356587, 63.89903673625571], [-141.00134564897925, 63.90765432678743], [-141.0013456054837, 63.91075119907762], [-141.00143534254235, 63.92704385928404], [-141.00134565095118, 63.95011391623438], [-141.00134563597888, 63.95392898906663], [-141.0013456233832, 63.96155915453105], [-141.00134569674185, 63.984943304141765], [-141.00134552600656, 63.99809414424441], [-141.00134569466394, 64.00617310222809], [-141.00134561562518, 64.01007793834333], [-141.00134558356484, 64.02726822350438], [-141.00134556753514, 64.03391102473961], [-141.0013456975239, 64.0379953514034], [-141.00134564368074, 64.04324674757191], [-141.00134560294165, 64.05339029941393], [-141.00134564902885, 64.05684635108953], [-141.00134561911383, 64.05810312716034], [-141.00134570151755, 64.05998818495993], [-141.0013455084663, 64.0615591053362], [-141.00134562901277, 64.0639379197338], [-141.00134560483136, 64.0677529914301], [-141.0013455348236, 64.0737673746602], [-141.0013456258712, 64.07637054240088], [-141.00134559572544, 64.07865961067343], [-141.00134561116792, 64.08184635045947], [-141.00134552742765, 64.08561654461676], [-141.00134568385536, 64.08705279561839], [-141.00134562679997, 64.09059854624289], [-141.00134561018228, 64.09154110485937], [-141.00134571871527, 64.09374040090492], [-141.00134565425253, 64.09751061651293], [-141.0013455578542, 64.10482659991867], [-141.00134571166612, 64.1055447111433], [-141.00134558968534, 64.10832748629994], [-141.00134567311946, 64.11335441982499], [-141.00134555492815, 64.1214333611519], [-141.0013456100424, 64.12295942166517], [-141.00134563548264, 64.12470986101543], [-141.0013456388273, 64.12794149379533], [-141.0013456789201, 64.13489838940008], [-141.00134555848828, 64.13916231392169], [-141.001345605876, 64.14854292059375], [-141.00134564254213, 64.15900071279044], [-141.0013456076778, 64.17565243786159], [-141.0013456171068, 64.17901866879811], [-141.00134547127624, 64.1847188437634], [-141.0013456128443, 64.1885339542668], [-141.001345544489, 64.20033823744932], [-141.00134563969112, 64.21429692372996], [-141.00134554149878, 64.23507787421511], [-141.00134566286198, 64.24818381656878], [-141.0013455813494, 64.25253746181772], [-141.00134554886515, 64.25944948042874], [-141.00134562524258, 64.2615590593252], [-141.00134557317492, 64.26622686118905], [-141.00134548214075, 64.27224126468427], [-141.00134564686016, 64.28045489940659], [-141.00134562464692, 64.28166677168153], [-141.00134558365866, 64.30114607644097], [-141.00134558759422, 64.30877620918518], [-141.00134557537163, 64.31196298429516], [-141.00134567493475, 64.31330947190821], [-141.0013456575854, 64.31353384055556], [-141.00134558727268, 64.31380313258221], [-141.0013455637628, 64.31393783655926], [-141.00134567586542, 64.31407247523087], [-141.0013456480098, 64.31474570042398], [-141.00134549554465, 64.3149701362307], [-141.00134555490516, 64.31514969909361], [-141.0013456022473, 64.32628067780918], [-141.0013456403324, 64.3462987185163], [-141.00134556521238, 64.36250154201548], [-141.00134552445098, 64.36353388238263], [-141.00134565830717, 64.36420710716226], [-141.001345494422, 64.37488934746848], [-141.00134552703926, 64.38099348322427], [-141.00134567147293, 64.38534715374999], [-141.00134562945647, 64.38817482596394], [-141.00134552542423, 64.3890275587696], [-141.0013456506611, 64.40069726216224], [-141.00134559231955, 64.40186423608466], [-141.0013456400513, 64.42354279132795], [-141.00134555640386, 64.43480850917813], [-141.0013455902882, 64.44751054255723], [-141.00134551255613, 64.45155000919507], [-141.00134563755282, 64.45909036262432], [-141.0013455420986, 64.48117299148224], [-141.00134565094248, 64.48660380555846], [-141.0013455004052, 64.49849791221803], [-141.0013455807748, 64.50294130940584], [-141.00134556242858, 64.50725014838862], [-141.0013455994269, 64.50931481264185], [-141.0013456986651, 64.52004187260918], [-141.00130075606504, 64.54939555186691], [-141.00130062076624, 64.55361457328408], [-141.00130074019972, 64.56200778269378], [-141.00130078980663, 64.57390181787201], [-141.00130073336757, 64.57821059407163], [-141.00130074883805, 64.61209754171307], [-141.00130071771056, 64.61645124536275], [-141.00130062106163, 64.61712446205522], [-141.00130071085516, 64.62439554248733], [-141.0013008247116, 64.63480843727152], [-141.00130077300923, 64.64831831921904], [-141.00130063269245, 64.66514958078986], [-141.00130070090685, 64.67318369659374], [-141.00130070219197, 64.68153192976618], [-141.00130075269155, 64.68211546730424], [-141.00130065969694, 64.68242960113946], [-141.00130081589145, 64.6829233510864], [-141.00130063846137, 64.68319265654797], [-141.00130072288314, 64.68386592423018], [-141.00130073546282, 64.68409027006895], [-141.00130077168882, 64.68431473202682], [-141.00130067972762, 64.68462886941558], [-141.0013006638085, 64.68489822757861], [-141.00130065859383, 64.68588564058533], [-141.00130070704435, 64.68682816256577], [-141.00130077598624, 64.68763606592708], [-141.0013006636258, 64.69575993037948], [-141.00130072725713, 64.69979944947465], [-141.00130069736102, 64.71299511725402], [-141.00130060560878, 64.72982637651397], [-141.00130078897976, 64.73130754156792], [-141.00130069655407, 64.73943143363962], [-141.00130069728783, 64.74988917044291], [-141.00130077256816, 64.75590354632831], [-141.0013007782626, 64.77179225437557], [-141.0013008128607, 64.7786594012572], [-141.0013007866596, 64.7791980288157], [-141.00130071634976, 64.77937751623381], [-141.0013008074459, 64.77955705418206], [-141.00130064559445, 64.77969169015844], [-141.00130071124187, 64.78054454618218], [-141.00130075432884, 64.78139728997134], [-141.00130069319866, 64.78682814639328], [-141.0013007975684, 64.80671146576132], [-141.00130074347956, 64.81128956072331], [-141.00130082282087, 64.81654090405883], [-141.0013007219823, 64.82717827718588], [-141.00130063108574, 64.83404538763473], [-141.0013006713492, 64.84266298082372], [-141.0013007370304, 64.86609200431253], [-141.00130079124577, 64.87295917734866], [-141.0013007076325, 64.8762356963172], [-141.00130073460338, 64.8788838381963], [-141.00130070043483, 64.88009557986567], [-141.00130060518728, 64.88700765959236], [-141.0013007674703, 64.90433257827915], [-141.00130077519933, 64.907025572263], [-141.00130070552623, 64.91155882838108], [-141.0013006501314, 64.91187297848556], [-141.00130071688184, 64.91209746680262], [-141.00130075991518, 64.91232183937456], [-141.00130062189126, 64.9197724741119], [-141.00130078774083, 64.92533799910863], [-141.00130062460286, 64.93723206393953], [-141.00130071669207, 64.94827335336878], [-141.00130057763747, 64.96124462578369], [-141.00130073972366, 64.9747095755255], [-141.00130066892586, 64.98175624386604], [-141.0013006661269, 64.98498788718146], [-141.00130068584122, 64.9921243102138], [-141.00130081689025, 64.99481730870644], [-141.00130077114153, 64.99598426371763], [-141.00130060680783, 64.996702409122], [-141.00130075869163, 64.99854266151246], [-141.00130063149916, 64.99908124805239], [-141.0013005941754, 64.9993954174552], [-141.001300698637, 64.99957491995907], [-141.00130062743364, 65.00006865867152], [-141.00134563859146, 65.01088554392003], [-141.00134571118946, 65.02035589009543], [-141.00134557834738, 65.03884783786778], [-141.00134561781445, 65.0399699517953], [-141.00139060900761, 65.04818353411596], [-141.0013905604859, 65.06088549650309], [-141.00139057994656, 65.06672035471529], [-141.00143528688858, 65.07273470005842], [-141.0014353709388, 65.07928767944571], [-141.00143532349767, 65.08642408543132], [-141.00143538489777, 65.08741156614275], [-141.00143537654935, 65.09306689019795], [-141.00148027891606, 65.10891068455143], [-141.00148022510592, 65.12237565655657], [-141.00148031769984, 65.12834513340013], [-141.00148017155655, 65.13198065931874], [-141.0015251229978, 65.13579572687485], [-141.00152505215752, 65.14858749168052], [-141.001525100092, 65.14975438403295], [-141.00152519897, 65.15042764925423], [-141.00152513300955, 65.1563522430956], [-141.00152502728994, 65.16591242090463], [-141.00157000991652, 65.17686396186755], [-141.0015699950712, 65.1844043399259], [-141.00157003367968, 65.18988012557432], [-141.00161489596866, 65.199574917514], [-141.00161488275717, 65.204512041979], [-141.00161492471128, 65.21326433308118], [-141.00161490718705, 65.22533793860914], [-141.0016598601813, 65.23911706526665], [-141.00165978682895, 65.24212421510721], [-141.00165974709122, 65.2495299567689], [-141.00165982847298, 65.2593145174522], [-141.00170475359818, 65.26519423138392], [-141.0017496088191, 65.29710628676956], [-141.00174953753225, 65.29988899491553], [-141.00174962966705, 65.31259098167796], [-141.00174945315138, 65.31519423340663], [-141.00174966223733, 65.31977231596879], [-141.00174957998317, 65.32228581558425], [-141.00179440946442, 65.33229476117839], [-141.0017944069077, 65.33718708066222], [-141.00183933189317, 65.36317449452204], [-141.00183924241108, 65.37417085391706], [-141.00183924905744, 65.37524808503666], [-141.00183920784198, 65.376729215741], [-141.00183935864914, 65.38413500465404], [-141.00188416992088, 65.40796802137537], [-141.00188411970046, 65.4128153703463], [-141.00188422722036, 65.41842576296459], [-141.00192912480043, 65.41905419003356], [-141.0019291123871, 65.42017623231828], [-141.00192902158625, 65.42102900648516], [-141.00192912490428, 65.42426059237239], [-141.00192911171388, 65.42672925746587], [-141.0019290082948, 65.432653784254], [-141.00192902799114, 65.43678308569724], [-141.0019289862186, 65.4394760767836], [-141.00192914671496, 65.44495179860681], [-141.00192901484743, 65.44607392203818], [-141.0019291888041, 65.44737551749738], [-141.00197398038668, 65.45451201667345], [-141.0019738968725, 65.46461072661238], [-141.00197393018092, 65.46842576184629], [-141.00197392486595, 65.47542756320517], [-141.002018967945, 65.48364121353757], [-141.00201888967945, 65.48669328430418], [-141.00201891637153, 65.49634317329992], [-141.0020188946694, 65.49935034608376], [-141.00201876571907, 65.50231266902124], [-141.00201891020248, 65.50612776839066], [-141.00201894738584, 65.51007745677784], [-141.00201884419891, 65.51303980549582], [-141.00206374887384, 65.51366810183492], [-141.00206384467228, 65.51416186553575], [-141.00206371447015, 65.51452088617822], [-141.00206381504148, 65.52372198768998], [-141.00206375309284, 65.52421572296709], [-141.00206366328266, 65.53579562495018], [-141.00210864491157, 65.55217802626763], [-141.00210854980807, 65.55711515697686], [-141.00210861277205, 65.56124444955081], [-141.00210859837065, 65.56505951751194], [-141.0021085972086, 65.56779734468891], [-141.0021086480613, 65.5698620209566], [-141.00215356484733, 65.58759088217201], [-141.00215356179092, 65.59432338980302], [-141.00215346498007, 65.6005621430507], [-141.00219842703993, 65.60976324695856], [-141.00219850642372, 65.61119951066439], [-141.0021983245694, 65.61169326999533], [-141.00219830062528, 65.61860524365315], [-141.00219848219157, 65.61990685725375], [-141.00219838317437, 65.62138799761676], [-141.00219841284624, 65.62470937113832], [-141.00219829455307, 65.63458371519162], [-141.0022432976488, 65.64526592104212], [-141.00224317308076, 65.66586737924317], [-141.00224324296795, 65.6660020462148], [-141.00224315669752, 65.67035571171614], [-141.00228806240722, 65.67385661470324], [-141.00228828532173, 65.68207023044714], [-141.00228823976408, 65.68310256618604], [-141.0022881780204, 65.6848529536531], [-141.0022881855488, 65.68557111941581], [-141.00228819390122, 65.68628928740945], [-141.00228807350382, 65.69369501177322], [-141.00228821719182, 65.69418870039766], [-141.00228808268443, 65.69463752756043], [-141.00228819987578, 65.69566985357892], [-141.00228826380928, 65.6992156446517], [-141.002288070978, 65.70195352782713], [-141.00237805336482, 65.73723179154446], [-141.0023777796791, 65.74279732724071], [-141.0023779862975, 65.749664459141], [-141.00237780768805, 65.75671113341309], [-141.00237796872327, 65.7621868699587], [-141.00237792008764, 65.7646555123582], [-141.00246766258527, 65.79975419405791], [-141.0024677642403, 65.80069678792385], [-141.0024676743602, 65.80361417150817], [-141.00246779340955, 65.80424255531871], [-141.00246777138383, 65.80428745404735], [-141.00246766917027, 65.80473625949458], [-141.00246769375667, 65.8122317715651], [-141.00246765801657, 65.81766269665347], [-141.0024676706357, 65.81788702078734], [-141.00246761791723, 65.83400019027935], [-141.00134562805016, 65.83808450256255], [-141.001345484395, 65.83943104706267], [-141.0024676488753, 65.8394310307759], [-141.00246762936757, 65.83947593616315], [-141.00246773312082, 65.83956568112247], [-141.0024677795873, 65.84005939295238], [-141.00246763131392, 65.8464777195802], [-141.00246760168767, 65.86766261300063], [-141.0024677148234, 65.8747542309914], [-141.00246759834215, 65.88171110090856], [-141.00246762764712, 65.89221379948748], [-141.0024676673225, 65.89243819365862], [-141.0024677091785, 65.8989462424755], [-141.00246775109784, 65.90267157328447], [-141.00246761742667, 65.9096734193142], [-141.00246774478848, 65.91519401489342], [-141.00246768952985, 65.9317110828856], [-141.0024676034411, 65.93723173015407], [-141.00246767026465, 65.94315634407349], [-141.00246771286518, 65.96088520666655], [-141.00246757121505, 65.96680982873843], [-141.00251254494705, 65.96802171405396], [-141.0025125669644, 65.97722276332331], [-141.00251248348314, 65.99975417737839], [-141.0025124589043, 66.12838965429009], [-141.00251253534117, 66.13952068458264], [-141.00251254880726, 66.1506966499943], [-141.00251246789952, 66.15096595766607], [-141.00251253470864, 66.15128016215927], [-141.0025126605013, 66.15136990452481], [-141.00251247256412, 66.15145966210767], [-141.00251262018122, 66.15150455868265], [-141.00251260168145, 66.151594367042], [-141.00251255810292, 66.15168405878998], [-141.00251256900125, 66.15267147143227], [-141.0025575266568, 66.17439502842464], [-141.00255750242107, 66.1863340270387], [-141.00251247860527, 66.2024470928162], [-141.0025126560237, 66.20536449364153], [-141.00255739186133, 66.25698031616601], [-141.0025574032921, 66.26945784237776], [-141.00255744687152, 66.27695337587122], [-141.00255744287878, 66.28889227038772], [-141.0025574558921, 66.3414057048446], [-141.00260227008917, 66.35154934267112], [-141.00255735942514, 66.38566068177468], [-141.00255758075664, 66.4047360654794], [-141.0025575747149, 66.40482584450297], [-141.00255739768784, 66.40491557276886], [-141.00255739167235, 66.40500535185268], [-141.00255738267427, 66.40514002053493], [-141.00260236555948, 66.4230035813568], [-141.00260235533003, 66.44086715117032], [-141.00260224178885, 66.47066961799966], [-141.0026023635488, 66.48099275878096], [-141.0026023963933, 66.48584018798464], [-141.00260240439442, 66.4921238112271], [-141.00260239314804, 66.50338951772538], [-141.0026023502188, 66.51425135161399], [-141.00260241324722, 66.64288681385491], [-141.00260239210328, 66.65222249879088], [-141.00260229480628, 66.6615582074251], [-141.0026023194951, 66.67004113505983], [-141.00260242287396, 66.67847926520263], [-141.00264725890833, 66.70119017051674], [-141.00264718348322, 66.72385627229211], [-141.00260237801086, 66.73144157057729], [-141.0026472965475, 66.73669285648646], [-141.002647260211, 66.74194424350672], [-141.00260223275055, 66.74957439335657], [-141.00260227450633, 66.74975394056138], [-141.00264720500994, 66.75446667478967], [-141.00264728865523, 66.75917942496852], [-141.00260233009163, 66.77152234404664], [-141.00264718476944, 66.90015784215716], [-141.0026471007056, 67.02879330941451], [-141.00264715509167, 67.15742881652864], [-141.00269207581223, 67.28601941262768], [-141.00269204782407, 67.39724025234186], [-141.00269214821452, 67.40141436291934], [-141.00269210634522, 67.40320967133997], [-141.0026920236965, 67.40567826699079], [-141.00269215768887, 67.40801221471524], [-141.00269203778825, 67.41079496907582], [-141.00269196942912, 67.41434077031165], [-141.00269212238732, 67.4159565540076], [-141.00269215687473, 67.50500502467739], [-141.00269209248316, 67.50787750499933], [-141.00269198474982, 67.51003194299791], [-141.0026919717535, 67.53633354089496], [-141.00269204928665, 67.54329047934311], [-141.0026921183192, 67.67192602075752], [-141.00269210999767, 67.8005614894505], [-141.0026922234671, 67.80778765982248], [-141.00269204177033, 67.85792230780244], [-141.00269215252544, 67.85846090048547], [-141.00273693045605, 67.88175537658803], [-141.00269212630968, 67.89234780312242], [-141.00269204310214, 67.92919697139043], [-141.0027370278594, 68.05783248452109], [-141.00269207417986, 68.18566005145581], [-141.00273707737898, 68.18610893983677], [-141.0027370373333, 68.19153982694897], [-141.00273696922747, 68.2052740610657], [-141.0027368911503, 68.20787733531056], [-141.00273683483613, 68.21330820528095], [-141.00273712824028, 68.21425074304611], [-141.00273700135162, 68.21716816148604], [-141.00273687121796, 68.21797607521995], [-141.00273687107403, 68.21806582309536], [-141.00273705422504, 68.21815562212552], [-141.00273705411206, 68.21824537003734], [-141.0027370540143, 68.21833511796731], [-141.00273695812788, 68.23188982594729], [-141.00273692814713, 68.28628845462322], [-141.00273692707592, 68.28938534543349], [-141.00273712795388, 68.29248230849467], [-141.002736948715, 68.29297604468664], [-141.00273692610287, 68.29346971513684], [-141.00273708778454, 68.29396343727076], [-141.00269198315846, 68.29441230473746], [-141.00269204090114, 68.30621659629583], [-141.00269219661283, 68.31066006442659], [-141.00269202177455, 68.31510347335534], [-141.00269226806574, 68.44373899043119], [-141.00269218109133, 68.46070486831796], [-141.0026921068931, 68.46671927416355], [-141.00269212353868, 68.49804773778446], [-141.00269201254815, 68.49836196734257], [-141.00089683674366, 68.49836196497014], [-141.0008967590835, 68.51393647562516], [-141.00089667996252, 68.52654868202525], [-141.00089677566007, 68.56604599546604], [-141.0008967808451, 68.57161149183993], [-141.0008967739634, 68.57686283662522], [-141.00089688478081, 68.593783812226], [-141.00085182643429, 68.60370305224322], [-141.00085190835978, 68.60720391027074], [-141.0008520116556, 68.6113332077526], [-141.0008517997997, 68.61806571435399], [-141.00085179068023, 68.63808362016208], [-141.00085190249266, 68.63902620175233], [-141.00085182524967, 68.63934040103003], [-141.0008519667284, 68.63960964637832], [-141.00085191220205, 68.63978924883516], [-141.0008519500549, 68.63987895817567], [-141.0008518956215, 68.64005856072505], [-141.0008519288941, 68.64118063130101], [-141.00085194289787, 68.64243730210366], [-141.00085188934858, 68.64261690553177], [-141.00085192769677, 68.64270661535745], [-141.0008518526819, 68.64302081684686], [-141.000851897715, 68.64324524228088], [-141.00085179709674, 68.64459169450166], [-141.0008517830164, 68.64486100886393], [-141.0008519136061, 68.64539957169313], [-141.00085190639297, 68.65585739227254], [-141.00085187403266, 68.66187176145095], [-141.00085188555119, 68.66200648180042], [-141.0008519856408, 68.66205130521072], [-141.0008518802038, 68.66317337156875], [-141.00085196773082, 68.66402616720114], [-141.0008518632254, 68.66541756264436], [-141.00085186052334, 68.66712311132679], [-141.0008518265622, 68.67506745261551], [-141.00085198861103, 68.68588434032314], [-141.00085186431627, 68.68839779525406], [-141.00085187541333, 68.69149476395239], [-141.0008518279974, 68.69315545274682], [-141.00085195264882, 68.70504951326086], [-141.00085183179945, 68.73817333864166], [-141.0008071154457, 68.8013690476389], [-141.00080698176248, 68.82892741303887], [-141.0008069394366, 68.83121644549357], [-141.00080705799965, 68.83256295790287], [-141.00080700766281, 68.83372987340623], [-141.00080703045154, 68.83597402119494], [-141.00080705412242, 68.83938522244014], [-141.00080709418364, 68.84737439424548], [-141.00080696314913, 68.8563061928911], [-141.00080699670121, 68.88233844581744], [-141.00080697699843, 68.88812842249142], [-141.00080706879652, 68.9178411599491], [-141.00080697960863, 68.92497765430309], [-141.00080703240772, 68.94593813653572], [-141.00080689973, 68.95796685333845], [-141.00076211974158, 68.97771543799301], [-141.00076210408497, 68.98368497156548], [-141.0007621026562, 69.0517728630135], [-141.00076212833014, 69.0584156866899], [-141.0007620211512, 69.07834383084743], [-141.00076195888235, 69.08144077616721], [-141.0007621695667, 69.08696140935272], [-141.00076199706066, 69.09441203640127], [-141.00076215945845, 69.10706910327056], [-141.00076203866226, 69.11074954578221], [-141.00071729202494, 69.16595598738375], [-141.0007171882059, 69.16802063109671], [-141.00071716839412, 69.18314632945456], [-141.00071715026, 69.18714093976362], [-141.00071724716193, 69.18763467716104], [-141.00071722024396, 69.19337971105372], [-141.00071716942483, 69.21196136709801], [-141.00071727899103, 69.21864897139152], [-141.00071724331377, 69.22206011066939], [-141.00071730796995, 69.22758078616866], [-141.00071716864534, 69.28642273350378], [-141.00067234358406, 69.34723955301632], [-141.0006722511659, 69.36586614876843], [-141.0006722652333, 69.36658430752611], [-141.00067236869984, 69.3669434128061], [-141.00067232097683, 69.3670779992679], [-141.00067231486676, 69.36788592279667], [-141.00067239741955, 69.36833479236974], [-141.00067242159452, 69.39611749692226], [-141.00067231317672, 69.41115344040148], [-141.00067235135612, 69.44459150051536], [-141.00062735946244, 69.47013002840404], [-141.0006275388876, 69.48498641378254], [-141.00062754763707, 69.50908874854574], [-141.00062757640364, 69.52111748334137], [-141.00062734846145, 69.52556089871263], [-141.00062754438613, 69.548451379515], [-141.0006275206097, 69.55038138730968], [-141.00062753461123, 69.5527602027774], [-141.00062739544455, 69.55545316039985], [-141.00062759317424, 69.56317309642553], [-141.00062736150628, 69.56613539206585], [-141.00062751870692, 69.57075837843912], [-141.0006275295409, 69.57390020641964], [-141.0006273909092, 69.5799594362346], [-141.00058247991257, 69.60150341385707], [-141.00058262706523, 69.61048008910207], [-141.0005826056551, 69.6170330217445], [-141.0005824957314, 69.61824491912948], [-141.0005824858979, 69.64127002566578], [-141.000627495334, 69.6471945894216], [-141.00067231393467, 69.64858596244936], [-141.0007621115374, 69.65118917782193], [-141.0009416397221, 69.65576730360429], [-141.0011660510615, 69.66133282566253], [-141.00192910145518, 69.68193425859978], [-141.0019739075966, 69.68215872429029], [-141.00206381561415, 69.6848965685608], [-141.00215344990576, 69.68776907355824], [-141.00237803166598, 69.69284091890772], [-141.00278170537692, 69.70365780153843], [-141.02423602233796, 69.70846030616768], [-141.03981052688886, 69.71070451385633], [-141.04102226000305, 69.71088401290169], [-141.05480154301412, 69.71330771058727], [-141.0705108213392, 69.7160007275194], [-141.072126687447, 69.7163148793084], [-141.1335718622894, 69.7253364302618], [-141.17446053097922, 69.72883733533419], [-141.1773329786164, 69.72910658664621], [-141.21139938337146, 69.73117125193241], [-141.24771003737052, 69.73395403096484], [-141.28958618845647, 69.73723051498669], [-141.3779164225643, 69.74414254541584], [-141.38384107577903, 69.7499773620366], [-141.40385897252122, 69.7556326820723], [-141.45287146618634, 69.77277810024738], [-141.52217124812003, 69.79367122850333], [-141.59147116657124, 69.81456440319555], [-141.67688385846168, 69.83525562276807], [-141.74609388376044, 69.84822688274832], [-141.80287141654472, 69.85491447151225], [-141.85920000438864, 69.86447461870473], [-141.91400250048827, 69.87205988118095], [-141.96000780108236, 69.88224845316489], [-141.99335610411188, 69.89126994085537], [-142.00969353676413, 69.8945912659564], [-142.0219018268616, 69.8970598640494], [-142.03900236651216, 69.90006703798461], [-142.05780855540937, 69.90334356758342], [-142.0790831169364, 69.90850509426218], [-142.10269167358152, 69.91537227072871], [-142.1110399435139, 69.91779596926695], [-142.1710938549806, 69.93525561369901], [-142.1858155399739, 69.94001318050748], [-142.1913811683456, 69.94185343255467], [-142.19560017540536, 69.94324484350331], [-142.2061027565703, 69.94670080595215], [-142.22244041704948, 69.95114422296828], [-142.23981025638105, 69.95473489560818], [-142.24609391663404, 69.95846022284266], [-142.25812244939027, 69.96429504913444], [-142.27068993354058, 69.967347092795], [-142.284469118831, 69.97156613469024], [-142.29667740635733, 69.97363079918858], [-142.30758397769765, 69.97569538076486], [-142.3076288601088, 69.9757402490999], [-142.31157851362158, 69.97776004803917], [-142.3123865410494, 69.98031836767557], [-142.31867007350667, 69.98296654198712], [-142.3272877201709, 69.98669180018545], [-142.3398999038764, 69.99086592810677], [-142.34950493892526, 69.9944566561752], [-142.3842446347388, 70.00226635585791], [-142.4251781813308, 70.01146741374937], [-142.43137205112976, 70.01433995532352], [-142.43743132663346, 70.0172124165963], [-142.45937935445946, 70.02538120023864], [-142.4802950188566, 70.03390903535589], [-142.59340083011926, 70.0613776299923], [-142.67333786775026, 70.08081212515627], [-142.70628232456238, 70.08821782687431], [-142.73173105745929, 70.09176360874997], [-142.76041155619941, 70.0954440150683], [-142.77042036445772, 70.09849609267167], [-142.79999847803413, 70.1063057667792], [-142.80138984331398, 70.10666481613617], [-142.80273627146664, 70.10702393104128], [-142.80291609491837, 70.10706878537776], [-142.8332570688747, 70.11119806114458], [-142.8582569325341, 70.11425014330368], [-142.8682661426542, 70.11748172058246], [-142.889675167955, 70.12349608967608], [-142.89007935181345, 70.1236307151714], [-142.92571666724604, 70.13121602092748], [-142.96965745409616, 70.14068636356836], [-143.00219772830042, 70.14580304829148], [-143.0279159010769, 70.15118906622084], [-143.05026774965876, 70.15985159019614], [-143.0876105540789, 70.16689825046379], [-143.1043970044609, 70.16918729063214], [-143.11332872460977, 70.17385510703255], [-143.12297870997898, 70.18058759343678], [-143.14147055420025, 70.1875893665145], [-143.1679068673333, 70.19351402953123], [-143.19559996430328, 70.19661096176307], [-143.21341854036822, 70.19970790996044], [-143.22643457257487, 70.20199692021913], [-143.2476644046136, 70.20226623927698], [-143.27019588060253, 70.2026253149709], [-143.29622803243186, 70.20168279230563], [-143.29717065196786, 70.20163791859387], [-143.311578165178, 70.20056066387973], [-143.32831979602696, 70.19934882789711], [-143.3607702620302, 70.19634165769801], [-143.385860011413, 70.19068637806514], [-143.40152430017264, 70.18592874158915], [-143.41144372073023, 70.183549908462], [-143.4447021001776, 70.18556972663461], [-143.45291569777763, 70.18808311531608], [-143.46180256995186, 70.19055171643588], [-143.47571647037063, 70.19293050476398], [-143.49142550796114, 70.19593771228914], [-143.50955846068138, 70.19665584786914], [-143.52410064017155, 70.19728421545082], [-143.53388511182376, 70.19768819466827], [-143.53761042858682, 70.19782282642593], [-143.54102159578514, 70.19800231208778], [-143.54856195894533, 70.19831652729161], [-143.55924413722775, 70.19876535387114], [-143.5689390541554, 70.19916926401108], [-143.57567147617343, 70.19943857863485], [-143.5844687016878, 70.1984062805502], [-143.59227826922404, 70.19750861881832], [-143.59999826789425, 70.1966558896338], [-143.60498029178186, 70.19607236815341], [-143.60991754327986, 70.19553375143475], [-143.61620105433113, 70.19481565889548], [-143.62230508415996, 70.19409750944473], [-143.6265690318407, 70.1936037790829], [-143.6310124648385, 70.19311008181752], [-143.6381489183898, 70.19230215683687], [-143.6429965489827, 70.19176355021395], [-143.646497236622, 70.19135963259127], [-143.65053689745818, 70.19086590380199], [-143.6608150559887, 70.18969890172825], [-143.6780950095793, 70.18772407777972], [-143.70358880031637, 70.18485151747582], [-143.7315063548075, 70.18166483043493], [-143.7556535262132, 70.17888207117501], [-143.77293350051818, 70.17690717867619], [-143.80363380195038, 70.17340630918909], [-143.83060857207673, 70.17035426691277], [-143.83904676189027, 70.17030936970953], [-143.84869661710053, 70.17021961741091], [-143.87966604657618, 70.17004008166997], [-143.89690128097808, 70.16995029660178], [-143.919298047255, 70.16981565326824], [-143.92814006293062, 70.16977076993577], [-143.9405727241445, 70.169681012261], [-143.9565512232913, 70.16676358860529], [-143.97024056681425, 70.1642500954922], [-143.99775395863674, 70.15922321756962], [-144.01157812883696, 70.15670973693086], [-144.01759245177988, 70.15433092376273], [-144.02854394497643, 70.1499323239444], [-144.04227818972086, 70.14445655386388], [-144.05686521687443, 70.13866661996349], [-144.07226028031127, 70.137454752719], [-144.0849172899529, 70.1364673625419], [-144.0891811539325, 70.13610826717304], [-144.14308607264266, 70.13184434442663], [-144.15412741997176, 70.12991436306493], [-144.18594964049794, 70.1243039647629], [-144.21341801022706, 70.11941170579553], [-144.24645222990677, 70.11357684758187], [-144.27899255971616, 70.10783184394367], [-144.2962277225186, 70.10477976283525], [-144.31655992643576, 70.10118908096226], [-144.32957607597794, 70.09890002575297], [-144.36696383113173, 70.09230222952132], [-144.37620988423689, 70.09234708667313], [-144.40673034630356, 70.09252662489152], [-144.43397458313763, 70.0927509976353], [-144.4705097618573, 70.08749968374582], [-144.48114702484725, 70.08592872631074], [-144.49672148587143, 70.08372947054932], [-144.52908233848763, 70.07906157557254], [-144.55336408129554, 70.06900779385388], [-144.56602124884512, 70.06371149890468], [-144.57010567023715, 70.06200597187302], [-144.59115588426124, 70.05329862836594], [-144.59892086650044, 70.05006703289396], [-144.60960298183159, 70.04562361002625], [-144.6380590740858, 70.03381927713538], [-144.6515238608325, 70.02820883811434], [-144.66947719355798, 70.02075824217981], [-144.67320241394634, 70.01918733083282], [-144.68146111970248, 70.01577624605467], [-144.70529419831647, 70.01927706527604], [-144.73648803952238, 70.02385517611411], [-144.7726640395161, 70.02919626227839], [-144.79627256664082, 70.03265229607113], [-144.80251147285972, 70.03359485233877], [-144.80533898326965, 70.03399885844276], [-144.81032095014382, 70.03471694690391], [-144.84335501532837, 70.03956433398679], [-144.92656869581162, 70.04001314524021], [-144.98608401692846, 70.07030939663429], [-144.99568902760834, 70.07241889151712], [-145.0073588083958, 70.07497723695558], [-145.01283442235456, 70.07618909884391], [-145.0220353475055, 70.07820885232421], [-145.0364429994199, 70.08135068248525], [-145.04313066876924, 70.08283186857025], [-145.0491899296043, 70.08413341525923], [-145.06498876828408, 70.08758947171692], [-145.13231360637184, 70.08803828471952], [-145.1465867714378, 70.08812803674955], [-145.16826528923897, 70.08826268780837], [-145.18918091563597, 70.08839732470724], [-145.20331922895556, 70.08848711250486], [-145.23190990693692, 70.0886666506128], [-145.27935136480255, 70.08898084422361], [-145.2895398897728, 70.09073128240131], [-145.31808569733658, 70.09566840346703], [-145.33550036726987, 70.09872054923467], [-145.3666046095493, 70.1127240977605], [-145.38774447660043, 70.11793052024201], [-145.45013224608053, 70.13314599003809], [-145.5034984694638, 70.13848707957143], [-145.5123854380838, 70.1393399146627], [-145.5282741013433, 70.14095569721577], [-145.5645397500011, 70.14454631702596], [-145.58792405218617, 70.15177253332979], [-145.64075154491837, 70.16806518634473], [-145.67975519483474, 70.18009393286351], [-145.69986291640538, 70.18628785238602], [-145.7418735967994, 70.19925909271495], [-145.7609491015675, 70.20267021504665], [-145.76808555980392, 70.20392692369165], [-145.81992576918756, 70.21326265883135], [-145.83078742574097, 70.21519267412472], [-145.8450154377659, 70.21775096260886], [-145.85816618139992, 70.22012980931069], [-145.8732023441188, 70.22282280009112], [-145.92616441060449, 70.23233802913366], [-145.98177495270153, 70.24230211884668], [-145.99595797598232, 70.2435588662002], [-146.0006707748153, 70.24400767847892], [-146.00762772067446, 70.24463609635268], [-146.10399198288584, 70.25329854862375], [-146.12620919131118, 70.25361271544969], [-146.16130813359922, 70.25406158694742], [-146.1951948488407, 70.25455525241648], [-146.20255563101713, 70.25464505152966], [-146.20605656986456, 70.25468994601378], [-146.2491896668487, 70.26734700883571], [-146.27930615474486, 70.27116214865595], [-146.37791480633882, 70.28372945402548], [-146.41175691348644, 70.2822931537765], [-146.45695424519417, 70.28040806961465], [-146.4994587609628, 70.28233800377029], [-146.54721458698486, 70.28449244931222], [-146.57710686252474, 70.285838926553], [-146.60897394372626, 70.28727520230706], [-146.63312110909146, 70.28610819418357], [-146.64371365125862, 70.28556965453426], [-146.65255566241808, 70.28516572016748], [-146.6842431770281, 70.28363961260723], [-146.70327377558078, 70.28269714038646], [-146.70897391848388, 70.28242780682989], [-146.74645145618342, 70.29185332723252], [-146.77786969187767, 70.31573120853393], [-146.81359677924738, 70.32654805485247], [-146.81988056241917, 70.32843321621867], [-146.84146949660123, 70.33494123618162], [-146.88837250147765, 70.3436935160635], [-146.92652332037, 70.35078503523347], [-146.97899173498877, 70.35415129720415], [-146.99999701068506, 70.35549780738387], [-147.01992523230393, 70.35617106899429], [-147.03361484975355, 70.35657498772001], [-147.05659492513516, 70.35733805630147], [-147.09640651374508, 70.3585947798648], [-147.10798628020012, 70.35729316241948], [-147.1259845525377, 70.35531827638816], [-147.13962897735237, 70.35379225109824], [-147.15228617489632, 70.3523559950517], [-147.15888395291645, 70.35163787416806], [-147.1648983417841, 70.35096463795777], [-147.1719002434237, 70.35015669346275], [-147.17504186518835, 70.35590175944593], [-147.1785428723113, 70.36232005280115], [-147.1826273438112, 70.36977066241604], [-147.20623582669106, 70.38022847600213], [-147.2259394914734, 70.38898073860535], [-147.2464513110573, 70.39436672776613], [-147.25569720997032, 70.39683528850054], [-147.2625642709582, 70.3986306627954], [-147.2773311087473, 70.40253549605504], [-147.29519455193042, 70.40424106602289], [-147.31359672543132, 70.405991466218], [-147.32836340449347, 70.40742775536013], [-147.35120884208567, 70.41936676065032], [-147.37252839810145, 70.43054266400136], [-147.38738496370388, 70.43328052186511], [-147.40955719471984, 70.43732008461839], [-147.4231568345446, 70.43983350936647], [-147.43617304106058, 70.44221230998387], [-147.4551584495159, 70.4457132227219], [-147.50803120880113, 70.446117164402], [-147.5312358517396, 70.44634155560486], [-147.56242957312634, 70.44656601070103], [-147.5778246787647, 70.44337930854718], [-147.58873126654055, 70.44113516389679], [-147.59842613338168, 70.43911539484888], [-147.60233088862412, 70.43830750726373], [-147.6034081083993, 70.43808300819376], [-147.61126267682897, 70.43646724403625], [-147.6128785667587, 70.43862166533599], [-147.62266299996256, 70.4471494439644], [-147.6381477934882, 70.4549143002947], [-147.65246547180354, 70.45971681002341], [-147.6724833919419, 70.46371143641913], [-147.70749259014994, 70.46963600328523], [-147.72445824642247, 70.47120692913236], [-147.74470063396782, 70.47196995478859], [-147.76916206177435, 70.47210460944999], [-147.7794403068113, 70.47188012691241], [-147.77679213667201, 70.47861265869324], [-147.7756253336052, 70.48489634328878], [-147.77845298252097, 70.4916737001954], [-147.78015843872342, 70.49297532919712], [-147.78891074812304, 70.49975273384322], [-147.78935953994053, 70.50011177325108], [-147.80201661938824, 70.50702373013293], [-147.8038569512134, 70.50814584969376], [-147.81853379663852, 70.52003996001042], [-147.84339905682333, 70.52677241284313], [-147.85408132408338, 70.52968988890949], [-147.8580757445327, 70.53081194750254], [-147.89963791652775, 70.54207763153302], [-147.90502389408073, 70.54230203562358], [-147.92019431013625, 70.54279572240719], [-147.9364419290153, 70.54333437859717], [-147.97854260579427, 70.54472572551148], [-148.00349777328083, 70.54557853386375], [-148.01988020483697, 70.54328951469839], [-148.051971592968, 70.53884605622035], [-148.0642249477554, 70.53503094295205], [-148.07827329209718, 70.53063240772566], [-148.09963780102163, 70.52398964202919], [-148.10583155162578, 70.51887295900782], [-148.11036490229145, 70.51510280169327], [-148.11507766020858, 70.51119795359314], [-148.12351571372074, 70.50415125255785], [-148.12692669553923, 70.50132363485582], [-148.13487102400993, 70.50442056851075], [-148.13873109195768, 70.50594656494975], [-148.16907227329335, 70.51775088570425], [-148.18379390477546, 70.5179304494343], [-148.21040966309815, 70.51824462806461], [-148.23388374465063, 70.52892680104134], [-148.26121760585278, 70.53287658768097], [-148.29250119858116, 70.53745469129507], [-148.31184589179867, 70.53678136442836], [-148.34209723803485, 70.53570419886756], [-148.35987101136683, 70.53507583259609], [-148.3943413269646, 70.53381910902054], [-148.40376687795464, 70.53350492300805], [-148.4114868057946, 70.53323560549698], [-148.4213161877972, 70.53287655568165], [-148.45080466850555, 70.5225085167681], [-148.47243842061394, 70.5149232292541], [-148.50273450340248, 70.50433081701462], [-148.50452993180994, 70.50217635828874], [-148.50717812799834, 70.4990345446322], [-148.51494283716096, 70.48969888035279], [-148.51521221651825, 70.48314589147128], [-148.51548147892802, 70.4774905726086], [-148.51144194479483, 70.4740794159321], [-148.50452982318103, 70.46819975598825], [-148.49838082467107, 70.46308305641224], [-148.4938028088482, 70.45908840133308], [-148.48702527038972, 70.45329850357939], [-148.4932641985824, 70.45531820554925], [-148.50906309813112, 70.46034518548421], [-148.51346168898309, 70.4617365538651], [-148.52050831991806, 70.46398066806519], [-148.54887444507125, 70.47295738980367], [-148.60071485457752, 70.47560549469591], [-148.65174700914093, 70.47816384753665], [-148.66727663340805, 70.48579396948426], [-148.6718996135341, 70.4880381715881], [-148.68105591656723, 70.49257136395815], [-148.68908984957176, 70.49652110465902], [-148.69604686715113, 70.49993224904202], [-148.71180088409542, 70.50765215820745], [-148.7381922196022, 70.51384604493161], [-148.76471817774114, 70.52008481562899], [-148.7872496269203, 70.52538107122125], [-148.81965546742646, 70.52681731911764], [-148.84959259299464, 70.52816383782614], [-148.8663339821055, 70.52888197181308], [-148.88576863897183, 70.52973474317248], [-148.92373982589345, 70.53144034516059], [-148.94101996185427, 70.53220331625542], [-148.96516705171447, 70.53328048961345], [-148.97495165520164, 70.53368444153247], [-148.98029272437054, 70.53516563842712], [-149.0145387690183, 70.54459107636816], [-149.04030158397669, 70.55163778835048], [-149.04851533107524, 70.55388193047048], [-149.090481162712, 70.56541694615703], [-149.11907173512762, 70.56824460251549], [-149.14353312669124, 70.57066831004876], [-149.16875767699798, 70.57318173107133], [-149.182447060635, 70.57452824262765], [-149.21736625520927, 70.5829213754334], [-149.22091202897425, 70.58314580710615], [-149.24671987457774, 70.58467191077769], [-149.26902709114773, 70.5860183550205], [-149.29591216875045, 70.58763414988562], [-149.2984703040192, 70.5880381253874], [-149.302285354542, 70.58857671002171], [-149.3055170474399, 70.58907039096154], [-149.33033755455295, 70.59266111094365], [-149.35107367405325, 70.59566825859876], [-149.3722137084432, 70.59872036888231], [-149.40735725226114, 70.60383705237776], [-149.42562476356372, 70.60500398122882], [-149.45996045329724, 70.60724820801887], [-149.4666481630382, 70.6076521179144], [-149.46969998291863, 70.60787654100984], [-149.5377431965822, 70.61227511920005], [-149.55991547172093, 70.61371133508926], [-149.59227646367154, 70.61582090108116], [-149.6360376660953, 70.6186485482503], [-149.67988843405146, 70.62147619775445], [-149.71911646266594, 70.62192502630712], [-149.73320995834604, 70.62008477881602], [-149.74896396715914, 70.61802018382106], [-149.75345234239063, 70.61743670829321], [-149.79595683881885, 70.6118711191678], [-149.80327277904323, 70.6120506967124], [-149.82697112125553, 70.61254444253373], [-149.84277013863112, 70.61290344883372], [-149.8678148202423, 70.61344207165352], [-149.89227637796193, 70.61393579732122], [-149.92952952029788, 70.6147436567726], [-149.93374843905434, 70.61407044664301], [-149.96000519739718, 70.60971679961723], [-149.96794948036887, 70.60841513357403], [-149.99339822224337, 70.60419609717273], [-149.99725829145467, 70.6026252401953], [-150.00924213993954, 70.59768803383126], [-150.02046285371605, 70.59306503689433], [-150.03352401724194, 70.58767909160653], [-150.0509387647993, 70.59149417095412], [-150.07432292849833, 70.5966557236812], [-150.0966299256083, 70.60150309557854], [-150.11785969447212, 70.60617098111429], [-150.13110030195085, 70.60599145602929], [-150.17710565580757, 70.60531822836808], [-150.20596551612255, 70.60486935476202], [-150.2260284775214, 70.60460001611207], [-150.22997808246274, 70.60451031564611], [-150.23801230825094, 70.60442056334315], [-150.24272491123403, 70.60433074974891], [-150.25044490865773, 70.6018622172554], [-150.25349693939427, 70.60087474563], [-150.29353277319308, 70.58808300507754], [-150.30475370566376, 70.58444749754545], [-150.32320075235359, 70.5785677974279], [-150.33101045392874, 70.56959106084386], [-150.33603725220013, 70.5638011615645], [-150.34523854960858, 70.55325354345763], [-150.35300325395374, 70.55361259972872], [-150.3651665558275, 70.55424101905614], [-150.398290490405, 70.55594657681826], [-150.4353192196824, 70.55783170391277], [-150.45695309474388, 70.55486935287016], [-150.47373925780332, 70.55258032357597], [-150.50080385222066, 70.54885497518254], [-150.51404456789203, 70.54916921813168], [-150.52997812711848, 70.54957312279231], [-150.5639994322705, 70.55038105398793], [-150.58177327500982, 70.55082986446757], [-150.58572316245233, 70.55091966687267], [-150.58940348984677, 70.55100939378362], [-150.60152212539458, 70.55127870571124], [-150.65233000954976, 70.54486037868719], [-150.65910729865183, 70.54503989954557], [-150.66503184245403, 70.5451746104466], [-150.68693490649204, 70.54571322914516], [-150.72095657998327, 70.54652107998942], [-150.75026526545116, 70.54723923860087], [-150.76969960940266, 70.54773295037653], [-150.78276078275096, 70.54804716311338], [-150.79514856072834, 70.54836125709119], [-150.8065938474979, 70.54643128031704], [-150.823604467772, 70.54355875374718], [-150.8395382136626, 70.54086578134348], [-150.8582543926439, 70.5377239722665], [-150.87113586848773, 70.53552464902278], [-150.88231173447696, 70.53148519808455], [-150.8960014232605, 70.52650311821581], [-150.91031894622427, 70.52129669305572], [-150.91866720223805, 70.51828951046681], [-150.92970870190953, 70.51429491189154], [-150.96090246994305, 70.5097617042706], [-150.999726585574, 70.50415129274273], [-151.0446547819613, 70.49764316258833], [-151.05273370832128, 70.49732902080231], [-151.05969060370214, 70.49714944816472], [-151.07836198797153, 70.49652111784476], [-151.10071401622918, 70.49580293024867], [-151.11983426620165, 70.49517465072228], [-151.1322668836034, 70.4947706892966], [-151.1397623302802, 70.49454620866847], [-151.14294904120885, 70.49445645395697], [-151.18985226731536, 70.49293045265179], [-151.20161153335275, 70.4901476403487], [-151.21875688378114, 70.48610818423167], [-151.23285027158178, 70.48278680889446], [-151.31498671340876, 70.46344207533635], [-151.32140516131597, 70.46460907048066], [-151.32800288154945, 70.46582092901384], [-151.33222195322242, 70.46658396208227], [-151.36925061389928, 70.47340621024608], [-151.38962762124862, 70.4753810382877], [-151.39824524202294, 70.4762338780475], [-151.4213600692427, 70.47852289436645], [-151.42504067299907, 70.47888195828837], [-151.47786810604774, 70.48408843853666], [-151.53756299479787, 70.48996810644228], [-151.5488736362864, 70.49109018343098], [-151.54770676918798, 70.50410635635082], [-151.5409292447769, 70.50899860230992], [-151.52782326592535, 70.518424162795], [-151.51049836537211, 70.53085685699752], [-151.50708737285808, 70.5332805064623], [-151.50331711470835, 70.53601842338014], [-151.50901735825875, 70.55096450153144], [-151.51171021796364, 70.55796635333785], [-151.5167820225699, 70.57134155589516], [-151.5406150280589, 70.58081193528488], [-151.54353244579536, 70.58197890292101], [-151.54622550846523, 70.58305605606705], [-151.57665641450149, 70.58785863356412], [-151.60030988369354, 70.59162877948934], [-151.6127425114986, 70.59360366018068], [-151.61830803028286, 70.59643131966665], [-151.629483934747, 70.6020865870759], [-151.63464549718492, 70.60468979746143], [-151.6969434853934, 70.63624276032529], [-151.7592415888006, 70.66779569724707], [-151.7654355421881, 70.67093756520754], [-151.8105432829729, 70.69376071993882], [-151.85565090710855, 70.71658388651308], [-151.9118446714043, 70.74503989243621], [-151.99124326394, 70.78534504629917], [-152.01090225313527, 70.7952193886833], [-152.03397222744596, 70.80688904473811], [-152.0463598874496, 70.81317270700218], [-152.0477514693973, 70.81644917120971], [-152.04972613150878, 70.82116192143091], [-152.05228457567716, 70.82726608719624], [-152.0540798063883, 70.83148505961195], [-152.05816423364212, 70.84117990842547], [-152.08074058003933, 70.84405245035053], [-152.12279611622776, 70.86245457224825], [-152.15183560723156, 70.87511163903054], [-152.1643132029296, 70.87722112554893], [-152.2463151200664, 70.89095545177014], [-152.27535446762332, 70.89580280775401], [-152.2956416757408, 70.89921397562345], [-152.3112612743555, 70.90181716779912], [-152.3183976228793, 70.90302907681323], [-152.34241012922266, 70.90706857687415], [-152.3542593702906, 70.90792136050653], [-152.36624316708736, 70.90877410086341], [-152.38015697806736, 70.90976152949922], [-152.39640479301022, 70.91092851713978], [-152.43495935010307, 70.9190524025755], [-152.46247288555355, 70.92479741754343], [-152.47243689281552, 70.92690695666852], [-152.50973516854407, 70.9347166174576], [-152.53078519954573, 70.93471665501909], [-152.55906189344668, 70.93467175606939], [-152.58886423131594, 70.93467180133243], [-152.6089720459362, 70.93462684333518], [-152.6243668765974, 70.93462687583924], [-152.63527367751084, 70.9346268548962], [-152.65834355654732, 70.93458195517388], [-152.66817298998197, 70.93458203340914], [-152.6799325342171, 70.9345820163973], [-152.70291261766675, 70.93893566152036], [-152.7470779383598, 70.94728397510963], [-152.77068646067934, 70.95177232625248], [-152.77777808863954, 70.9531188354637], [-152.8168263995129, 70.96052453418301], [-152.86247266719616, 70.9641600996727], [-152.90946574452593, 70.96231985514818], [-152.9162430758186, 70.962050597478], [-152.92311010458766, 70.96178128459086], [-152.92728419716556, 70.9616017217067], [-152.93181744710574, 70.96142214886643], [-152.9347349149908, 70.96128759361065], [-152.93899888611415, 70.96110798480875], [-152.96372941291665, 70.96465382917754], [-152.97566839777963, 70.96635939160333], [-152.9875624462979, 70.96806491036445], [-153.00012996164983, 70.96986027693397], [-153.03756244934655, 70.96833423866751], [-153.05273312769717, 70.96770586026463], [-153.07930389216153, 70.9697256464802], [-153.08697892966393, 70.9703090678116], [-153.13702389004382, 70.97407925100885], [-153.1679036988793, 70.97336114900294], [-153.20475284742284, 70.97250836772736], [-153.2422303492682, 70.97170047459103], [-153.27432192482348, 70.97093742486828], [-153.3310542452037, 70.96097340284976], [-153.37261632807125, 70.95361249012312], [-153.37777778229713, 70.95271483598921], [-153.44505795064924, 70.94086568132646], [-153.48917813496126, 70.93763406840793], [-153.51238283775467, 70.93592850736052], [-153.52822676528444, 70.93655686044086], [-153.533926840609, 70.9367813250934], [-153.54559644222851, 70.93727497862498], [-153.62966288933413, 70.94059635117323], [-153.69052471185182, 70.94302003007428], [-153.74236488095, 70.94503981179443], [-153.79977052882148, 70.94180822055347], [-153.81260721415964, 70.94109010438777], [-153.81844192939718, 70.94077590116878], [-153.83635055189967, 70.93974355949152], [-153.84214036447045, 70.93942943415563], [-153.84496791572533, 70.93929471308842], [-153.89344207926715, 70.93655684187355], [-153.89918696663585, 70.93619778548455], [-153.90847774943887, 70.93772384545731], [-153.91184424671303, 70.93826240527717], [-153.9138189424517, 70.93857658257676], [-153.95843295746553, 70.9458028142925], [-153.98190705182688, 70.94961789317234], [-154.04788537217533, 70.96034498594535], [-154.0517003905977, 70.96097331645737], [-154.1184418654387, 70.9717902857707], [-154.1206860300425, 70.97214933020493], [-154.18810075696152, 70.98310086103506], [-154.1900756649043, 70.98341503834803], [-154.24151172249, 70.99171844665484], [-154.2567721416435, 70.99423188014852], [-154.25897143415912, 70.99459097146656], [-154.30937539199724, 71.00275968519776], [-154.32580263169606, 71.00540785071058], [-154.33011139703152, 71.00612593831677], [-154.36682595126484, 71.01205057751615], [-154.43769681799787, 71.02354064401776], [-154.49878280482625, 71.05536292040239], [-154.51516522785934, 71.06119769826908], [-154.53311873699622, 71.06757115616327], [-154.56803783629093, 71.08000390483868], [-154.626296303671, 71.10073989166322], [-154.6571310134951, 71.10994103821182], [-154.67494988206124, 71.11523720884242], [-154.68819040467142, 71.11923188279482], [-154.72248115819957, 71.12946518837245], [-154.72782245418188, 71.13103613089586], [-154.73994080919294, 71.13467171537445], [-154.7714488740485, 71.14405228196482], [-154.80443799483564, 71.15392666019677], [-154.8213141231047, 71.15895354482807], [-154.9109909991403, 71.1791959467222], [-154.96417770686006, 71.19122459763044], [-154.98361215980367, 71.19562319806202], [-155.0033159206352, 71.2000666558169], [-155.0247253069262, 71.20356752366037], [-155.04344152748268, 71.2066196071994], [-155.06314526909, 71.20985118213657], [-155.0870682065173, 71.21375604392317], [-155.10030880652857, 71.21595530385768], [-155.14644870877316, 71.22349569186812], [-155.1914667187026, 71.22690686263769], [-155.22530877749202, 71.22951007918772], [-155.24891743162974, 71.23135027951923], [-155.25847742040688, 71.23206848055426], [-155.30017400123634, 71.23525514600657], [-155.32979706121677, 71.24149392014778], [-155.33904291825243, 71.24342391486515], [-155.37876474353584, 71.25177216782465], [-155.38702310702598, 71.25347770948906], [-155.42252584680864, 71.26097331384082], [-155.4396713151811, 71.26456393651992], [-155.45888133168495, 71.2686034452907], [-155.49303754730164, 71.27174530995396], [-155.54119722384507, 71.27623355204285], [-155.54227433614437, 71.27632334688924], [-155.61013797701295, 71.28260701367918], [-155.64869276978584, 71.28619768982361], [-155.65793869988642, 71.28705050309026], [-155.66965313878833, 71.28660161833838], [-155.697929733935, 71.28556927774828], [-155.70439290494332, 71.2852999733819], [-155.723064287223, 71.28462674973667], [-155.74761542911503, 71.28368418497284], [-155.75623318493092, 71.28337003469561], [-155.75901578040688, 71.28516535431739], [-155.76009317380263, 71.28583858513015], [-155.76143951610158, 71.2866914136097], [-155.7663767688785, 71.28987807453375], [-155.7809637713779, 71.29916894849364], [-155.79088287357735, 71.30545264105211], [-155.82737310920754, 71.32870217369006], [-155.84519170337495, 71.33390861267083], [-155.8753981883237, 71.34275065330039], [-155.89591005385532, 71.34876496040654], [-155.9264304987612, 71.35769673513427], [-155.95017365560753, 71.36128742617069], [-155.97871945803453, 71.36559623284987], [-156.0031810927247, 71.36927663548356], [-156.06099053615452, 71.3779840348597], [-156.1153442603414, 71.38619762729735], [-156.15331557058573, 71.3919427174736], [-156.1621126844728, 71.39328922710567], [-156.1775974280521, 71.39562316908855], [-156.19694204357236, 71.39854058625313], [-156.20959910367733, 71.40042566181125], [-156.225981538028, 71.40289418112506], [-156.23917727728596, 71.40491400876276], [-156.24806419075765, 71.40626051792007], [-156.2616190120947, 71.40688884521224], [-156.2708199229862, 71.4073376928645], [-156.2856763226131, 71.40805578209003], [-156.29469782341317, 71.40850465203202], [-156.30618800489233, 71.41142203951397], [-156.31000311761346, 71.4124095011998], [-156.3164662427704, 71.41402531811025], [-156.326385652412, 71.41653873487647], [-156.35618801848136, 71.42412407380473], [-156.40062253568544, 71.43538972511668], [-156.4275075412189, 71.43678109115282], [-156.44734594872918, 71.43776854443946], [-156.46004794164804, 71.43839691983337], [-156.48774084415146, 71.43978827307923], [-156.51292039733684, 71.43655672644675], [-156.53868334233954, 71.43323534378045], [-156.55030819264184, 71.43175415091389], [-156.58226520069346, 71.427669782707], [-156.58926701325606, 71.42398941061421], [-156.61511960969173, 71.4103897621819], [-156.63020048128107, 71.402490307382], [-156.63253442752514, 71.40127839200346], [-156.6422742326989, 71.3961168475109], [-156.67297432696674, 71.39010249175631], [-156.70030834118566, 71.38476137038091], [-156.71862057786498, 71.38117076629429], [-156.72732776931596, 71.37946517387314], [-156.76085565632403, 71.37286732231415], [-156.82216633685047, 71.35186195534735], [-156.84411428480908, 71.34436643525136], [-156.8553350779029, 71.34050648637623], [-156.87441047620842, 71.33395346730461], [-156.8946975656132, 71.32699661630416], [-156.91462588903883, 71.3201742979128], [-156.92970654694946, 71.31501277757953], [-156.94083758793923, 71.31119769466288], [-156.96072103928267, 71.30091939146998], [-156.96862039504455, 71.29687992438919], [-156.97485922954624, 71.29364828555364], [-156.9869777211449, 71.28740950131534], [-157.00160971605925, 71.27986910884229], [-157.03118781468885, 71.26465367460544], [-157.0677677301795, 71.24571292756413], [-157.09990421307901, 71.2291509919133], [-157.12607103762824, 71.2156411506395], [-157.1358555446514, 71.21061424376319], [-157.15358465116387, 71.20145803450102], [-157.20147500692315, 71.17677219554662], [-157.21341404169854, 71.17057830790995], [-157.21534400023586, 71.16959092131998], [-157.23455406369354, 71.15971657396987], [-157.23958094776896, 71.15711334211646], [-157.2648950368587, 71.14100020845808], [-157.2926330498911, 71.1233611251682], [-157.3113493804424, 71.11146706242906], [-157.34828832351675, 71.08799304403105], [-157.35964372743058, 71.08301103110283], [-157.38809976667991, 71.07057834977586], [-157.44456294791152, 71.04593741676584], [-157.4573993650359, 71.04032704834427], [-157.47517335654294, 71.0325622593687], [-157.48015536023857, 71.03036293864218], [-157.49707633344045, 71.02300209136077], [-157.499859010424, 71.02179020537993], [-157.53244429465636, 71.00756219772528], [-157.53823424072453, 71.0059015428537], [-157.5394459968643, 71.00558738490636], [-157.54564015781767, 71.00379204083379], [-157.5513401442903, 71.00217622614765], [-157.5525970408672, 71.00181715331772], [-157.5598679353282, 70.99975255239268], [-157.56686992857115, 70.9977776519904], [-157.57643011714617, 70.9950846709899], [-157.58661857830882, 70.99216723941682], [-157.59725572023623, 70.9891600850033], [-157.60748916675988, 70.98624260753147], [-157.63006551384413, 70.97982434897327], [-157.6484227464113, 70.97461788705344], [-157.6604065527546, 70.97120677420408], [-157.67476936419362, 70.96716724819325], [-157.6979291558225, 70.96056941629394], [-157.71247132091636, 70.95644016407086], [-157.73091819451253, 70.95118877726057], [-157.74914077662754, 70.94602726433226], [-157.7692485952969, 70.94032702278756], [-157.7964926982656, 70.93260708752794], [-157.81525406375215, 70.92726602413893], [-157.83926650909007, 70.92210442718711], [-157.85865602002616, 70.91788540876885], [-157.87853931360019, 70.91357661910915], [-157.9048860196445, 70.90792131419765], [-157.93145667776977, 70.90217628235658], [-157.95264181068214, 70.89939348509598], [-157.97530772835225, 70.89647612019762], [-158.001609282912, 70.89306493768443], [-158.0249486260224, 70.89005775420479], [-158.04106181635925, 70.88794827436153], [-158.06529866740325, 70.88480646362032], [-158.0831174012071, 70.88251742326055], [-158.1054693377794, 70.87959999872876], [-158.1300204566373, 70.8764132366867], [-158.15214786961832, 70.87354069759719], [-158.17144783423623, 70.87102729211566], [-158.19195938145617, 70.87116189316802], [-158.21134906348098, 70.87129652956777], [-158.23257875291898, 70.87143116258397], [-158.24909589245183, 70.87152102207801], [-158.26471520916596, 70.87161069902353], [-158.27862911743603, 70.87170053217916], [-158.29469728374767, 70.87179027781147], [-158.32369196829166, 70.87196977367606], [-158.33352121157282, 70.87201467076756], [-158.37705808669898, 70.87677228658335], [-158.38405978219322, 70.87753535483104], [-158.40044228830592, 70.87928583096173], [-158.42131292388999, 70.88157486187993], [-158.43913167260524, 70.88350478210027], [-158.45223745721302, 70.88494109693657], [-158.470594780833, 70.88821759260946], [-158.48984988721432, 70.89162867940637], [-158.49590908348492, 70.8927059040898], [-158.52176174567475, 70.89732883160632], [-158.53545109820476, 70.89975257913478], [-158.5420938504247, 70.90091952210277], [-158.54599870049623, 70.90163766518002], [-158.55273119818094, 70.90284954071039], [-158.560944814237, 70.90796619454817], [-158.56642075044897, 70.91142218171156], [-158.5714925189323, 70.91460891159596], [-158.57571160203128, 70.91725702336058], [-158.58217468437635, 70.92134143559252], [-158.58706696269164, 70.92439352139769], [-158.59308140930128, 70.92816370843047], [-158.59774935368893, 70.93112595144882], [-158.6011155411166, 70.93323547027232], [-158.6045714888155, 70.93538986480317], [-158.60861086939013, 70.93794824288955], [-158.61462539228978, 70.94171840874559], [-158.62077442355138, 70.94557842221373], [-158.63998432974185, 70.95015645228686], [-158.65484083936872, 70.95374718094241], [-158.66081021067, 70.95518345634895], [-158.67315323411628, 70.95814571189311], [-158.67782104375695, 70.95926784021023], [-158.6973453219731, 70.96061429392775], [-158.7022375838527, 70.96092846900034], [-158.71579219130396, 70.9618710065505], [-158.7340150150898, 70.96312776313421], [-158.74519080603196, 70.96263408771097], [-158.75246198448104, 70.9622750160278], [-158.76341359429478, 70.96178124446536], [-158.77539725680114, 70.96124266826202], [-158.7872016234122, 70.96070407599144], [-158.7970759005766, 70.96025527948018], [-158.8063218709557, 70.95985130116084], [-158.81449062644487, 70.95949219747747], [-158.8306934681277, 70.95877408308537], [-158.84783882370326, 70.95796619868726], [-158.86677954858004, 70.95711341031156], [-158.88316201594975, 70.95639524525471], [-158.89514597133882, 70.95585670764396], [-158.90502022613398, 70.95536298839336], [-158.9283145393836, 70.95235577122888], [-158.94299148879344, 70.95042575707792], [-158.9543918687596, 70.94898953571541], [-158.9722553461755, 70.94665562845626], [-159.02081911906984, 70.94037195872411], [-159.03589999001022, 70.93839709425397], [-159.04088198499923, 70.93776872856516], [-159.04577431914873, 70.93714034979969], [-159.07943663007833, 70.93274175806428], [-159.23845827321082, 70.92026423092561], [-159.28679742493338, 70.91281360400708], [-159.3259356127994, 70.9067543477873], [-159.44873647053143, 70.88772381986918], [-159.55901468550334, 70.87066816656386], [-159.56655499275703, 70.86950126729792], [-159.597524541427, 70.86469874036437], [-159.7213574597043, 70.83790338005713], [-159.75546885181834, 70.8305425721371], [-159.7802891518482, 70.81986028375186], [-159.78984926323872, 70.81573103894557], [-159.8793916886948, 70.77717627162296], [-159.89168967309257, 70.77286751480355], [-159.95066625275047, 70.75213143803951], [-159.9648043676724, 70.74714934438371], [-160.0156122588651, 70.72928584587282], [-160.02593549679818, 70.72565028991782], [-160.04236265311357, 70.71986036182419], [-160.1023268903951, 70.69499505173401], [-160.1771023625418, 70.66398067206087], [-160.2246339201573, 70.6442319728129], [-160.2445620563431, 70.63597348154694], [-160.27158177631367, 70.62116198267321], [-160.30394256449443, 70.60338821100429], [-160.3590816183389, 70.58233790876136], [-160.4142208063307, 70.56128772525713], [-160.49079171192588, 70.5353899979461], [-160.55744346371884, 70.5128586314005], [-160.5861237812347, 70.5032086942803], [-160.59981317998225, 70.49854079618204], [-160.64487610762927, 70.48328048858092], [-160.66516323569672, 70.4764582281906], [-160.76704823764632, 70.45096455128675], [-160.86893329340236, 70.42547085327858], [-160.90784711734526, 70.41573118440884], [-160.9369314983418, 70.40998609473331], [-161.03809851308702, 70.38987836330354], [-161.18046831499265, 70.36797538073633], [-161.21148269232404, 70.36321776178048], [-161.2246334261654, 70.36119798557736], [-161.31511819651826, 70.3472392931998], [-161.4434394474833, 70.3496181077837], [-161.49442695721672, 70.35056067228359], [-161.50492967676638, 70.35074014706694], [-161.68473219379567, 70.36649418428755], [-161.75178778753377, 70.3723739025657], [-161.76745199121888, 70.37376530510745], [-161.81884334323814, 70.37825363407453], [-161.86036038275094, 70.38193404802522], [-161.87023465260705, 70.38278685222915], [-161.92781989413993, 70.37686220675515], [-161.94864587060192, 70.37475276102815], [-161.98971400097514, 70.36137753209154], [-162.0001269547649, 70.35801128061229], [-162.03082714486314, 70.34867553440981], [-162.0415991485244, 70.3454439588437], [-162.1230174522408, 70.32080305349047], [-162.22122203615342, 70.29109027879343], [-162.31332260978388, 70.26321773214724], [-162.32418426702745, 70.25989636750316], [-162.39469589021274, 70.23857681554523], [-162.46520750125939, 70.21725723500369], [-162.53556204380848, 70.18204636859986], [-162.60591674450836, 70.1468353533758], [-162.66278386992627, 70.10733812820435], [-162.7039642657447, 70.0787474904455], [-162.7451446885691, 70.0501568055083], [-162.75910328789863, 70.04050686557257], [-162.81879825952046, 69.99903469250096], [-162.85730800264224, 69.97942076783282], [-162.87835832873435, 69.9686936154007], [-162.9001716088542, 69.9575625674928], [-162.93576407818557, 69.93942969418055], [-162.96978549416372, 69.92210474705281], [-163.0266077760558, 69.89319991444536], [-163.06435453275466, 69.87394499727402], [-163.09168861492748, 69.86003115146025], [-163.1198751015429, 69.84566854233681], [-163.13356468379345, 69.8387115871569], [-163.16915705996988, 69.79872060550053], [-163.1761139825938, 69.79091092913839], [-163.18298116566473, 69.78319102604817], [-163.19137426351787, 69.77376547536836], [-163.20627547805591, 69.75702403705486], [-163.22279258845109, 69.73175469176192], [-163.2347763254564, 69.71344238865275], [-163.24316967298137, 69.70060573155777], [-163.24774760211562, 69.69360397781695], [-163.26062912586497, 69.67390021617314], [-163.26399546287885, 69.66873862839978], [-163.26879792266254, 69.66142257330777], [-163.27185007572132, 69.65670985328983], [-163.27588956900829, 69.65060574463965], [-163.28051256426366, 69.64351421293038], [-163.28369929904844, 69.63857708112765], [-163.28778364804205, 69.63238313922038], [-163.28791824997447, 69.61846934242497], [-163.28796326478738, 69.61187146615906], [-163.28796324427086, 69.60877449658493], [-163.28800793479073, 69.60522875150915], [-163.2880978090664, 69.5950851467594], [-163.2883222524952, 69.57125206462035], [-163.28836723562978, 69.56541723881853], [-163.28850174939896, 69.5500223359456], [-163.2886363978109, 69.53758963208098], [-163.28877101953228, 69.5236309525786], [-163.28886087848602, 69.50962737280389], [-163.2889506210413, 69.49939399186165], [-163.28899537473723, 69.49701512484727], [-163.2891300102463, 69.48130600085611], [-163.2892646437458, 69.46640473960551], [-163.28935444564408, 69.45594692067652], [-163.28944420530624, 69.44616235878222], [-163.28957883827363, 69.43036346209993], [-163.29752324821416, 69.41748196710111], [-163.30515349044478, 69.40500436334705], [-163.31237971108231, 69.39324501930979], [-163.32045870361122, 69.38009416474875], [-163.32728093360902, 69.36896311414662], [-163.33320538913796, 69.35931324305866], [-163.3363922415295, 69.35670998682849], [-163.34451607952272, 69.34997747010442], [-163.3528194595952, 69.34311035755964], [-163.35910325456322, 69.33794875621203], [-163.36731673848058, 69.33117141933552], [-163.38060232852735, 69.32021989548271], [-163.40434542586468, 69.30814626509613], [-163.46096587585524, 69.27942092701983], [-163.5175860725156, 69.25069568357678], [-163.53275652950424, 69.24302056847115], [-163.54770271733204, 69.23543535396986], [-163.56089835461697, 69.22874771156386], [-163.5661497420676, 69.22605470846038], [-163.57189483818706, 69.22313730679656], [-163.59667040236013, 69.20603673424046], [-163.61112277744084, 69.19607264913576], [-163.6219845192774, 69.18857720286674], [-163.63069195179, 69.18256280085761], [-163.6391748574555, 69.1767280088341], [-163.65079958157546, 69.16869389447965], [-163.6705931144558, 69.16021096446549], [-163.68643704652607, 69.15343355433315], [-163.70160749238474, 69.14692551934658], [-163.71035980212486, 69.14315525807052], [-163.7241388705724, 69.13727558652917], [-163.73939923702304, 69.13072257799796], [-163.7580707915366, 69.12268852673863], [-163.75986606422518, 69.12192547994158], [-163.76170623186763, 69.12116246715038], [-163.77674212668586, 69.11469930855104], [-163.77956974428767, 69.11348742980279], [-163.79231668006975, 69.10801171569356], [-163.8418229691959, 69.09459157506289], [-163.8443812559107, 69.09391832033516], [-163.89635607128287, 69.07978008739124], [-163.90941721812783, 69.07623431067702], [-163.91107776230723, 69.07578543603057], [-163.9330706424893, 69.06981601459343], [-163.95079951625485, 69.06236536294607], [-163.9643093441139, 69.05671004244424], [-163.97337585891376, 69.0528949648316], [-163.9775499644408, 69.05114458934558], [-164.0020114924928, 69.04086624150226], [-164.0203687306192, 69.03314632603195], [-164.04222687141728, 69.02861312540662], [-164.05228059243646, 69.02654851104063], [-164.09119441376228, 69.01851437046005], [-164.10501860324555, 69.01564190650578], [-164.12018910228306, 69.01250000784074], [-164.12449782402626, 69.01164723559191], [-164.14810655723738, 69.00675497047274], [-164.17167016755405, 69.00186267737949], [-164.21197545822827, 68.99355931674461], [-164.23019794819047, 68.9897890785111], [-164.26018016273477, 68.98359516610597], [-164.27939008918716, 68.97960059705073], [-164.29168812941882, 68.97892736264073], [-164.32597888864623, 68.97704221849662], [-164.3563201488274, 68.97538151572066], [-164.35914775858407, 68.97524686998013], [-164.38814240540745, 68.97363108460978], [-164.3998568891333, 68.97300270667301], [-164.4063200038923, 68.97264369558681], [-164.41709211391435, 68.97206018406466], [-164.4371100280836, 68.97093807140942], [-164.4512931576246, 68.97017507335941], [-164.46673302731304, 68.96932230591679], [-164.4809160352104, 68.96851442142635], [-164.49325893943592, 68.96837976510012], [-164.50254990951402, 68.96824510382818], [-164.52561984128135, 68.96793088534822], [-164.53634687122033, 68.96779623957225], [-164.53751388760776, 68.96779625284137], [-164.53827694463345, 68.96775135186722], [-164.53975805079122, 68.96775138732572], [-164.54765754420845, 68.96766160177107], [-164.61718174767051, 68.96671911629801], [-164.6386807367122, 68.96644978505404], [-164.7955927042127, 68.94907996694708], [-164.84774731538758, 68.94535460298935], [-164.89994653287076, 68.94162932216935], [-164.93886021473767, 68.93884653738317], [-164.96587995000334, 68.93691659509437], [-165.00407574356598, 68.93417871522028], [-165.01906677355922, 68.93310152003657], [-165.0354491467412, 68.93193457545965], [-165.04343835081474, 68.93135101726297], [-165.06350116587674, 68.9299148177484], [-165.0831151173736, 68.92852342227349], [-165.1071724845644, 68.92681785832016], [-165.12781890307636, 68.92533665556671], [-165.14702893451954, 68.92394530289337], [-165.15829461221432, 68.92313738374509], [-165.19334847319482, 68.92062392386852], [-165.20272913630436, 68.91995066702876], [-165.21502719558663, 68.91909789515515], [-165.2483304666373, 68.91671911780146], [-165.29096956138886, 68.9136670528058], [-165.30910247865478, 68.912365442758], [-165.35703791778562, 68.90895428398912], [-165.37342031299494, 68.90859524200556], [-165.38060165598213, 68.90846056027173], [-165.4058260146176, 68.90796687344755], [-165.41637355249506, 68.90774243877122], [-165.4385010469241, 68.90733844612788], [-165.46556559003793, 68.90679987180643], [-165.49689425558557, 68.90617157288847], [-165.52126590089046, 68.90567784367184], [-165.54595167197303, 68.90518409188685], [-165.55412030809705, 68.90504945038823], [-165.5704579524728, 68.90469036966988], [-165.58782768160359, 68.90437615370354], [-165.59554774271123, 68.90419663438014], [-165.62086187415144, 68.90370289841897], [-165.66507186493988, 68.90599200278318], [-165.721400358128, 68.90895428850234], [-165.77283669271833, 68.91160243934705], [-165.8178545517437, 68.91393637132704], [-165.85690319362945, 68.91600092961234], [-165.91381500354137, 68.91891834130593], [-165.94846493087215, 68.92075854812785], [-165.9713105406337, 68.92192553930752], [-165.9922711149942, 68.92300279151416], [-165.99779161402233, 68.923316964423], [-166.02274670990292, 68.92461857078608], [-166.04231579721832, 68.92560602195182], [-166.07148997079503, 68.92713200839398], [-166.10905730689967, 68.92910686796226], [-166.12117589543135, 68.9297352548979], [-166.14123866763103, 68.9307675575933], [-166.15627461468048, 68.93153058542688], [-166.184820303564, 68.93301173583828], [-166.20017056767622, 68.93381959840718], [-166.22427273652772, 68.93175496558231], [-166.23832125703797, 68.93054315482294], [-166.25344697331477, 68.92924157529485], [-166.25672338998663, 68.92892735370839], [-166.2650267613465, 68.92820925261604], [-166.2695150733385, 68.92785015386534], [-166.2783122688527, 68.92708710201323], [-166.28329429492973, 68.92515716661596], [-166.30304296271657, 68.91752703420273], [-166.3196946888927, 68.91110866233704], [-166.32988319882546, 68.90715900194247], [-166.34743247224938, 68.90038158268196], [-166.34940743947485, 68.89701534237142], [-166.3519209185169, 68.89279632872962], [-166.35959586024381, 68.87991482280707], [-166.36143608355246, 68.87672811360342], [-166.3661039299421, 68.8688734815638], [-166.36206455500897, 68.85980711830076], [-166.35622973015626, 68.84670119144747], [-166.35196579868952, 68.83700641233467], [-166.34599625721032, 68.82376577395907], [-166.33684016037435, 68.80316439282443], [-166.33293532744156, 68.79436725469498], [-166.32732486276726, 68.78175508752217], [-166.32920984605275, 68.7724642237044], [-166.33145417954648, 68.76137803121502], [-166.33513447829407, 68.74324520932448], [-166.33733381439433, 68.73251810447886], [-166.33809682296135, 68.72870296479553], [-166.3389047644536, 68.72479816389325], [-166.34128348845476, 68.71303870253149], [-166.33841106675808, 68.70688968829946], [-166.33329426591283, 68.69611771572019], [-166.33688500338408, 68.69185381369606], [-166.33912916165426, 68.68925057759513], [-166.34159782662152, 68.68633313943143], [-166.34572707222034, 68.68144088631423], [-166.37122063723484, 68.65132418267171], [-166.37005380816015, 68.64925955831163], [-166.3614809221884, 68.63458274905702], [-166.36300690570542, 68.61968152449201], [-166.36444333750322, 68.60581254156074], [-166.3658795334776, 68.59230268563401], [-166.36682201712625, 68.58314652357008], [-166.36767487602557, 68.57497773374241], [-166.3894432246701, 68.56065997655764], [-166.39819542820686, 68.55487004452165], [-166.41121161540858, 68.54625241125477], [-166.43490999276557, 68.53063300873586], [-166.43607699004107, 68.5240352333096], [-166.43760305331233, 68.51505850571297], [-166.43908425422637, 68.506396071272], [-166.44105907908013, 68.4951752476343], [-166.44200156942972, 68.48960971223674], [-166.44258518732337, 68.48619858237608], [-166.4439315681019, 68.47847862631237], [-166.4446049106932, 68.4778951640934], [-166.4472081857849, 68.47556123665618], [-166.44999086487155, 68.47309263602371], [-166.45259408975483, 68.47080364688252], [-166.454299669213, 68.46927757610648], [-166.45784542910505, 68.4661357375637], [-166.5028633282674, 68.45612676324906], [-166.59653473521996, 68.44140502650781], [-166.6213553420346, 68.43750018419898], [-166.66278263503438, 68.43103699189898], [-166.6768309185485, 68.42879285375037], [-166.68315956814968, 68.42780543692062], [-166.70070885188125, 68.42506752380521], [-166.71412899006646, 68.42295804403793], [-166.72297110856866, 68.42156661657603], [-166.74087940316946, 68.41878392052324], [-166.74388654803352, 68.41829017613999], [-166.75317750796097, 68.4168539388566], [-166.75618471255956, 68.41636019665019], [-166.7674503742774, 68.4146097015613], [-166.77095114815612, 68.41402628594412], [-166.78181298848554, 68.41232070089647], [-166.7897573894986, 68.4111088788225], [-166.7951882398612, 68.41025605071326], [-166.80308758102495, 68.40899934145729], [-166.806184660141, 68.408505643485], [-166.80950592754513, 68.40801187859248], [-166.8149817183292, 68.40711423664773], [-166.82386869747106, 68.40572286634865], [-166.83019720889686, 68.40473541128807], [-166.83827611787916, 68.40347867341387], [-166.84280944391116, 68.40276056931924], [-166.84999071385255, 68.40163847765398], [-166.85470337951443, 68.40042659874103], [-166.85793504714096, 68.39957386464826], [-166.86183983545058, 68.39858638745454], [-166.86516116543407, 68.39768876991872], [-166.86897633757437, 68.39674622821958], [-166.87844679222425, 68.39427758239867], [-166.88755806089293, 68.39189878873519], [-166.89213605104925, 68.39068696679824], [-166.8962652859845, 68.3896546359993], [-166.9129171089529, 68.38534580537299], [-166.92665130076293, 68.37847870970603], [-166.9529080170189, 68.3653728080993], [-166.97157952864174, 68.35608196443013], [-166.9717590021786, 68.34522018245728], [-166.9721180529622, 68.32246436045908], [-166.97000859828287, 68.3210729575274], [-166.9676297408288, 68.31950201070639], [-166.96426352676735, 68.3172578886738], [-166.95663341917518, 68.31223093010675], [-166.94680404587453, 68.30572285097784], [-166.9420463616125, 68.30258101727985], [-166.92086131107692, 68.29867623624578], [-166.89900327281026, 68.29459181797152], [-166.86058315894934, 68.28750030485574], [-166.84078974133354, 68.28884674631983], [-166.82570884492114, 68.28992394477108], [-166.78235164749913, 68.29297603933081], [-166.77247728339847, 68.29364926984388], [-166.75964064015446, 68.29454693236832], [-166.7533568960567, 68.29418786851531], [-166.73432640650518, 68.29311068372597], [-166.65196572466053, 68.28830816792338], [-166.59523310398663, 68.280902415131], [-166.53957786695184, 68.2736313356603], [-166.47140015242903, 68.26469951285758], [-166.4568579908403, 68.26191678382477], [-166.41269281899963, 68.25343386278283], [-166.3647574432116, 68.24427761644066], [-166.31964973089407, 68.23296708189008], [-166.2853139724343, 68.22434949957064], [-166.23639125650172, 68.20653080002582], [-166.2136804071784, 68.1982274029393], [-166.17754923213732, 68.18503167633335], [-166.16498196999652, 68.17713225547914], [-166.12925488407032, 68.15464574834044], [-166.1188867651004, 68.14333511136668], [-166.10771079961674, 68.13112688798601], [-166.1011579578032, 68.12399043650076], [-166.09590656327188, 68.11824537576769], [-166.07328546425776, 68.10859550591925], [-166.0643087080097, 68.10478043648072], [-166.04864455702747, 68.09809277020597], [-166.03392267284775, 68.09180914471192], [-166.0139047658943, 68.08610898649351], [-165.99523332148246, 68.08081275434938], [-165.9660591644383, 68.07250927254863], [-165.9472081875571, 68.0690981472368], [-165.91323168508393, 68.06299406216303], [-165.86947033492746, 68.05509458210251], [-165.8474327338561, 68.05267087945171], [-165.81350083182275, 68.04894560544692], [-165.7898025755744, 68.04634232814766], [-165.7595063236369, 68.04297615336401], [-165.72952430186243, 68.03969961289485], [-165.68437173549205, 68.03471759552352], [-165.66457816156708, 68.03476249750115], [-165.65551181475445, 68.03471756388161], [-165.64096947481443, 68.03471760697974], [-165.6113465995413, 68.03471756242762], [-165.60564646588486, 68.03471761363365], [-165.60272906489442, 68.03471762016562], [-165.5977918433102, 68.03471754745742], [-165.5960414400254, 68.03471756938042], [-165.5780881407667, 68.03301203587463], [-165.56749562026621, 68.03188991676535], [-165.5555567056977, 68.03031901239727], [-165.5453682079938, 68.02892760586735], [-165.51641853915018, 68.02363140383892], [-165.49954236012795, 68.01878406192905], [-165.4994526084374, 68.01878401512015], [-165.42938966411663, 67.99187648315026], [-165.35932691663626, 67.96496895631476], [-165.34173270472394, 67.95819162679054], [-165.2808933932623, 67.93482983753056], [-165.22005406856226, 67.91146810872837], [-165.20928202963555, 67.90733877652418], [-165.1798386494207, 67.89602824570812], [-165.1122892814027, 67.87008565556656], [-165.0278414704636, 67.83763508389957], [-164.94339350312805, 67.80518446230448], [-164.892361168769, 67.78557049491474], [-164.83300310981375, 67.76276977037872], [-164.7736449269353, 67.73996902056767], [-164.75061971864568, 67.73112705340954], [-164.7119752609269, 67.71631555639108], [-164.66493748327383, 67.69822760998284], [-164.65524286782232, 67.69243761553925], [-164.54900399696427, 67.66200676983495], [-164.49038654730475, 67.64715036171111], [-164.39532366753213, 67.62062433879322], [-164.33082632452255, 67.60370335430966], [-164.28127530551268, 67.59167465106742], [-164.2303326908923, 67.57506785735409], [-164.17544045748426, 67.54759924779881], [-164.11668823380822, 67.49997807352777], [-164.11664338980214, 67.49997805247223], [-164.07768466340372, 67.46366748826117], [-164.03872592642855, 67.42735690775065], [-164.00452483232814, 67.39782374017155], [-163.99999173376682, 67.39140539279558], [-163.9627384350022, 67.33844316047238], [-163.96179591513837, 67.33700689509075], [-163.95111364978348, 67.32111820844528], [-163.9404314621072, 67.30518462749345], [-163.90564693644367, 67.2534341587979], [-163.9008892758482, 67.24553468229026], [-163.88253195828625, 67.21496923305762], [-163.89572771025271, 67.213712502034], [-163.9244080623569, 67.20751859167505], [-163.96246928607624, 67.19670169825415], [-163.9728372575814, 67.19131573155803], [-164.0027295635689, 67.17255448972384], [-163.99123936960865, 67.14786870802929], [-163.96938114615057, 67.13606436231997], [-163.91139213756816, 67.1046909420566], [-163.865970218645, 67.09248268587879], [-163.7815446713897, 67.06977178246915], [-163.7592376200296, 67.06689921230046], [-163.72292709771335, 67.06223136149912], [-163.63760404838797, 67.051279813316], [-163.61767581443257, 67.04872153570045], [-163.48769379901594, 67.03866761943888], [-163.40434560595807, 67.02973583581901], [-163.34052146503635, 67.02592074861889], [-163.27144621201904, 67.01654015228674], [-163.14990210314718, 66.99997825170954], [-163.1298841343844, 66.99481667124402], [-163.12256812238664, 66.9940536536558], [-163.12005469504516, 66.9937843743642], [-163.10618579317688, 66.99198904782942], [-163.0893545016453, 66.99023860328384], [-163.06897763850552, 66.98934090071448], [-163.0494533986293, 66.98660307322822], [-163.03917514822842, 66.98435883886644], [-163.0303779904655, 66.98242885431212], [-163.0117963578819, 66.97838935912742], [-163.00196681611743, 66.976234940134], [-162.99999200338712, 66.97574124909845], [-162.97965981585781, 66.97075922333303], [-162.97517152057156, 66.96968202785703], [-162.95277479534474, 66.96425118595361], [-162.92301716538338, 66.95715963725698], [-162.87683224527257, 66.94782388550664], [-162.86772097860492, 66.94369458404077], [-162.86601539689508, 66.94252767414639], [-162.860180485571, 66.93839832395149], [-162.84792733788723, 66.93162101267811], [-162.8321733871438, 66.92686334396186], [-162.83212840679164, 66.92686340595793], [-162.83203869254834, 66.92681847017032], [-162.83208351158734, 66.92677358485169], [-162.83212841831562, 66.92677360861515], [-162.83221814370594, 66.92672874700062], [-162.83316078765694, 66.92623502639894], [-162.8341032923876, 66.92578618746528], [-162.83935475425363, 66.92309316323272], [-162.85299925421668, 66.91698904642078], [-162.89307997851031, 66.89975386100613], [-162.97840309932806, 66.87093876381722], [-163.04527923505546, 66.84454739727302], [-163.12425136643597, 66.81337597015775], [-163.20322350312384, 66.7822045223319], [-163.3033805672967, 66.74627545262794], [-163.40353751902262, 66.71034637550437], [-163.46193084117436, 66.68774765922261], [-163.52032394518625, 66.66514888537152], [-163.58634715977718, 66.63961033112739], [-163.62620356049504, 66.6241704880933], [-163.63944409823134, 66.62668391416362], [-163.66745135871054, 66.63067858771821], [-163.68971339206763, 66.63319204614103], [-163.71211014262886, 66.63575036351806], [-163.7560958748534, 66.63898195375076], [-163.79478531865712, 66.64082219558466], [-163.80510836497206, 66.64127103146161], [-163.82997379022416, 66.64180956150607], [-163.9007996509093, 66.6426623747691], [-163.9179000628973, 66.64266236016816], [-163.98271165133863, 66.64257260449754], [-164.0271011573363, 66.64216865902051], [-164.06179600790313, 66.64185448917284], [-164.14061096656033, 66.64014888479635], [-164.22099693928638, 66.63848828004323], [-164.274318292608, 66.63687241424083], [-164.3290759146751, 66.63440386787161], [-164.3545695910353, 66.63319198110706], [-164.38123027953935, 66.63189036545491], [-164.42431827101183, 66.63022970503248], [-164.43217289191173, 66.62942182176839], [-164.46143673204443, 66.6265044204376], [-164.4635461745837, 66.62627996219611], [-164.48616749184495, 66.62345231294672], [-164.54096996902953, 66.61730334947917], [-164.5601799314801, 66.61523869771068], [-164.61457850303947, 66.60949360170588], [-164.6915981733676, 66.60038230156788], [-164.7519213634192, 66.59252771626872], [-164.83158915604716, 66.57865878355011], [-164.88042231454574, 66.57264442915451], [-164.94577219717397, 66.5611094778025], [-164.9999912101991, 66.55190839769085], [-165.00344735562047, 66.5512799854323], [-165.13881527891965, 66.52847932969578], [-165.21556579644303, 66.51505920428252], [-165.2923161520748, 66.50163910902893], [-165.3049284563132, 66.49930517689786], [-165.43446143530204, 66.47524774061952], [-165.517563018029, 66.45686802187208], [-165.60066445320436, 66.43848828974517], [-165.6891966097143, 66.41793176713233], [-165.7777288517618, 66.39737522393376], [-165.8482630309228, 66.37924239716224], [-165.9187971494541, 66.36110954516165], [-166.0063868362326, 66.33855567229487], [-166.09397657120178, 66.31600185136301], [-166.21278264091626, 66.28090309934463], [-166.31709141059227, 66.25195339160453], [-166.33755819767984, 66.24692640197726], [-166.4089002362629, 66.22942191316491], [-166.4802422803677, 66.21191743936937], [-166.55160669520342, 66.19302158698609], [-166.6229709363845, 66.17412574459358], [-166.71947016623142, 66.14804851324764], [-166.73109487374984, 66.14423349440023], [-166.83230674649008, 66.1110647041924], [-166.9161486854627, 66.08256381058801], [-166.99999057100453, 66.0540629649712], [-167.0078452166185, 66.05141480731413], [-167.09312341260525, 66.02549470079299], [-167.17840181243847, 65.99957461747414], [-167.17907490210703, 65.99926045630744], [-167.23859018521142, 65.970849324474], [-167.3083388948537, 65.94432333896594], [-167.41457765349344, 65.91124428680135], [-167.52081629291158, 65.87816530626885], [-167.55694731007702, 65.8702658891734], [-167.67723460435826, 65.84400915488833], [-167.71884145834912, 65.83494271982809], [-167.80111240240802, 65.8190989552669], [-167.88338350745533, 65.8032550910614], [-167.96798864540827, 65.78067880174063], [-167.99999029331394, 65.77524796001842], [-168.00425429352012, 65.77452979140206], [-168.0379616225313, 65.76568782381155], [-168.03930814695948, 65.76537364577668], [-168.07714472703083, 65.75608279740977], [-168.09779107898842, 65.74921563149728], [-168.11255761668355, 65.74427849245374], [-168.1378717266392, 65.73494275027451], [-168.15510703544783, 65.72834492920047], [-168.20012494101508, 65.69935025840041], [-168.22130980895255, 65.67542749100895], [-168.22925419718476, 65.65024802946128], [-168.23154316591797, 65.62623542079072], [-168.23190225541265, 65.62255500509174], [-168.22871557639655, 65.61627134313926], [-168.21866167083525, 65.59611872366264], [-168.1762021529541, 65.56272561845105], [-168.17539415715623, 65.55563400427236], [-168.1675844915478, 65.54688175140244], [-168.1529525433143, 65.53889258010192], [-168.1266509506872, 65.53054426615195], [-168.09092383565064, 65.52403621032555], [-168.07081614628484, 65.52215103606373], [-168.06538520938514, 65.52251013944499], [-168.05515195285577, 65.51698952246667], [-168.03104964763583, 65.50944913176188], [-168.00443380103565, 65.50419779659806], [-167.99550202240923, 65.50312060203001], [-167.97104058438933, 65.50011337148835], [-167.93805139416497, 65.49988892456128], [-167.92238720353436, 65.49185483099636], [-167.8968485109079, 65.47668426515753], [-167.83087017529763, 65.46582255852184], [-167.8082938440666, 65.46061613665385], [-167.8021896411378, 65.45922474746031], [-167.756722957198, 65.4472408830833], [-167.71143567375944, 65.42713315357388], [-167.66466726302502, 65.40536475048661], [-167.6439760624511, 65.39836293019903], [-167.60640871207087, 65.38561609067132], [-167.48859015862874, 65.36039171845434], [-167.40088828396983, 65.3472857649624], [-167.27216285348354, 65.33817448140121], [-167.1912831981345, 65.33763585467827], [-167.12139986978178, 65.33175618206985], [-167.07032274110338, 65.32749224182515], [-166.94891349433084, 65.30792310570949], [-166.9508884237626, 65.30720497910076], [-166.97754901151706, 65.29764482588666], [-167.0085184736166, 65.27663947222253], [-167.0392635507515, 65.24338095778396], [-167.07243231559946, 65.19979925732545], [-167.0843263905388, 65.15567907026545], [-167.07297080387977, 65.13839899162873], [-167.04810557668313, 65.1157777420633], [-167.04092416995158, 65.10926971738053], [-167.00739631578526, 65.08768088002572], [-167.0037159589448, 65.08530205733774], [-166.999990611262, 65.08292319909356], [-166.97898526646307, 65.06941338154884], [-166.87817747998224, 65.02996091611058], [-166.824452037372, 65.0174385084479], [-166.82898529919115, 64.99930568463247], [-166.78329405162228, 64.9797365651917], [-166.76188488114772, 64.96348874245254], [-166.7022349729466, 64.94400943717389], [-166.58917385917684, 64.90828233215579], [-166.52270171790082, 64.8711189611525], [-166.51722599639638, 64.85738466429235], [-166.54424579732938, 64.84558037688595], [-166.57018819217743, 64.83341702349892], [-166.58217213583683, 64.82210642399325], [-166.58675021721777, 64.8014600973797], [-166.57754915013916, 64.77798612132604], [-166.58589741470655, 64.76627164612731], [-166.58841083540477, 64.74997901150327], [-166.5901614080284, 64.7389376525471], [-166.57750428851583, 64.7233183480359], [-166.55766586196816, 64.69890176296451], [-166.52938940739554, 64.65787843585727], [-166.5078454330745, 64.6313524352368], [-166.49999088581035, 64.62551758514589], [-166.4912385381419, 64.61896461967649], [-166.44011661373662, 64.60325548022591], [-166.36938046264524, 64.5750688147818], [-166.35201053469467, 64.56815680486486], [-166.28625657879124, 64.54656793562118], [-166.28140913037421, 64.54495212154517], [-166.30349175957704, 64.53718731939365], [-166.3309154090019, 64.525831811321], [-166.35389567370243, 64.50644228424363], [-166.35326742415347, 64.49997905679832], [-166.35111296533037, 64.47789646354704], [-166.31453302398833, 64.45437761648], [-166.27193884216237, 64.4377708304067], [-166.21493705471724, 64.43018552391915], [-166.21233382930416, 64.42987134339532], [-166.15385088875212, 64.43296831202512], [-166.13351872825675, 64.43821963552098], [-166.12858167190532, 64.44104729938663], [-166.09568219255178, 64.45980853314573], [-166.0783571538814, 64.48036507358054], [-166.0708617266392, 64.49014957942066], [-166.07198376412518, 64.49997905808043], [-166.07315082030618, 64.51025729732528], [-166.0749011707378, 64.51407244463958], [-166.07777378285803, 64.52044581078684], [-166.0394883177099, 64.51690004212834], [-165.94689398364065, 64.50424297480801], [-165.90726219304184, 64.49997905679376], [-165.8502153626516, 64.49387493440528], [-165.7819478960129, 64.4902842489923], [-165.736167046865, 64.48786056353394], [-165.68069123420938, 64.48364151605276], [-165.65694794804145, 64.48040994306974], [-165.6339677181342, 64.47753743298796], [-165.49999118292618, 64.4606164511153], [-165.49375238743409, 64.45980856186819], [-165.47687627792666, 64.45769902964646], [-165.4607631324038, 64.45774384161462], [-165.44684931839762, 64.45626270289762], [-165.44491939245825, 64.45603836025063], [-165.43903961533604, 64.45540997495075], [-165.4370648034262, 64.45523045103195], [-165.33589776653614, 64.44441357262109], [-165.28432688526203, 64.43426988414384], [-165.17660699624946, 64.41312987475453], [-165.03221746661012, 64.38799526585068], [-165.00183146308018, 64.3898354853932], [-164.9844167692165, 64.39032919155159], [-164.95510803502702, 64.39279772383792], [-164.90892306283234, 64.39360569632633], [-164.82597887065373, 64.39953026154957], [-164.80421032573582, 64.40105630156266], [-164.75479392234277, 64.40783367767754], [-164.67503620446652, 64.42942255548148], [-164.6197849657551, 64.44441354890691], [-164.5025946849451, 64.4743057683488], [-164.46511725375302, 64.48386593565066], [-164.39307948104548, 64.49997901354301], [-164.38504534979862, 64.50177440841009], [-164.37117640932348, 64.50491622955519], [-164.35533256840267, 64.50846197510022], [-164.26632914441527, 64.51833631836206], [-164.18091610142588, 64.51954818096537], [-164.03675111474138, 64.5125015175362], [-163.97620356578082, 64.50832732166074], [-163.9127834255472, 64.51321964079298], [-163.87970438100496, 64.51532911831373], [-163.8507546855555, 64.51941356073529], [-163.83163441067245, 64.52439555890439], [-163.81408511144014, 64.53117291063963], [-163.78787327808877, 64.52412625110699], [-163.75039566427768, 64.51963796395677], [-163.70425560977486, 64.51968284953075], [-163.65694859877505, 64.5219270256219], [-163.61233463145152, 64.51793238529478], [-163.53616768759616, 64.50356968722352], [-163.5231066543806, 64.49997908277162], [-163.51152674234427, 64.49683722111982], [-163.49999176279573, 64.49369536525236], [-163.457711813729, 64.48211551455398], [-163.44348382092488, 64.47358765692468], [-163.43185894334533, 64.46663075863556], [-163.39263096833784, 64.45401853476314], [-163.36377106496792, 64.44562539509191], [-163.3496776324752, 64.43768102738836], [-163.33544960472165, 64.42206169278346], [-163.32333126122745, 64.40787852172198], [-163.29846579077272, 64.39356080513252], [-163.268708201998, 64.37560741834756], [-163.24191292905542, 64.36075114588832], [-163.21538688683492, 64.35325555396018], [-163.18657183639223, 64.35033818912324], [-163.16579082412625, 64.34984441147849], [-163.16484826905182, 64.34966492550947], [-163.11004582258184, 64.33848898647564], [-163.00712847569176, 64.31698986785268], [-162.92804398376268, 64.30051775608813], [-162.8421374375917, 64.2831928131227], [-162.7958178900538, 64.27565235608509], [-162.7280441075591, 64.28745670290631], [-162.6849561561256, 64.30433283176369], [-162.6675863618584, 64.3147457639806], [-162.65448044200417, 64.32260030903927], [-162.63275694303948, 64.33193604616415], [-162.6168233956732, 64.33458413793277], [-162.6143097605606, 64.33498810158105], [-162.59478573349506, 64.33844407304647], [-162.5778646599131, 64.34638848702528], [-162.5579365284862, 64.35581389923746], [-162.51785568702118, 64.38489826641637], [-162.5125594720072, 64.39257334591785], [-162.50977661832385, 64.399664892954], [-162.50448048650773, 64.41784261147129], [-162.49685021381723, 64.43162180302235], [-162.49200295436455, 64.44037405413296], [-162.4877838060532, 64.45756433097417], [-162.48670660103767, 64.47089472293553], [-162.4719849248332, 64.48682821673027], [-162.44186827180997, 64.50410828687055], [-162.4130531432718, 64.51335429305648], [-162.38540512940554, 64.522196336917], [-162.3450999124263, 64.534359686474], [-162.31350208406093, 64.5427977203842], [-162.28868168894576, 64.53584080290938], [-162.23742490393047, 64.52435069270635], [-162.1723890193743, 64.50482645767279], [-162.16291859859552, 64.50190902029796], [-162.08015381258727, 64.47632560256906], [-162.06803541011897, 64.47255535896632], [-162.02795456363012, 64.46133458632349], [-162.00214673585205, 64.45877622024194], [-161.91327780116214, 64.43231750861665], [-161.82440879488547, 64.40585877365399], [-161.81170686876027, 64.40204374302981], [-161.80735318876444, 64.40074210818909], [-161.8063209254903, 64.40042789261099], [-161.76745193097457, 64.38889293218544], [-161.7390856558067, 64.38090368032364], [-161.7104502678224, 64.37286957670015], [-161.666374813338, 64.36048182008068], [-161.6112580394346, 64.34230405157777], [-161.5908362020213, 64.33552663843268], [-161.56534244399634, 64.33076904011078], [-161.55466035615316, 64.32874934574933], [-161.53688656410645, 64.32825562242616], [-161.52364589159126, 64.32785161886363], [-161.4934394982756, 64.32839021394282], [-161.46363702810388, 64.33346203528755], [-161.44317027076755, 64.34010481156452], [-161.42831382390125, 64.35033813511694], [-161.41390639148196, 64.35859669986306], [-161.32678784895626, 64.33400065122979], [-161.2534485653671, 64.29885699984652], [-161.17912186948655, 64.2580132933519], [-161.14451680331325, 64.24104735971528], [-161.09177902358252, 64.21528436264275], [-161.07539648444782, 64.20666672251053], [-161.0741397265707, 64.16492532890234], [-161.07732643606494, 64.13830952459439], [-161.0768777499071, 64.13283371817009], [-161.07674297501677, 64.13063449618117], [-161.07647368996717, 64.1274926130707], [-161.07436425187458, 64.12475472680069], [-161.07301777374738, 64.12300429581116], [-161.0692475831926, 64.11815690774694], [-161.0623355281696, 64.11339931790305], [-161.0705940951552, 64.08498815779205], [-161.06444504313032, 64.06393788359543], [-161.04891547564523, 64.03126287338262], [-161.04563890455495, 64.02246575342252], [-161.01848452038797, 63.9985429443597], [-161.01897826078874, 63.99481760425557], [-161.0168687307572, 63.98943164558315], [-161.00928345265294, 63.97928804422339], [-160.98877172818393, 63.96146936178578], [-160.9783140127673, 63.94970997404982], [-160.96143788757084, 63.93723242659117], [-160.94465146803813, 63.92152323620194], [-160.93648276100342, 63.908462170540524], [-160.9286281658164, 63.887995422083364], [-160.92014518172547, 63.85976383919895], [-160.9150285962766, 63.851550149640104], [-160.898780795562, 63.83319294859208], [-160.89128521734526, 63.8273580772987], [-160.88773951265225, 63.824575366094194], [-160.88010930559807, 63.81227727895422], [-160.88006442761818, 63.81218752454351], [-160.87696749789595, 63.79688237014628], [-160.8862135572378, 63.77138863210792], [-160.90160841402758, 63.75819298608358], [-160.92858324891426, 63.74163096515922], [-160.99680590141978, 63.689566389768245], [-161.00847555211547, 63.67767234721907], [-161.02418463077345, 63.67179260701941], [-161.04460661050507, 63.668516107562105], [-161.0704144435932, 63.664252240705196], [-161.0980626228343, 63.656128365689916], [-161.1220752563872, 63.63934197617027], [-161.13998351353712, 63.62520379235409], [-161.13935520849142, 63.61892012582201], [-161.13895122624174, 63.61470103258134], [-161.1424072667509, 63.60460229019746], [-161.14254189793567, 63.6041983352248], [-161.15178798787784, 63.600697455387696], [-161.1919585408548, 63.59140662432504], [-161.20205727402723, 63.587367136274665], [-161.20717380595977, 63.58229531832643], [-161.22499251868788, 63.5644318196634], [-161.24869091881936, 63.552133720151765], [-161.26027080699532, 63.54270828892264], [-161.2701003143358, 63.53018584097421], [-161.28518106420765, 63.523363584512246], [-161.314355066403, 63.519234334049806], [-161.36686868142675, 63.51690037084849], [-161.3944269258441, 63.516496396845014], [-161.42431925992915, 63.51609251791936], [-161.44873567947045, 63.51658615631208], [-161.46404093666195, 63.51752876271867], [-161.48881654203907, 63.51905478043064], [-161.51197630497242, 63.51972800207924], [-161.5294807633406, 63.51779806926683], [-161.57584525656023, 63.50734028526696], [-161.5933945991132, 63.50527564425286], [-161.60313418425298, 63.504153533771934], [-161.62185057848274, 63.508641870785915], [-161.64191335522563, 63.5121875915037], [-161.66018090182033, 63.51438691276549], [-161.6877841293304, 63.51461134287296], [-161.71888818098623, 63.51155930252496], [-161.7459529173033, 63.50330079472739], [-161.77400484070392, 63.499395926984306], [-161.7880982205574, 63.49948564795926], [-161.80416646658122, 63.498543083452724], [-161.82131186176247, 63.494548477165964], [-161.84038730706462, 63.493291730179635], [-161.86018089636693, 63.49629895985988], [-161.88132090330797, 63.50280707057094], [-161.89622210486084, 63.50823794641052], [-161.91053991121134, 63.5195036309385], [-161.92494749616495, 63.53637974354154], [-161.93895090513138, 63.546927330412025], [-161.95694918571633, 63.55720553919224], [-161.96238007074768, 63.55828275599077], [-161.97988452706664, 63.561783676787094], [-162.00358288941592, 63.5638483248306], [-162.088591947954, 63.57646053593265], [-162.09182355392454, 63.576819572599604], [-162.13302643571748, 63.581397673541886], [-162.1722992722622, 63.58705292575228], [-162.22274801225564, 63.5969272746597], [-162.22539615756742, 63.60953952683328], [-162.2342382489188, 63.61775311368557], [-162.24258643099023, 63.62448563358954], [-162.24994737395815, 63.62834558119317], [-162.25461510826003, 63.64647845177628], [-162.27458823714008, 63.660033200078], [-162.30434586584713, 63.6720169900631], [-162.3249921110723, 63.67542817211257], [-162.32593470020893, 63.67560767331843], [-162.33881628738382, 63.67524864438581], [-162.35694905365773, 63.681622093775154], [-162.39433693787907, 63.68830965320633], [-162.42580005713128, 63.68974596096215], [-162.4529544402539, 63.68907270272931], [-162.4810513197808, 63.68498826035771], [-162.51453433880715, 63.693022368221335], [-162.5440225698101, 63.69468308373959], [-162.58432789715516, 63.6914066251105], [-162.6144445848331, 63.68561666950437], [-162.63302622958182, 63.67933297437527], [-162.66098857708693, 63.67610137537951], [-162.68006385231342, 63.67125400216304], [-162.69132966366212, 63.66770820601778], [-162.69743376544355, 63.6635341114052], [-162.73064728385614, 63.651191165536204], [-162.75421106431926, 63.637860831868885], [-162.76300814656324, 63.63256463990343], [-162.7861679061004, 63.62408169750865], [-162.81601538235992, 63.60339052754676], [-162.82579999722714, 63.58494343431452], [-162.82642831354363, 63.57637073892799], [-162.79981256230016, 63.555365370913854], [-162.78464196327943, 63.54365081606645], [-162.77288247321812, 63.52973703856815], [-162.74756842897264, 63.51788778348948], [-162.7274158371804, 63.513264830013455], [-162.71112313629692, 63.50873162267878], [-162.69716449424098, 63.49908169734539], [-162.67983952587272, 63.49163111589334], [-162.64195789436897, 63.484988373754156], [-162.61076414023722, 63.4830134907388], [-162.57970484505475, 63.48678368052391], [-162.57930084747227, 63.48673881212161], [-162.55255041133262, 63.48260951992018], [-162.5060065152497, 63.48808534262732], [-162.46830447728, 63.49427916195544], [-162.44851098670037, 63.49392009710027], [-162.43778384868875, 63.49199012565571], [-162.48919769061882, 63.45262754139589], [-162.54061148176763, 63.41326491149856], [-162.5650279156334, 63.39454855833431], [-162.57898663251555, 63.38386632909427], [-162.63239780785435, 63.34297761644504], [-162.66641936758964, 63.31694536199535], [-162.67180532535386, 63.312816071699416], [-162.68616792960242, 63.30190943892463], [-162.70030620391765, 63.29118231075831], [-162.73953418547111, 63.26892019274941], [-162.80645518198932, 63.26600276830924], [-162.85277474842388, 63.25702610721705], [-162.87086271874358, 63.25357011892023], [-162.9169129471476, 63.23081432137557], [-162.93769406148292, 63.21510511803309], [-162.95465978256274, 63.18988072403413], [-162.9581158291832, 63.17677485908388], [-162.9778644864301, 63.16591306494065], [-163.01260410938673, 63.157834044971466], [-163.026158843418, 63.15348039680327], [-163.0643545686443, 63.13112849258536], [-163.1027745900664, 63.11304058042505], [-163.10286439890396, 63.112995692906686], [-163.11870835115153, 63.101550392463736], [-163.25246048664596, 63.092439141121766], [-163.34981235613688, 63.12367792953875], [-163.39536892039416, 63.145760443126385], [-163.41691275303003, 63.15621828512034], [-163.45515335872534, 63.17493455864278], [-163.47759504248785, 63.182340382901714], [-163.49388771863565, 63.18539240544519], [-163.54204735687108, 63.19733137978213], [-163.58473152300837, 63.20581431989907], [-163.5862575609166, 63.20702612222338], [-163.61341189398848, 63.22865988000969], [-163.65811559426695, 63.249710126703484], [-163.705826574004, 63.26102072497531], [-163.73733456611416, 63.266182358258014], [-163.77184983892698, 63.27623614545368], [-163.80115868441064, 63.28054495502342], [-163.8236452047896, 63.28382149442953], [-163.8597313951943, 63.28615542199796], [-163.87063804731545, 63.28422546219567], [-163.93293591252592, 63.30015901547626], [-164.01574566448252, 63.31393812335605], [-164.0512483422117, 63.317349240863656], [-164.12889643727343, 63.31528464724407], [-164.25003648872575, 63.303435441858966], [-164.39545826752874, 63.27987169665505], [-164.4832500136378, 63.254737080375314], [-164.49568265183913, 63.25114639915029], [-164.55248241952552, 63.225338538100694], [-164.60928228518193, 63.199530686438955], [-164.66287296046892, 63.1653744312036], [-164.68697529938848, 63.14849835361904], [-164.69218166358297, 63.1448628053163], [-164.72772926096587, 63.12466531531715], [-164.7468047117134, 63.1103924199221], [-164.7443810421552, 63.096523502304414], [-164.74379741917951, 63.093247033512036], [-164.75075434761678, 63.09068868186148], [-164.7722086382745, 63.09015006385346], [-164.8303324899498, 63.08225063447013], [-164.88019774519918, 63.06546425676025], [-164.89981179471027, 63.05231343701508], [-164.90672386430643, 63.04490774517924], [-164.90299846623893, 63.03314827446322], [-164.89298957593616, 63.01914471418647], [-164.90304341540508, 63.01173898355754], [-164.9106286479038, 63.005141114921514], [-164.91251373378725, 63.00002446205084], [-164.91067359063985, 62.99257384408622], [-164.90703808638565, 62.98418061525352], [-164.9034024563685, 62.98256483648176], [-164.8966251367, 62.97951278578373], [-164.90053001310548, 62.97354327402473], [-164.90079925584874, 62.968785663115355], [-164.90295368621108, 62.956981377194914], [-164.89554796239847, 62.948633056355554], [-164.90192126925592, 62.94445890995774], [-164.90995544185702, 62.93660434602109], [-164.91798952657365, 62.928256090660035], [-164.92099680102348, 62.921029838336175], [-164.9215802921042, 62.91663125367583], [-164.92211883933606, 62.912502051964985], [-164.91588000230828, 62.90262768114464], [-164.92225336342727, 62.89921657599131], [-164.92853713399117, 62.89432428677567], [-164.9287615812922, 62.894054963868314], [-164.93688545641487, 62.8861555190448], [-164.93926429665768, 62.87753794637537], [-164.95039529244016, 62.876236339963306], [-164.96426422530192, 62.87435117897403], [-164.9811404029148, 62.871344021146875], [-164.99653530898144, 62.866586405126824], [-165.00955152336698, 62.85828299333866], [-165.01938087625723, 62.851999315922356], [-165.02876147255375, 62.84315731429465], [-165.0328908224086, 62.8377264788942], [-165.03378849433844, 62.83660438453691], [-165.03625691808577, 62.828884461592004], [-165.0363467706093, 62.8285702436609], [-165.0381420328003, 62.820625939785415], [-165.03190328795534, 62.81322020637193], [-165.02373453353368, 62.80473726477257], [-165.02315111000593, 62.80410884244597], [-165.01502726307896, 62.800383562736315], [-165.0150721496628, 62.800293762693066], [-165.01875251896152, 62.792394305674165], [-165.01691232886907, 62.78445002289922], [-165.00941679152547, 62.77789705650615], [-165.00254958083477, 62.7747552056494], [-164.98670588031314, 62.760751639489186], [-165.00263937543517, 62.75707120644505], [-165.0206376512355, 62.75626329811112], [-165.0218943454453, 62.75621844746194], [-165.03872558252996, 62.749934718159295], [-165.05304334261555, 62.7422596813626], [-165.0630075145804, 62.73400113861795], [-165.09047606029054, 62.73938719408165], [-165.12597866273782, 62.74050927322132], [-165.1652515972683, 62.73593120136833], [-165.19388713083322, 62.72991678877647], [-165.22189423472418, 62.72246617777593], [-165.24734312392874, 62.70989883426908], [-165.25901278001658, 62.69221483894989], [-165.25699293941818, 62.68184682330573], [-165.25515289431544, 62.67224176042088], [-165.24572738071478, 62.662277691639446], [-165.2481061881255, 62.648049641963276], [-165.23930900688154, 62.63409097101992], [-165.21309711412346, 62.614432094270605], [-165.21588000425146, 62.6142076682024], [-165.27696613782982, 62.609225668531515], [-165.28778295213792, 62.604916807751536], [-165.3116159717876, 62.59549131342942], [-165.3386806214186, 62.57605686487491], [-165.3507542386921, 62.54778041804016], [-165.34622100213585, 62.52668522984724], [-165.36956034187386, 62.51070683205972], [-165.38360883875833, 62.496972565889635], [-165.38841134504938, 62.48525798487334], [-165.3846411105418, 62.47843569533345], [-165.37956933185583, 62.46959373620142], [-165.4028637444067, 62.45226878380219], [-165.41875241801725, 62.44041960829753], [-165.43868062814218, 62.411873819295224], [-165.4467146546473, 62.3954016189912], [-165.44716350360343, 62.39445905286903], [-165.44850999375686, 62.39172124537973], [-165.4488690120257, 62.39100307518103], [-165.44909351706127, 62.390913329996195], [-165.45277384739074, 62.38911800867818], [-165.4638151180054, 62.38373201944208], [-165.46749570436558, 62.38193665810517], [-165.52588875693874, 62.35343572195736], [-165.57023356940118, 62.3236332543468], [-165.62126585528767, 62.291766116832925], [-165.65937174274052, 62.264252704399254], [-165.66888690849564, 62.2508325775479], [-165.68769311913127, 62.240150368135204], [-165.72162486481614, 62.22260101864603], [-165.73360867110938, 62.21173926918841], [-165.73957815303942, 62.20487212491664], [-165.7706373571729, 62.19840893155008], [-165.79245067252612, 62.19032986839953], [-165.81354588198587, 62.176236549642674], [-165.820592535189, 62.166227610372886], [-165.8485996053438, 62.16093135474858], [-165.87458699107523, 62.150249152411426], [-165.89258528036234, 62.13813059562826], [-165.89895869339043, 62.126999572794965], [-165.90183128831572, 62.11927966134391], [-165.94837523375878, 62.12466566017452], [-165.98567318460974, 62.12614681177855], [-166.00578093976014, 62.1234538251175], [-166.04922800837943, 62.108013921227574], [-166.09622079330535, 62.07345385436983], [-166.11727106604963, 62.04908219936429], [-166.12606808414742, 62.038714129730195], [-166.12983837133677, 62.025294047749135], [-166.1183033046373, 62.00971951019305], [-166.10205565274185, 62.00087750941276], [-166.09649003835716, 61.99831919798212], [-166.0871094412387, 61.99041976335469], [-166.075933551677, 61.98305890792169], [-166.07750448492757, 61.97390268825907], [-166.08203768404957, 61.963579490323625], [-166.09482933274174, 61.94665854517148], [-166.10690294475071, 61.9057249707207], [-166.11053848513535, 61.886559787013674], [-166.1125133456502, 61.87313971212655], [-166.1221183907519, 61.869952972135245], [-166.14370734441547, 61.86322046289041], [-166.1717593756044, 61.85217924773461], [-166.19774670484762, 61.834270742980806], [-166.21350083014465, 61.817035629230496], [-166.2297484722013, 61.798319285711614], [-166.23755820614346, 61.780545512159016], [-166.23513462302873, 61.76429770558126], [-166.23625657072603, 61.755141536044555], [-166.2379621943539, 61.740868628480136], [-166.24815075215736, 61.722780687660034], [-166.25730694461234, 61.70958501298631], [-166.26210941517735, 61.69324745660065], [-166.26206456241485, 61.67471065819429], [-166.26022420025572, 61.65873225586128], [-166.26525122024097, 61.64697279143118], [-166.2799280719989, 61.62201765162202], [-166.28643613126664, 61.60312185093791], [-166.28863546337428, 61.58081483478735], [-166.28073590432382, 61.56286147828523], [-166.2681686424638, 61.54374123548232], [-166.25407525553393, 61.522242130800805], [-166.2316336892091, 61.49701777059768], [-166.20784559234733, 61.47322956560799], [-166.19447032812676, 61.45985433276269], [-166.18356368512917, 61.454513294349674], [-166.16722603340926, 61.44894776080544], [-166.15214531995537, 61.44360661341584], [-166.1474774607961, 61.44181127271162], [-166.11767495322954, 61.43014163975091], [-166.05052953231015, 61.40087775843507], [-166.03131948317485, 61.39531216461067], [-166.03257622622306, 61.37843605841578], [-166.02377914545153, 61.361066260222316], [-166.01754037424112, 61.351954943453194], [-166.00717228915468, 61.34374130906888], [-165.9986445297825, 61.33552764323738], [-165.99599639258318, 61.32641637247949], [-165.9956821815114, 61.325832872036884], [-165.99038592797493, 61.316452304251676], [-165.97943437887653, 61.308507939737794], [-165.95349188860666, 61.2941003461714], [-165.94738768799377, 61.286694679587924], [-165.9441112283595, 61.28198192866279], [-165.93998208500682, 61.27587776654455], [-165.9263823444487, 61.266990866047294], [-165.9230609922142, 61.26483648030544], [-165.90326759080716, 61.2569369891002], [-165.88235195992434, 61.25164079965193], [-165.86026926506932, 61.2449083195763], [-165.85946141525758, 61.24468391963871], [-165.84173257076702, 61.239567165585136], [-165.83755841119694, 61.238714416487845], [-165.83728914797828, 61.23790649079245], [-165.833967700696, 61.227762910459084], [-165.8337432955652, 61.22704474818123], [-165.82283666581228, 61.21708069655345], [-165.80910240067533, 61.20801424267895], [-165.80178636134576, 61.20321176783406], [-165.79999103614543, 61.202583358941986], [-165.786885095614, 61.19809502529364], [-165.7660593801442, 61.16452230634244], [-165.76179529843378, 61.157071739513945], [-165.74339322614514, 61.12520459006012], [-165.71686711938855, 61.09643439267689], [-165.68634648810746, 61.072601384570326], [-165.66363556604242, 61.057789886927765], [-165.62153513881168, 61.044639062594044], [-165.60676847010322, 61.04001612719239], [-165.56112223895335, 61.031129205864026], [-165.53877023056612, 61.0267755456771], [-165.50582594426493, 61.023274639791644], [-165.47270210074194, 61.0198185783155], [-165.41668768410963, 61.01245777535866], [-165.34658008004968, 61.01542006429168], [-165.33912950668483, 61.01788861391835], [-165.2901617185415, 61.034046622641796], [-165.28621203731686, 61.03588682303916], [-165.2683933499122, 61.044055541041175], [-165.2583844681764, 61.050653445260906], [-165.24658005606094, 61.05339126526227], [-165.2459966918152, 61.05352595870064], [-165.2398027766152, 61.05128177503928], [-165.23657110566268, 61.05006995928468], [-165.25479376781468, 61.034630113948964], [-165.26148130975477, 61.022152562669035], [-165.2617955812775, 61.02152421229024], [-165.27472193170786, 61.01465702925093], [-165.28589783443317, 61.00523152032353], [-165.28598764236307, 61.00514172992055], [-165.29352799617797, 60.99971089849434], [-165.29429100313385, 60.99876835730594], [-165.3011582463862, 60.990240526969714], [-165.30340234297262, 60.97906454776263], [-165.30214564091492, 60.96645236556222], [-165.29797139489455, 60.959001759973226], [-165.29321388265157, 60.9543787640155], [-165.28262132274392, 60.950114832703356], [-165.27436288119063, 60.9463446413219], [-165.2760234806196, 60.937771928060315], [-165.27584406908127, 60.93745775323789], [-165.2707272645345, 60.930007183743335], [-165.26300736177825, 60.92313999087489], [-165.25416534043342, 60.91712565497967], [-165.24649038064916, 60.91281687990579], [-165.23706486995766, 60.91052778720765], [-165.23311516367886, 60.90500718425903], [-165.23235210335815, 60.903929958515256], [-165.22346522551183, 60.89643448288349], [-165.19348313673981, 60.88525851827653], [-165.1793450128097, 60.88211664950405], [-165.17050288512132, 60.87691023969069], [-165.17274709700746, 60.87125496765234], [-165.1775496057328, 60.858867125069004], [-165.1775047601987, 60.847960480338465], [-165.176786557204, 60.84715262245467], [-165.17045802928905, 60.83992642486269], [-165.1627830050704, 60.83359781769007], [-165.15748678256145, 60.829289089063614], [-165.16803435659165, 60.8184273063842], [-165.17561964995954, 60.80720645214699], [-165.1758439580649, 60.802852820622775], [-165.17615819696275, 60.79634472544446], [-165.16619408473693, 60.78400184080343], [-165.15914749300555, 60.77650629573109], [-165.15151735535858, 60.771075405637795], [-165.1409697751578, 60.76618318292241], [-165.1438870902053, 60.75873248975469], [-165.1391744547761, 60.750114938991516], [-165.133294690854, 60.74351705739773], [-165.1297937950076, 60.74037526091001], [-165.12337552530036, 60.736605031862986], [-165.13567351800404, 60.73175768718856], [-165.146759650699, 60.72547400398141], [-165.15551188641356, 60.71914547608355], [-165.16017981809375, 60.71483662645241], [-165.16421918758664, 60.707655364548735], [-165.1846859699259, 60.70455839206325], [-165.19797153771364, 60.701685823957675], [-165.2045244430914, 60.70024963159875], [-165.22202898952727, 60.69535730121451], [-165.234282159255, 60.68822083931343], [-165.2424509083811, 60.68332859097974], [-165.24415637433768, 60.68018677094723], [-165.245906850387, 60.675025225885996], [-165.24761244731485, 60.674666160978646], [-165.2692462081432, 60.670132906524714], [-165.28890507930447, 60.666048571184376], [-165.2913736676503, 60.665554822778475], [-165.3088331710417, 60.658373510492815], [-165.32279195021724, 60.65173073055381], [-165.33324969411507, 60.64571639455892], [-165.3378727135525, 60.64140763125154], [-165.34020666383287, 60.63826576803246], [-165.3749911702856, 60.63624604862616], [-165.375754209046, 60.636246036954866], [-165.40726224890446, 60.632565631202915], [-165.4107182346012, 60.63216166630649], [-165.43046689622858, 60.62812212425296], [-165.44559265864027, 60.6235440505527], [-165.44801629392143, 60.622242456356076], [-165.46412944274923, 60.61371459721846], [-165.46973976420063, 60.61007909712096], [-165.47508083247638, 60.60653331519229], [-165.47912042938904, 60.6016410343943], [-165.47907551087036, 60.597646429265346], [-165.48540403365703, 60.59360685153425], [-165.50443465292508, 60.57866074004931], [-165.51825867860111, 60.566003721477045], [-165.5193806737923, 60.558597941163086], [-165.52036819183965, 60.55195523117818], [-165.5138151677996, 60.53965719295015], [-165.5109426644318, 60.5365153217882], [-165.5014273592555, 60.526192184691595], [-165.48096069084968, 60.512727205623264], [-165.46745081435324, 60.502718238737444], [-165.46067343292168, 60.49998032417687], [-165.45304326072932, 60.49692827745732], [-165.44824072243756, 60.4949983255515], [-165.44343820753429, 60.48467516528534], [-165.42651716729628, 60.47439684664448], [-165.40555672223448, 60.46551002588677], [-165.3875135740522, 60.459495630609915], [-165.37499110986369, 60.45850822467131], [-165.36951534490268, 60.45810426725631], [-165.3480611983715, 60.45868773339332], [-165.3335638375038, 60.459271217572024], [-165.30856392954902, 60.44809528248723], [-165.28823184609215, 60.442664427470525], [-165.270233638561, 60.44181161658166], [-165.25614017425863, 60.4419911802912], [-165.25174170748627, 60.44208092467821], [-165.24559268781502, 60.44266436046703], [-165.23957826279732, 60.443247899375635], [-165.2377829631, 60.43404684776198], [-165.2354041659488, 60.425159871001455], [-165.23338447715906, 60.423589017135846], [-165.21915645110178, 60.41281698658478], [-165.20636469711533, 60.40505220615489], [-165.2060954599583, 60.40482775761165], [-165.19590689606068, 60.397018085496796], [-165.17678654561132, 60.38126405322467], [-165.14146347033224, 60.35796965336229], [-165.12454248156965, 60.348768567705996], [-165.0986448184775, 60.33472005967045], [-165.0415083438324, 60.31084214306328], [-165.00169684549354, 60.293831433077735], [-164.9999913451053, 60.29284399805161], [-164.9718943252752, 60.277000197653685], [-164.9431242092487, 60.27103071085722], [-164.89541327076103, 60.2581491709684], [-164.85111344134276, 60.24899298038121], [-164.84658025892438, 60.24845436886452], [-164.80398599277615, 60.243247935310634], [-164.7695156995177, 60.240644696493064], [-164.74882439870572, 60.24033050595026], [-164.74801656211488, 60.239657310875124], [-164.7339680852456, 60.22798766434658], [-164.71112250995884, 60.207924785683524], [-164.68886030925066, 60.19217075802491], [-164.6670021422802, 60.180142043390056], [-164.65860896542117, 60.17551906663055], [-164.62427329428692, 60.164612406673534], [-164.59738824074006, 60.15823902090089], [-164.59061088122255, 60.14993560829482], [-164.5747221267108, 60.13301455736197], [-164.5486898120614, 60.11061780032776], [-164.5214456556597, 60.09194632936217], [-164.48823211448263, 60.05496252877275], [-164.48423737506863, 60.05379557910415], [-164.44572757372362, 60.030501111919335], [-164.43208300462925, 60.02619238144265], [-164.42862706178315, 60.02785304136083], [-164.41879756868144, 60.02287101028585], [-164.41614947952252, 60.021524482728815], [-164.39007235458382, 60.01084224434655], [-164.36278330124517, 60.005321631180614], [-164.34281023773528, 60.002942777250325], [-164.36435420011227, 59.9992174902126], [-164.37768450785967, 59.99468432699166], [-164.3792106283159, 59.99419055253972], [-164.40120334021117, 59.985976946177004], [-164.41704721988708, 59.97942393515733], [-164.42027869229034, 59.97812236930383], [-164.42925541994575, 59.972422170844915], [-164.43486582652704, 59.96892124289379], [-164.4496773590731, 59.9533468217301], [-164.44209199272592, 59.93943295515152], [-164.43522493164895, 59.926731022551444], [-164.42588920453593, 59.91443295275008], [-164.42081730510586, 59.90698238226998], [-164.41570064594742, 59.88485487418226], [-164.38984794956332, 59.87044733153481], [-164.36430931950008, 59.85877766044852], [-164.35425544458775, 59.85348148662903], [-164.35335771301226, 59.852898000676845], [-164.34653551854646, 59.84836476013712], [-164.3366611237868, 59.82960355859685], [-164.32633801284607, 59.81937016460474], [-164.31314241798486, 59.806264241056994], [-164.27463252170952, 59.77830199475015], [-164.2309610910592, 59.75307751314239], [-164.22593408982507, 59.75096798612199], [-164.19321420422557, 59.73727864551637], [-164.1508444607152, 59.722377351213616], [-164.13441709986745, 59.717440186546014], [-164.12642788565196, 59.71618344802718], [-164.12481210024188, 59.716273217841554], [-164.11107776210224, 59.69410086139495], [-164.080781505075, 59.67049230257392], [-164.01332199693374, 59.63777241756734], [-163.99927357742322, 59.63588725620278], [-163.9762483925188, 59.634316401459365], [-163.9479269496674, 59.6358424010505], [-163.92620351862507, 59.64042048575011], [-163.91969542816574, 59.64046538192279], [-163.89572772840225, 59.63238635166551], [-163.8866613049793, 59.62933431922959], [-163.8470743293723, 59.617933961666914], [-163.8119306827606, 59.6208513686252], [-163.7780886330253, 59.633373801431816], [-163.76094330255384, 59.63970232746179], [-163.75115875737575, 59.64647971245607], [-163.7446506757599, 59.654783137587195], [-163.7413740790742, 59.66443308184412], [-163.73993792377436, 59.66865209334941], [-163.74891445258444, 59.68642586670067], [-163.78778340891387, 59.7091817021373], [-163.8136810948047, 59.71694651859071], [-163.84734356160308, 59.71847257003557], [-163.86978528179904, 59.716766981476795], [-163.8802879025811, 59.715959025349655], [-163.89114960872814, 59.71380467847692], [-163.8968947151282, 59.714657444719485], [-163.9179000759374, 59.7251152252904], [-163.92036869706314, 59.72632707840322], [-163.93639207449417, 59.73103987920246], [-163.95286411891766, 59.73593214534807], [-163.9660149681245, 59.747108100026026], [-163.98342970565682, 59.75244919931204], [-163.98908503817313, 59.75330194360299], [-163.99972237529093, 59.75496265886838], [-163.99797191205752, 59.76043841178163], [-163.9956828745228, 59.76223371188513], [-163.99370802105335, 59.76375977226813], [-163.98239736932217, 59.76147069815395], [-163.9227025872357, 59.755007494285906], [-163.91058419191592, 59.75366101537293], [-163.85277436377822, 59.74742226858023], [-163.7843723679516, 59.74055510579572], [-163.70771171048514, 59.74113857419576], [-163.70133820115643, 59.74140785610312], [-163.64743338546057, 59.743607205497035], [-163.62750525427333, 59.74607577448643], [-163.58199359673924, 59.75164125419326], [-163.55124856347933, 59.75361618973848], [-163.4923615890451, 59.75738635155983], [-163.42853764581074, 59.76088722604572], [-163.38823232459384, 59.76425350418898], [-163.330018791993, 59.76968436285102], [-163.32202957651725, 59.77098594486937], [-163.26493808563808, 59.780590972761495], [-163.2463562670639, 59.783239130114346], [-163.22781955900567, 59.78584237984558], [-163.21704747992115, 59.78678491144825], [-163.16516242217673, 59.79127323054207], [-163.1507548766885, 59.79441508200803], [-163.14586259916848, 59.79562690677476], [-163.1306022898645, 59.78902903068217], [-163.1056471725399, 59.77825706296044], [-163.1033133203393, 59.7779429375546], [-163.06579084098342, 59.77291597815815], [-163.02557547342465, 59.767529994867694], [-162.985988334596, 59.76941502760487], [-162.97476760604232, 59.77282622615862], [-162.95326840608163, 59.7692804360408], [-162.94720924901935, 59.76829302310527], [-162.91583578299927, 59.77314038394013], [-162.86866353974295, 59.78036657442879], [-162.86641937118358, 59.78144375944031], [-162.82606924138963, 59.800653815497355], [-162.81588066663457, 59.812817224291294], [-162.8154767864054, 59.827718496923076], [-162.81803511580384, 59.840285790869565], [-162.7625593676166, 59.85747612241831], [-162.75869941445455, 59.859047006855356], [-162.71229003085037, 59.87821212085811], [-162.7075773777208, 59.880187029383485], [-162.6985558632197, 59.89001643397132], [-162.69837618478138, 59.891811801229736], [-162.6647587202006, 59.88970225676881], [-162.6635468054538, 59.889612506006465], [-162.60641035741602, 59.88831086815461], [-162.5744086535446, 59.89468430567557], [-162.5626491530207, 59.896838686772874], [-162.5145342245472, 59.89037554858414], [-162.50412138323222, 59.88934318846462], [-162.4644894288856, 59.88543834764162], [-162.45035130838312, 59.8846304352576], [-162.4498575476189, 59.88463049366812], [-162.44985753393604, 59.88458560414494], [-162.4502615081506, 59.88296975324234], [-162.45039611836086, 59.88243119569188], [-162.45196699653505, 59.87632705692592], [-162.44164385050829, 59.84405600598092], [-162.41139248452217, 59.82327504478162], [-162.3643548687189, 59.81088726256095], [-162.35044105581142, 59.81034860943949], [-162.33877138163422, 59.809899768302465], [-162.31763134181205, 59.8125030253186], [-162.3069042394957, 59.81209906100421], [-162.29765828714994, 59.811740043780595], [-162.25730815757052, 59.80617446653184], [-162.2278198488688, 59.80648864994473], [-162.19442674427356, 59.812188805702036], [-162.18773905188985, 59.81770945283022], [-162.18666193565025, 59.818921369495826], [-162.1783136814702, 59.81483693383334], [-162.1606744806151, 59.79980107019791], [-162.13850214904332, 59.772377327733864], [-162.1149832237582, 59.75612958214861], [-162.10685937198025, 59.754199657437155], [-162.1051090043932, 59.749980608172876], [-162.0982417913511, 59.73368793368298], [-162.07490245051312, 59.717619742392976], [-162.06830468012365, 59.71640789576748], [-162.0648935221612, 59.700025536383635], [-162.04258657416685, 59.67071668022125], [-162.0197409732158, 59.65209010780751], [-162.01269431614378, 59.64562692058051], [-162.00304433833966, 59.64463950611176], [-161.99999225202257, 59.641856729565255], [-161.9417338020717, 59.58887200045289], [-161.8834752809342, 59.5358872807729], [-161.87126696910707, 59.52480117337206], [-161.88423835340046, 59.51524100247765], [-161.8947859374005, 59.50756594625932], [-161.90008211780852, 59.498050667943325], [-161.9034034286396, 59.487592856446746], [-161.91013586233214, 59.479962745145315], [-161.91341244391867, 59.47331999498111], [-161.91444476008456, 59.46928048238107], [-161.92597973594675, 59.464253549860416], [-161.94137468982333, 59.457880182349115], [-161.94860089556607, 59.452943034833865], [-161.95852011630868, 59.44782632844235], [-161.97930111193423, 59.44432542915655], [-161.9999922381962, 59.438041757735306], [-162.00097980286955, 59.43772754308059], [-162.00196707841997, 59.437458270952604], [-162.01404078778668, 59.43211717173908], [-162.0286277470953, 59.4234995597156], [-162.03253270357368, 59.42125535831898], [-162.05362782052603, 59.4090022244382], [-162.06130289356773, 59.39796097080206], [-162.06269423656462, 59.37188374614482], [-162.06475892032728, 59.36003458065078], [-162.08280189285244, 59.35074373102573], [-162.08939978369355, 59.3466593852488], [-162.11157211134912, 59.33292507190669], [-162.11695806700482, 59.32619259854289], [-162.1266978195571, 59.3140292030538], [-162.13212866120682, 59.306219530495085], [-162.1452345991356, 59.293966385446836], [-162.14716458860005, 59.292260828863014], [-162.16659907788184, 59.27507053438967], [-162.16960629937205, 59.25608485950673], [-162.17099758096612, 59.247557017042595], [-162.16381623597815, 59.22444214285974], [-162.14177852200433, 59.19086948134641], [-162.1313207387667, 59.17529500136864], [-162.1222991921339, 59.16178510641854], [-162.10703890922335, 59.13669532140956], [-162.1021914876013, 59.12875097214131], [-162.08805331722982, 59.1147474518608], [-162.07306219807347, 59.09998081906299], [-162.04680556871756, 59.079065209964476], [-162.0189330733496, 59.06156075789964], [-162.01682355649444, 59.06021424218034], [-162.0076672453499, 59.05527706741483], [-162.00111437091445, 59.070223158580085], [-162.00057580056097, 59.069774326866956], [-161.99999225347716, 59.06932548265943], [-161.96888817821556, 59.04405620404205], [-161.9631880425947, 59.03943322639099], [-161.95335861822022, 59.032700743153285], [-161.92705691996872, 59.00078873042637], [-161.92382533350758, 58.997557102483114], [-161.91395108040814, 58.98965767830257], [-161.902460847895, 58.97758407486431], [-161.89429219047483, 58.96591439032099], [-161.88585410739037, 58.95375103016542], [-161.88545017409987, 58.952808498743636], [-161.881769640534, 58.944146015723966], [-161.88248781989304, 58.93050152553231], [-161.8851808617072, 58.91604910532407], [-161.88576432614875, 58.91236869474692], [-161.88809822868785, 58.89773670500396], [-161.88877148667302, 58.88148891459709], [-161.88814321839084, 58.87735967817954], [-161.88720064903848, 58.87130046324023], [-161.88181456411132, 58.85752130511977], [-161.87265841396095, 58.84661468434036], [-161.8655220013348, 58.84010657785506], [-161.86013591769967, 58.83247641281975], [-161.85753266198685, 58.830411769975306], [-161.8585202233567, 58.82219810292394], [-161.85659017984585, 58.81519634085937], [-161.85120422464766, 58.807970113518444], [-161.86354705200262, 58.801551787080754], [-161.8718055772051, 58.796165802980944], [-161.87952551146594, 58.791183790086386], [-161.8891754457878, 58.7843166417265], [-161.89424732115694, 58.7776738908343], [-161.89635674089894, 58.772871410386145], [-161.89608748266292, 58.77228789916246], [-161.89824186266156, 58.76815863293813], [-161.89756862309343, 58.76429870594025], [-161.8978378799741, 58.76205456028708], [-161.90564766414317, 58.76043871601798], [-161.92297251713777, 58.75455899075411], [-161.93163506131376, 58.74921794714746], [-161.93316103786577, 58.74827539128879], [-161.93908566920857, 58.74217125298729], [-161.9435291532291, 58.73741359154844], [-161.94824178310262, 58.732476453948046], [-161.9501718839869, 58.72928976253717], [-161.950396197462, 58.72893065160808], [-161.94918439279658, 58.724307669272655], [-161.96300847378825, 58.72623764143178], [-161.9844177926415, 58.72700071844475], [-161.9999922731106, 58.727090456426914], [-162.00196716220583, 58.72709047400413], [-162.02081806908927, 58.72632746577703], [-162.03441782013502, 58.723634405796], [-162.0380083999404, 58.72210837509948], [-162.0478827652017, 58.72363442036937], [-162.07315202944005, 58.72439749031303], [-162.0910604928062, 58.722736758503686], [-162.10021669017902, 58.72022329425888], [-162.113906043859, 58.71604917006613], [-162.12117708597512, 58.71452315861557], [-162.12849311473917, 58.7130868743169], [-162.1390856474094, 58.7122789628934], [-162.149274034636, 58.71196479498854], [-162.1656116004088, 58.710528517916714], [-162.16852908889697, 58.710259178308846], [-162.18513588429386, 58.706129971303724], [-162.20335855164373, 58.6999809279273], [-162.21543210937298, 58.69504374943161], [-162.223780401391, 58.68992705757181], [-162.22629381945177, 58.685528542991754], [-162.23338545872366, 58.683149679467654], [-162.23648231296184, 58.68211739530719], [-162.24532431423998, 58.678796001878055], [-162.25039611555349, 58.67686606738126], [-162.25977680334245, 58.67269191785011], [-162.26897791886543, 58.66757517901694], [-162.27400474477696, 58.66030414785378], [-162.27463308709824, 58.65720714271761], [-162.27535117702365, 58.653840950816715], [-162.28015383698335, 58.647108391744894], [-162.28046797366449, 58.6467045082731], [-162.28073718657666, 58.64630056134489], [-162.2776402951549, 58.6328803880576], [-162.27045895379416, 58.62219816742232], [-162.27041403546855, 58.62210846908527], [-162.25802632970738, 58.61411917627221], [-162.24644638028616, 58.60662368066271], [-162.2302884539805, 58.59854470919366], [-162.2104949715038, 58.59257521526686], [-162.19895985577864, 58.589971965774], [-162.19833147757367, 58.58992712516678], [-162.18733507753376, 58.58920898744331], [-162.17436388309915, 58.58961292633597], [-162.17176057071345, 58.589927148239724], [-162.16350210841276, 58.5841820610757], [-162.14922922470947, 58.57610310430289], [-162.13221839688637, 58.57139034069669], [-162.09900485041004, 58.56658781075336], [-162.0817696733684, 58.56488223380693], [-162.07036928111535, 58.5656452549623], [-162.0529545821281, 58.56681223809636], [-162.04308018296197, 58.56833824172329], [-162.0377839898581, 58.56618388182248], [-162.01736217702168, 58.56165062103243], [-161.99860085475618, 58.56106716626738], [-161.9946511494374, 58.561830205966736], [-161.98203906393854, 58.564208964653275], [-161.97153626413888, 58.56775479591574], [-161.96359197384663, 58.566408295006504], [-161.93015388098823, 58.56627363831383], [-161.92216468018472, 58.568787120404906], [-161.91116820375044, 58.571345408528366], [-161.9090587964797, 58.57273683706987], [-161.88809824760418, 58.570627289465214], [-161.87786490550198, 58.57098638058118], [-161.87072840896795, 58.57040287015477], [-161.8636368201013, 58.56874217834637], [-161.8650731489082, 58.56609409489637], [-161.86507309762305, 58.554828422524736], [-161.86431015412614, 58.54585175782606], [-161.86089894635728, 58.539074328035476], [-161.85501923491336, 58.5321622822307], [-161.8446512433935, 58.52332034019933], [-161.83818796284717, 58.51928085307559], [-161.8267427387513, 58.51236880916166], [-161.8175866272878, 58.50572603242196], [-161.8021915647568, 58.50173147573871], [-161.78109647286988, 58.49881406478875], [-161.76713779440112, 58.49692890387021], [-161.7492293295406, 58.49603123662443], [-161.73684157681632, 58.49737773327795], [-161.7284483529122, 58.498814000905696], [-161.7279097510719, 58.498858879037684], [-161.71641959828148, 58.496524996717085], [-161.70421135856895, 58.49692894337631], [-161.68845741876413, 58.49912824141529], [-161.6764735665312, 58.50065426732293], [-161.6586998404599, 58.50042981855962], [-161.6402526769818, 58.50231490607315], [-161.61700325008437, 58.506758378416144], [-161.59801753896102, 58.51277274200208], [-161.58697626836232, 58.518428035958465], [-161.576877570458, 58.52897560528639], [-161.5723442898628, 58.53525929445014], [-161.57126716172482, 58.54019640423234], [-161.5714915050023, 58.54374224740215], [-161.56027075476703, 58.544819448374234], [-161.53711093233636, 58.54903848129805], [-161.5213568565499, 58.55164163296314], [-161.508026579577, 58.55559140158478], [-161.50344843574086, 58.55698273491656], [-161.4898487742777, 58.56187504218183], [-161.47975000632186, 58.5673059491654], [-161.46884339170774, 58.57435259278813], [-161.461437691201, 58.580097712200946], [-161.4578470188474, 58.58597742911852], [-161.43491170809668, 58.59122870461328], [-161.4183496779221, 58.595986373472996], [-161.4007554748613, 58.59858957624693], [-161.37710199829664, 58.601462165147936], [-161.37283810803706, 58.6020007377782], [-161.35811631918781, 58.60321254081369], [-161.3534484593811, 58.60357167273897], [-161.34245204566412, 58.60693789850298], [-161.34182369255913, 58.60707256983258], [-161.33693147539466, 58.60841900046945], [-161.32804462109482, 58.61034904408845], [-161.32203024407912, 58.61160572489845], [-161.30165327771874, 58.61753032839906], [-161.29981290524466, 58.61806896595005], [-161.29303556796998, 58.620492670138916], [-161.27265854628317, 58.627718866743834], [-161.26431037972915, 58.63081576865108], [-161.25385244960896, 58.634675760454634], [-161.24119538307565, 58.639927069069635], [-161.2339691670512, 58.64347283653099], [-161.184462866072, 58.61183014313996], [-161.17705719309913, 58.607072496295245], [-161.1794360006788, 58.6001156435606], [-161.1849118184857, 58.58754828003053], [-161.1850014491281, 58.58691995070044], [-161.18675205442477, 58.57327540966194], [-161.18212892709445, 58.55747650072522], [-161.17732655910325, 58.54257522501285], [-161.1685294334722, 58.52489123015218], [-161.15892430250827, 58.51236881108415], [-161.1409709899702, 58.50334727626566], [-161.1142206530263, 58.49535800651232], [-161.09577349372466, 58.49001691798], [-161.07786511210796, 58.489882294040086], [-161.06754195229237, 58.48979250042864], [-161.04599805292224, 58.4949091829052], [-161.02840374030512, 58.499891254544146], [-161.01561193750314, 58.503077975318575], [-161.0006210139582, 58.50105824051319], [-160.96484901524175, 58.495672230739046], [-160.9334307330785, 58.4961210062603], [-160.9018329027936, 58.50222514831249], [-160.87413994500363, 58.510079736741915], [-160.84308068367562, 58.52435263771281], [-160.8183947648119, 58.53956806487841], [-160.80178807644444, 58.55141723121064], [-160.79330503678872, 58.56007973061811], [-160.78975930935175, 58.5644334148892], [-160.7897592470158, 58.57444238978446], [-160.78724575981576, 58.58157885450741], [-160.7631883807977, 58.607117449524175], [-160.76269469641687, 58.607656054456555], [-160.7468060438406, 58.62569909283554], [-160.72059418792375, 58.6515518948803], [-160.70003766334258, 58.67206353169717], [-160.6891309981269, 58.6902412775432], [-160.67786522077512, 58.703885827097146], [-160.67194061232456, 58.71003477927463], [-160.66318845252283, 58.7191460696533], [-160.6498131757813, 58.73678525795092], [-160.6265636462184, 58.76079780918903], [-160.61179710286694, 58.77942438111439], [-160.60160856613908, 58.793338141325556], [-160.59640205678465, 58.80442432618631], [-160.59519022868227, 58.81380494168564], [-160.59348473271544, 58.8217492753197], [-160.59810758370483, 58.834226864473166], [-160.60196755243518, 58.837413544545186], [-160.60609691084986, 58.84122866927051], [-160.60614176625995, 58.84122865817699], [-160.6065457494702, 58.841632576393216], [-160.60861034312637, 58.84351769131978], [-160.6087000734251, 58.84360743231541], [-160.5556031526026, 58.85101319619041], [-160.3962226468959, 58.873140637173805], [-160.34308073139425, 58.880546439090125], [-160.34200363700313, 58.877135276912306], [-160.34124059700846, 58.87471159357134], [-160.33450812995915, 58.86595933063824], [-160.32719213035782, 58.85846382908904], [-160.32692277764173, 58.85841892789779], [-160.3337002809751, 58.84832018497031], [-160.32669840725646, 58.83476542873141], [-160.31054042738543, 58.812638038242575], [-160.29761403435563, 58.799128136145264], [-160.27346675800496, 58.788715197660004], [-160.2525511999449, 58.78068110473376], [-160.25048660345652, 58.77991805703236], [-160.23643802577772, 58.7747565188461], [-160.23401439130703, 58.77394859541093], [-160.20874513534395, 58.77013354069148], [-160.18890677761664, 58.76972954175428], [-160.1722550091141, 58.769325662733294], [-160.15075589395184, 58.77197377098617], [-160.12714723431534, 58.780052758808594], [-160.11300900564646, 58.78660572419393], [-160.1031796456581, 58.79419098549332], [-160.09703062300653, 58.79939743613542], [-160.0891310902292, 58.80630943462165], [-160.0824884856742, 58.801147873233845], [-160.06561228662557, 58.78970260300588], [-160.0556034234495, 58.78467568195505], [-160.0527756993233, 58.783957622153004], [-160.04896067795323, 58.78023223952052], [-160.03823343602784, 58.77035793149193], [-160.02822456619458, 58.764074289230024], [-160.0174525924569, 58.76021433916724], [-160.014445396314, 58.75976549706376], [-160.00510970466138, 58.74576188950384], [-160.004346591166, 58.744594969437884], [-159.9749928576487, 58.73072600765318], [-159.939086265466, 58.71788939414482], [-159.89384398862964, 58.71501688507076], [-159.85780266175894, 58.722018666053366], [-159.83473264981868, 58.72875112431971], [-159.81170746854255, 58.73543876216596], [-159.7481079461205, 58.760304089646404], [-159.71884402003968, 58.77668651845326], [-159.7056932752473, 58.79154281599954], [-159.7016986125615, 58.79639026388513], [-159.70138435466845, 58.79625561358165], [-159.6931707169481, 58.79279960441256], [-159.6756663555326, 58.789478233155364], [-159.64694093920963, 58.7860671120722], [-159.61112416565214, 58.782207096225335], [-159.58082787074537, 58.78256617170072], [-159.5529553679944, 58.78050158888527], [-159.5446968909296, 58.77843691215612], [-159.48538362972377, 58.73077088845111], [-159.42607031742023, 58.68310480166061], [-159.40470585715775, 58.66595936338424], [-159.34137555247267, 58.603414567720634], [-159.27804530564114, 58.54086966587843], [-159.21471490198067, 58.47832477248674], [-159.1513846142498, 58.41577999308106], [-159.16220154407847, 58.40357169453738], [-159.1623809475398, 58.39522340026366], [-159.15982270322021, 58.385214399970415], [-159.14837741481713, 58.37031314480605], [-159.13302732599362, 58.360034955593086], [-159.10789267464145, 58.34755731508125], [-159.0788531885649, 58.3392539683001], [-159.04765924326617, 58.33431679434697], [-159.01870954307222, 58.33413722608078], [-158.99191422591224, 58.34060045841266], [-158.970639565624, 58.34854474069165], [-158.96552286713612, 58.352808739910685], [-158.94124095886107, 58.34701877996577], [-158.91166286426767, 58.3428895211845], [-158.87665401805648, 58.34194695360432], [-158.83980482205783, 58.34365247318856], [-158.82247982695728, 58.34571713741652], [-158.8103165146109, 58.347153382388534], [-158.77270421060805, 58.35491824461843], [-158.74474202662813, 58.36371534442512], [-158.72010111937345, 58.37605826651114], [-158.70223744334407, 58.3884011800175], [-158.68953557859456, 58.40168662208181], [-158.68091794009922, 58.402539406512034], [-158.67185152284088, 58.40343708827016], [-158.65448167694456, 58.40729700495616], [-158.63823399541124, 58.41326647692377], [-158.6247240225396, 58.42201872663425], [-158.61435609418226, 58.43368839896701], [-158.60466134526845, 58.446345448234595], [-158.6052447724244, 58.45559146308763], [-158.60187842454272, 58.456309560868185], [-158.50127252229663, 58.478504347596484], [-158.40066672067817, 58.50069913461774], [-158.3505769682, 58.51191993994236], [-158.21300965009564, 58.54262014734442], [-158.19999353808433, 58.54145316993241], [-158.18940099004655, 58.54051062330533], [-158.1682609606969, 58.54122874994728], [-158.14882649700544, 58.5436524477644], [-158.1478840560444, 58.54378713839671], [-158.13150158376638, 58.53256623723704], [-158.08446393279922, 58.500340111201815], [-158.07997557062433, 58.49728802092735], [-158.07279430264154, 58.4923508647549], [-158.06983189308696, 58.49033111082713], [-158.07032570467464, 58.48938858056126], [-158.07167223892174, 58.48696481930424], [-158.0726595642031, 58.48521440483579], [-158.09128622107357, 58.45150703685593], [-158.0964478260725, 58.44217135377255], [-158.10327003990622, 58.429783497768575], [-158.12019108974027, 58.39912826544107], [-158.15151957924914, 58.34253040922986], [-158.15982294249108, 58.32740471542136], [-158.16467036402102, 58.31869742430244], [-158.17198632811488, 58.305501732388194], [-158.18262374981862, 58.28615703756338], [-158.18949079818051, 58.2737691928701], [-158.1968965376284, 58.260349109722455], [-158.22683375186966, 58.20617504205385], [-158.2431263590001, 58.17668666359119], [-158.26202228541212, 58.14248558436835], [-158.29357514789237, 58.0854389300907], [-158.31853026503626, 58.04028632940323], [-158.36139380211407, 57.962683137414345], [-158.39438306384787, 57.90298839459018], [-158.4273722826567, 57.84329358209257], [-158.4530005487274, 57.79692920091346], [-158.47337766712926, 57.760035074713066], [-158.49851227003145, 57.71456831292911], [-158.50923935567704, 57.69517870500371], [-158.52194129236014, 57.67219853134978], [-158.53257865287588, 57.65294359349575], [-158.54393415664853, 57.63238701556996], [-158.5604512236335, 57.60244992084758], [-158.5726594995544, 57.58041214583512], [-158.589535639752, 57.54980180095602], [-158.60335968734518, 57.524846648816656], [-158.62400595063045, 57.487503806430986], [-158.64649243825735, 57.44679462378828], [-158.68621421852714, 57.37489161447814], [-158.70870076545367, 57.33427219314887], [-158.74833262120157, 57.26250383067536], [-158.7802222729174, 57.20478393012892], [-158.81211185270087, 57.14706399684664], [-158.8284044266515, 57.11757566888222], [-158.84281202152772, 57.09154336466152], [-158.87678866000715, 57.030053301101816], [-158.87800050257025, 57.02785405896098], [-158.87966115222846, 57.024846850880365], [-158.88002018370466, 57.0241735916824], [-158.8812320863645, 57.02201919855402], [-158.88190537244142, 57.02076246757203], [-158.88244388919875, 57.019775054220396], [-158.88320691921987, 57.01847339472049], [-158.88392510666228, 57.01717177406499], [-158.88473296591184, 57.01569065170847], [-158.88549599696123, 57.01429927377881], [-158.88616917780755, 57.01304255861715], [-158.8871118558147, 57.011381857641624], [-158.8877850008456, 57.01017002914805], [-158.8888173931987, 57.00828486540961], [-158.89025358377097, 57.00563675002472], [-158.89177964565556, 57.002898949542114], [-158.89263242392298, 57.001327962755376], [-158.8934851636885, 56.999846860903276], [-158.89348515679657, 56.99212694415815], [-158.89353017672872, 56.984137675892676], [-158.8935300776958, 56.97789891241673], [-158.89353004963252, 56.97287197903054], [-158.89353004669056, 56.96726159702114], [-158.8935749141705, 56.961202325645274], [-158.8935749678497, 56.94980201281743], [-158.893575012013, 56.945134084747174], [-158.89357492291123, 56.94504434997077], [-158.8946073245474, 56.944775053186746], [-158.9193829457236, 56.9382220750152], [-158.93513683196957, 56.930098219177594], [-158.96031647973226, 56.9205829586544], [-158.9815462065179, 56.91111260698065], [-159.0095982868594, 56.89576251729284], [-159.04402377836735, 56.87628312578374], [-159.0815910358442, 56.852898981267685], [-159.09725532294559, 56.84607672869962], [-159.11597163399793, 56.83790792074368], [-159.17391599402484, 56.81443398263373], [-159.23495719959283, 56.79383257209363], [-159.28886214808608, 56.778213147399356], [-159.33280284562807, 56.763446560903034], [-159.3512049819718, 56.75770147121323], [-159.3763845761607, 56.753976157447354], [-159.42575610118243, 56.74019697547061], [-159.46588182550968, 56.721301119888864], [-159.5022821923341, 56.70280926261214], [-159.54411338523352, 56.68687563551926], [-159.58096247616476, 56.67291698338147], [-159.63715639959693, 56.658509439609105], [-159.67584580710428, 56.644999542429325], [-159.72961602115714, 56.63202833247951], [-159.74249747759288, 56.6282580499532], [-159.74828749733337, 56.62659741049765], [-159.76695892106355, 56.621211389794986], [-159.8078924856823, 56.61030481836478], [-159.84002891362104, 56.59917368839302], [-159.87014558623648, 56.590870337655744], [-159.90515452070662, 56.57816837283467], [-159.9289427351727, 56.56443409059214], [-159.9462228314295, 56.55155255003788], [-159.95264104063276, 56.54630120789549], [-159.96063027161293, 56.54347357183858], [-159.97256927748052, 56.53449691186134], [-159.99406830351782, 56.51640892617955], [-160.03208444502943, 56.49692956013212], [-160.03401448146923, 56.49607682045202], [-160.0691581012488, 56.48027792113216], [-160.1115278910211, 56.46560106999394], [-160.16417598066698, 56.454963669614], [-160.22539684699757, 56.433599313837504], [-160.2613482486619, 56.40806070318981], [-160.28706643975332, 56.38526000860398], [-160.29352963359298, 56.37964959130518], [-160.30560323565953, 56.369191716183224], [-160.32476834351803, 56.35868907546745], [-160.33015443525602, 56.35572681198564], [-160.3340592428302, 56.354290494447106], [-160.36049554223572, 56.344550857347684], [-160.37925678243167, 56.33759388930214], [-160.3867971615258, 56.33476624792585], [-160.41143800367576, 56.32255798594531], [-160.4131436085869, 56.321750136682056], [-160.42535181450657, 56.311112802963905], [-160.43944526293606, 56.29881477878365], [-160.46552241104138, 56.25500867531695], [-160.47337693647026, 56.243967406246966], [-160.47633921258674, 56.239434178709196], [-160.47871804494937, 56.23584353415739], [-160.48383477759262, 56.22951493034848], [-160.491599601073, 56.22305179754727], [-160.49586354370058, 56.21968552832987], [-160.50237163858495, 56.21582556658098], [-160.51368225280893, 56.203033806988486], [-160.52005558798612, 56.17906613444543], [-160.52306278232544, 56.17345569891378], [-160.53284740062676, 56.155143338819066], [-160.53926567032516, 56.135215164416785], [-160.54563912892698, 56.11528698858754], [-160.55843081382207, 56.09930856077512], [-160.58405912730356, 56.079380349539065], [-160.58616870306614, 56.078572453253194], [-160.61134816828618, 56.06914697661051], [-160.61601611240297, 56.06744143103375], [-160.6544362567796, 56.07139110997727], [-160.65905916106348, 56.071391151201475], [-160.69281143939835, 56.071391121985826], [-160.75039666091268, 56.07139110249651], [-160.79519020479634, 56.0753857631255], [-160.83123146179943, 56.07745038599419], [-160.8655672306881, 56.07938034797707], [-160.92957079276826, 56.079380354226174], [-160.98715604129904, 56.07538574339803], [-161.04474131069898, 56.07139112508618], [-161.10232654575756, 56.07139116214942], [-161.15991181849319, 56.07139109919146], [-161.17427446313437, 56.070269071309156], [-161.21112356252752, 56.06739650809715], [-161.26229057162365, 56.05545759566535], [-161.31987581579426, 56.039479071027785], [-161.34357417994372, 56.03292614009241], [-161.37746107031884, 56.02354555361723], [-161.42867287724255, 56.01156166440538], [-161.47983988179826, 56.003617328172865], [-161.51224560863258, 56.00110386699849], [-161.51255979210515, 56.00087947177064], [-161.52723658817487, 55.99549349828597], [-161.53957945768235, 55.99450607718583], [-161.56911267388085, 55.990780736644965], [-161.6003964083582, 55.98669632655822], [-161.6499026527388, 55.97336607360191], [-161.72544125228058, 55.955816674902], [-161.7294807265919, 55.95487407842357], [-161.74141971326125, 55.953123657764834], [-161.78684147537646, 55.94652583138324], [-161.78962434621968, 55.94621168493406], [-161.80578231153007, 55.94464068561616], [-161.82575537241354, 55.94266588903604], [-161.84887022867156, 55.93543965001483], [-161.85825082470788, 55.932522251647136], [-161.9061862478819, 55.91219008033557], [-161.93841245969395, 55.89001778828836], [-161.94873558759951, 55.882612055237054], [-161.96435491455762, 55.871391221856626], [-161.98100663356482, 55.85940733573888], [-162.0022365008614, 55.848769991480204], [-162.01134768679538, 55.85114883413175], [-162.02238903208243, 55.84787231809117], [-162.0328469363364, 55.84423678527561], [-162.03800841081477, 55.84109500363102], [-162.04020773296958, 55.836831078094264], [-162.04231723605105, 55.83355455595567], [-162.04357398479118, 55.83202859076105], [-162.05528852244527, 55.828213473845985], [-162.06080912639766, 55.82516143594226], [-162.0666440246235, 55.82408419633724], [-162.08001921937424, 55.82372513826083], [-162.10362781196017, 55.81946124841598], [-162.12023462878003, 55.815017807420084], [-162.13419324285812, 55.8090483255993], [-162.143439239607, 55.80159770569986], [-162.1526403164531, 55.79293519237246], [-162.16121301222648, 55.78539482583595], [-162.1722543799581, 55.773545639091076], [-162.1868863356694, 55.76798007153609], [-162.20955236244166, 55.759901148459626], [-162.2313656020585, 55.74877006114357], [-162.25124898746205, 55.74046662633244], [-162.27261334631356, 55.73225302474451], [-162.2898036965831, 55.72484728734563], [-162.3032237281605, 55.717127331300894], [-162.3205038269557, 55.7046946883443], [-162.33890602029126, 55.68876109101647], [-162.36053974153683, 55.67233381279212], [-162.37395985803363, 55.659048348874634], [-162.3961321803878, 55.64271081594214], [-162.4150729667282, 55.62659775137917], [-162.42526149274448, 55.619820365077906], [-162.44007292684736, 55.60994606412048], [-162.4513835319858, 55.60254033812824], [-162.4655218010868, 55.59324941840051], [-162.47041405357785, 55.5899730188173], [-162.4799292199926, 55.58454211191064], [-162.50021649104664, 55.57287245978449], [-162.51422012409955, 55.56075391254871], [-162.530063993452, 55.545493603960566], [-162.54720929898468, 55.52875217871733], [-162.55887901796015, 55.52237878155559], [-162.57086282072308, 55.51582579369973], [-162.58922005538082, 55.50765702565531], [-162.59411235636966, 55.50550259462981], [-162.60834032289887, 55.49778272894466], [-162.6289418182881, 55.492486441234824], [-162.64505487173005, 55.488491838043046], [-162.6578915708292, 55.48113103535489], [-162.66767607258345, 55.47390476023745], [-162.67382506854267, 55.467531400636794], [-162.68154503566583, 55.4631776539482], [-162.69729912136575, 55.462055613448165], [-162.72696695160514, 55.45886885496654], [-162.75838525623, 55.45146313018897], [-162.76350187831576, 55.44998196721027], [-162.78280170544295, 55.44441646511307], [-162.80618594213036, 55.436741451936335], [-162.83019851743325, 55.429425466204826], [-162.8470745862591, 55.42390479029392], [-162.86996511259656, 55.415242337990435], [-162.88957901865956, 55.40554755639066], [-162.8983312920729, 55.39975763582475], [-162.90515359715283, 55.39477557226505], [-162.91215539472967, 55.39248650632982], [-162.92279270785022, 55.38858161586369], [-162.93518047073766, 55.382028723831986], [-162.94002787337803, 55.37570016709785], [-162.94447137091964, 55.36964090468449], [-162.9459973528198, 55.36452416911914], [-162.9498573694694, 55.36043980967671], [-162.9538519828452, 55.35895870603889], [-162.95816075211246, 55.354156208200315], [-162.96834924273244, 55.3463016280817], [-162.98280161882724, 55.3356193820196], [-163.04034199334117, 55.298635550968385], [-163.09788236950442, 55.26165175133819], [-163.11731696075356, 55.24760322046477], [-163.13410318575697, 55.23579894355922], [-163.14132941916304, 55.23193901817031], [-163.15044076698456, 55.229515249098434], [-163.17665260458537, 55.22623881461056], [-163.20753227312716, 55.219685879495614], [-163.24447119764275, 55.2069838297192], [-163.2563653535644, 55.20357277033943], [-163.26220018338776, 55.20186717649502], [-163.2907009874344, 55.19338419172062], [-163.31614985611048, 55.182746909315505], [-163.34101520641624, 55.172558389769016], [-163.35636531010718, 55.165691231601464], [-163.43185899270728, 55.138581748201865], [-163.4409253418937, 55.13530528448018], [-163.4589236486388, 55.12812392209732], [-163.4779989841662, 55.12403952060849], [-163.4845519558597, 55.12237889699641], [-163.50807073565113, 55.11654407737735], [-163.53221799394586, 55.111292676005526], [-163.54554836382513, 55.10725320933958], [-163.55219105328933, 55.10523347153717], [-163.56794502895784, 55.10016167052001], [-163.58576381967546, 55.09728908900932], [-163.6104944272959, 55.09508983168858], [-163.63069191293093, 55.09324960112146], [-163.66610485373863, 55.09455126629732], [-163.69851059884402, 55.0972890956121], [-163.71740652665852, 55.099667905836604], [-163.73037776382296, 55.102360939273076], [-163.75421075122753, 55.10644529966518], [-163.77027902714624, 55.108824114128616], [-163.78576375936103, 55.10824061744546], [-163.80389657849935, 55.10577205720816], [-163.82301679888727, 55.10101443985027], [-163.83477621083256, 55.096211919944444], [-163.85281936926364, 55.09073616756295], [-163.85865418655126, 55.08898574145063], [-163.86843872289913, 55.089255043957046], [-163.87386966750321, 55.09051170624955], [-163.88778342349434, 55.09131967193501], [-163.89451591202, 55.09118496651099], [-163.89904911149978, 55.091095243037685], [-163.91269359944988, 55.090601518341316], [-163.93378883143484, 55.084811579101405], [-163.95017118233574, 55.07879715831383], [-163.96597007475347, 55.070000080249024], [-163.9860778128178, 55.057567431028914], [-163.9999916797703, 55.04881513171517], [-164.00102396458368, 55.04818683224168], [-164.0021010939545, 55.04751353952403], [-164.00313346277326, 55.0468402658849], [-164.0153416957963, 55.03692108589904], [-164.04743320401113, 55.020673365724406], [-164.08558410689062, 55.015646394048055], [-164.10968637478587, 55.018159908131885], [-164.15789096761978, 55.015646438084346], [-164.1880077669349, 55.00689420520595], [-164.20407590674938, 55.00061048882518], [-164.20533265955106, 54.99989236439957], [-164.2065894568858, 54.99912940112769], [-164.2134565857502, 54.9949552025049], [-164.22656251374386, 54.99033221264506], [-164.24043137011762, 54.98086183640479], [-164.25497356856164, 54.970718271268915], [-164.26776534281944, 54.964165271521814], [-164.27799874784827, 54.959946247076985], [-164.28948882661106, 54.955592548426836], [-164.29788201819198, 54.95263025578889], [-164.30416573543005, 54.95231607805212], [-164.30753192787654, 54.95146333386835], [-164.32041348609093, 54.95505398872786], [-164.3389053804855, 54.96214554828493], [-164.3609430778599, 54.96910244597271], [-164.3830704744377, 54.97435378718606], [-164.40219078072982, 54.97718140349025], [-164.41816916991894, 54.97956027596287], [-164.43877066388703, 54.97960513542542], [-164.47526076223437, 54.97628377514191], [-164.50165211334624, 54.97121196585685], [-164.51377066714278, 54.969820546197006], [-164.52117631439768, 54.96910246760291], [-164.53114048692686, 54.96412035449854], [-164.55281912258286, 54.950475909158115], [-164.57216377177315, 54.94392293360159], [-164.58033260530843, 54.93781878060355], [-164.58248703045808, 54.934542295502126], [-164.60124814630157, 54.93063748500719], [-164.61426432904685, 54.92386005458926], [-164.62772930713805, 54.91151720100314], [-164.63755874248486, 54.900745197241235], [-164.64402190359243, 54.885395142584414], [-164.64779220892746, 54.863851117893944], [-164.65115845601275, 54.844192241291765], [-164.66668802128405, 54.82834848621152], [-164.67068267497746, 54.82426403596022], [-164.68324994377062, 54.816678824328214], [-164.69851024345235, 54.80155310596551], [-164.7034473541872, 54.787998379121674], [-164.7060954985738, 54.77350104851772], [-164.72009913208802, 54.75972189107429], [-164.73078137155778, 54.749084542310335], [-164.73491061993352, 54.74504506191797], [-164.74469512133982, 54.73059261909581], [-164.7563199242834, 54.71730721539588], [-164.76641865608462, 54.70720843629699], [-164.77333069092637, 54.70034132564787], [-164.7793001372887, 54.694865518686555], [-164.7828010442169, 54.69172373794505], [-164.78724452321677, 54.6913197281334], [-164.8088782825007, 54.69118515535217], [-164.83517986357575, 54.687325150702456], [-164.8530883314176, 54.68041313167442], [-164.86368076350251, 54.67610434415332], [-164.87687643463545, 54.67543111628845], [-164.8994527153198, 54.667711154022136], [-164.9030433711139, 54.66645440142348], [-164.92974894391202, 54.65491945738264], [-164.9546591601527, 54.645134878705896], [-164.97862688437996, 54.63566449845035], [-164.99949759178958, 54.62623903639086], [-164.99999131518064, 54.625745321705715], [-165.01237904408356, 54.61376145242486], [-165.0196053197659, 54.60671472996184], [-165.02368971274794, 54.59868064579288], [-165.0271906067938, 54.59226233298532], [-165.03616728997224, 54.57659805470649], [-165.03675075257524, 54.561876320909555], [-165.0311403290178, 54.55307924904734], [-165.02974887978445, 54.53956937146504], [-165.02907565220247, 54.53499128464343], [-165.02696617133006, 54.52076327796251], [-165.016059562888, 54.50137367407322], [-165.0082497785711, 54.491364748119445], [-165.0062300458168, 54.484946398592164], [-165.00407570711727, 54.47825882879479], [-164.9999913475871, 54.46816003115787], [-164.99563767438326, 54.457298295609434], [-164.98280094700831, 54.444641214905616], [-164.97256764851198, 54.44091591279412], [-164.96812416481674, 54.43454249314196], [-164.9618853993668, 54.42664303787155], [-164.9416430105716, 54.4074329648591], [-164.92490160386998, 54.39167889710939], [-164.90129298958428, 54.374668151989304], [-164.89025168055895, 54.37076334529135], [-164.87131098718328, 54.36403080549108], [-164.85833964882224, 54.362100806301335], [-164.8402068258815, 54.356355803365204], [-164.836571275599, 54.35523368571514], [-164.80537730697378, 54.34553891190828], [-164.79783698184644, 54.34387821569491], [-164.7764277001545, 54.33907572294777], [-164.74061076169622, 54.33728036337485], [-164.72368986087753, 54.3389859193059], [-164.71426432019004, 54.34118521449212], [-164.70596093127938, 54.344192397307275], [-164.6964905074005, 54.341185229869744], [-164.6786718188437, 54.3392103366341], [-164.66332176212296, 54.337549715421076], [-164.63836658407365, 54.33826783916566], [-164.61709201066049, 54.338896184229725], [-164.581544378826, 54.34544911924835], [-164.5644888203696, 54.35200210165158], [-164.5406108385258, 54.355547843756824], [-164.5197849760587, 54.35958739574508], [-164.50219074944278, 54.36322294673429], [-164.4927652994747, 54.36605054407696], [-164.48706512734205, 54.36959636580302], [-164.48100581541536, 54.36762146903977], [-164.4572176986893, 54.363985934009605], [-164.41498253891777, 54.36883331072136], [-164.39509921659524, 54.378528150477855], [-164.38607772027922, 54.3847220430521], [-164.37386949836008, 54.388178023790836], [-164.34689462103745, 54.39657120461178], [-164.316284166324, 54.41142758396332], [-164.29568272957633, 54.42538626898429], [-164.27669714328863, 54.437190583792386], [-164.25807060204974, 54.45626597243509], [-164.2499915885137, 54.467935656984054], [-164.24913883207353, 54.478034357937155], [-164.2442913421028, 54.487774038949894], [-164.24406691175025, 54.488133126280246], [-164.2366162896466, 54.49989250685461], [-164.23989286315583, 54.51026059494148], [-164.23957867281095, 54.51371656732271], [-164.2361674572812, 54.51780094892771], [-164.2278641555011, 54.52368068304014], [-164.20510829183536, 54.532522691000885], [-164.1766074305374, 54.541140300830826], [-164.15174199958238, 54.54908465243894], [-164.12265769121908, 54.55613127767604], [-164.0845069093391, 54.56012594933276], [-164.0561855420482, 54.56362677420617], [-164.03185875092043, 54.56492845942025], [-164.0017869629552, 54.56358196479351], [-163.98558406220454, 54.56681348052454], [-163.95295391063354, 54.56842930002688], [-163.91673318963655, 54.56905765622325], [-163.87620356317575, 54.570449060930635], [-163.83746925728494, 54.57004513491518], [-163.79819640192153, 54.57134676831008], [-163.75789113659047, 54.57201996572525], [-163.71278354943706, 54.570179744924545], [-163.67333103839675, 54.5622354194585], [-163.62992887834613, 54.54944370437763], [-163.59357349733276, 54.541140316857295], [-163.5640402450374, 54.539614263952195], [-163.55205639451424, 54.54136473216269], [-163.5385464837835, 54.54607745595031], [-163.52615881708132, 54.551642959461], [-163.51601512257736, 54.56066452493631], [-163.50959687123606, 54.568519076679415], [-163.50403130098832, 54.57493740263212], [-163.50106900789564, 54.582028918380466], [-163.49267586510297, 54.5824778282534], [-163.46619471084475, 54.58687631862297], [-163.45385175593196, 54.591140273192494], [-163.44474042067023, 54.596481379165965], [-163.43589851063587, 54.602809889502105], [-163.427819517912, 54.60038620545519], [-163.4139504506969, 54.60038625272533], [-163.38468662905007, 54.60339342619617], [-163.34720904494432, 54.60666987648328], [-163.30614088985826, 54.60792659936467], [-163.26027019429065, 54.61254959512407], [-163.2386812570904, 54.61636469418377], [-163.22508170900483, 54.617307233858874], [-163.21211043869658, 54.61555676198825], [-163.19339401180545, 54.614210301657124], [-163.1784927749902, 54.61412049395748], [-163.14079082578976, 54.61331258618158], [-163.13203861820202, 54.61470397426518], [-163.12620373916027, 54.615826071581296], [-163.11781052454762, 54.61335750606565], [-163.10977647746168, 54.61129289446667], [-163.07992908529982, 54.6085998791451], [-163.05914817117187, 54.606221037837265], [-163.0256203757065, 54.61115818935714], [-162.9999919797797, 54.62341136436993], [-162.99976754864258, 54.62354602541027], [-162.98603318915542, 54.637684242078194], [-162.97826846203117, 54.64387809957841], [-162.96992011340637, 54.65056576762827], [-162.9547944491166, 54.65981170145146], [-162.95187702702572, 54.666005585315936], [-162.95488422146565, 54.671077438894535], [-162.96202064183547, 54.68207383635804], [-162.96444435599548, 54.69616719205484], [-162.96650908070893, 54.7024508164578], [-162.96861857090158, 54.70868957253462], [-162.9843277704304, 54.72305223357282], [-162.9997226409984, 54.73243285729877], [-163.01220021927503, 54.73907554745204], [-163.01947132328152, 54.74589782395729], [-163.02822350186344, 54.75720845167612], [-163.03729001112134, 54.76362671950749], [-163.0477926808507, 54.76959622187715], [-163.05780167038458, 54.77341130295239], [-163.0603150767339, 54.77713656827158], [-163.0708626766112, 54.78876138168086], [-163.0919129628199, 54.79948852379451], [-163.10492908801416, 54.8093628522336], [-163.11529710968898, 54.81322279312224], [-163.12225401961842, 54.81403067933896], [-163.12719115074478, 54.81272906661179], [-163.13037786531197, 54.8154220790106], [-163.13482136740592, 54.81883320173338], [-163.14173336179027, 54.820269453753355], [-163.13904036490652, 54.82565547262267], [-163.13845690094507, 54.82834843911451], [-163.1372900015494, 54.829829569007785], [-163.1319937653848, 54.83014375263305], [-163.1205484320119, 54.83548490511435], [-163.11516251877552, 54.83961411831814], [-163.1118860194719, 54.84383319744216], [-163.1100906920323, 54.846212012397544], [-163.09702957413356, 54.84688527330153], [-163.07939044540544, 54.85384215028828], [-163.06897756368184, 54.86169671728471], [-163.0628734247191, 54.86959620385242], [-163.0622899340018, 54.87341125985598], [-163.0631876660129, 54.87951535790969], [-163.01951618166626, 54.880906760542445], [-162.96781066927323, 54.88252261735845], [-162.96471370482755, 54.88000906953169], [-162.9520566064351, 54.8717057085231], [-162.9307369992807, 54.85909349312284], [-162.92889681922054, 54.85824074930887], [-162.9089237321139, 54.848949835869355], [-162.89388781809802, 54.8442371568225], [-162.88360955482494, 54.844865457870156], [-162.8468052432655, 54.84841130584671], [-162.82207455874695, 54.85658000736219], [-162.80425593973808, 54.866364586582016], [-162.7914641436346, 54.87834843855795], [-162.79034205068314, 54.88324071078266], [-162.79079102078651, 54.88880623174934], [-162.78334038934534, 54.887818776109896], [-162.76188616843532, 54.88974877184975], [-162.73257736908948, 54.895763155160694], [-162.7173170494889, 54.90200193568703], [-162.7086096283699, 54.90720835252494], [-162.7068142850322, 54.909183267370445], [-162.69384302463598, 54.90815089224267], [-162.67404959033766, 54.91340225439153], [-162.66327746335068, 54.91753156366989], [-162.65111408272, 54.92215453452354], [-162.645593546627, 54.92718145896667], [-162.64299031125455, 54.933330457441], [-162.64079098106112, 54.93005395682765], [-162.62781970298886, 54.9211670858012], [-162.6133224431499, 54.913447169516935], [-162.60219130611878, 54.90922816493359], [-162.59137444155277, 54.90693910504118], [-162.5800189728957, 54.90837536284521], [-162.57889697988958, 54.90851002150977], [-162.58226314868105, 54.90514372677201], [-162.5937981993982, 54.89827665306185], [-162.60641038300568, 54.89019759986014], [-162.614624010889, 54.87789959196925], [-162.61852895293816, 54.85850998695569], [-162.61893277190705, 54.84522459532697], [-162.59999206972503, 54.82682240470028], [-162.5693817654799, 54.81515273898011], [-162.56296335089544, 54.814255095849234], [-162.53845713479583, 54.81097861824278], [-162.52122188389308, 54.8114723447498], [-162.51260437441306, 54.81147233009679], [-162.50672461119532, 54.80586193448878], [-162.49433681531937, 54.79809709490019], [-162.48787356836425, 54.79455134467255], [-162.4830711167602, 54.79271111691982], [-162.48693105842938, 54.79091573993151], [-162.49738887485617, 54.78719042496362], [-162.5127389157899, 54.78535027618678], [-162.52387003257473, 54.78131077675249], [-162.53316083016747, 54.77659801063709], [-162.54698486477136, 54.764569301293236], [-162.55492930777143, 54.749353876885856], [-162.5496330232049, 54.72538620569677], [-162.53935478394004, 54.70720849204217], [-162.52624881658133, 54.69468602435047], [-162.50699398071833, 54.68270216016829], [-162.4772362684093, 54.6702695393646], [-162.46740689188132, 54.66780090132075], [-162.45986651589695, 54.66654416917052], [-162.46103342909194, 54.66560165720463], [-162.46893291127373, 54.65859984810862], [-162.4755756712581, 54.65083504026567], [-162.48365463751725, 54.64006301863253], [-162.49034224231798, 54.62237905864245], [-162.48791848855038, 54.61026050287009], [-162.47750559449813, 54.59522461572018], [-162.47351099715559, 54.59176863122327], [-162.46417523143762, 54.58750467782885], [-162.46785565468238, 54.584542452632924], [-162.478358462315, 54.575610620439264], [-162.48239786755977, 54.5628189122232], [-162.48374441652365, 54.55851011073912], [-162.47979461064912, 54.540915897523874], [-162.46511782815887, 54.52484762629303], [-162.44276588247305, 54.51219057084962], [-162.42849304063176, 54.50765735070108], [-162.41238000084414, 54.50590686416162], [-162.3919131213953, 54.504874618570796], [-162.36592579879073, 54.507612444622694], [-162.3650281104177, 54.50770220168953], [-162.33782885969703, 54.517800953485526], [-162.32180544930083, 54.53193924133838], [-162.3151179160296, 54.54571837021273], [-162.31525248239316, 54.556804557048224], [-162.31615019037343, 54.566364714061336], [-162.31731711964304, 54.572423970580154], [-162.32185031850378, 54.57583506211285], [-162.30928303482472, 54.57511695561661], [-162.27939074482268, 54.58234310236115], [-162.25273006159475, 54.603348529852305], [-162.2423171189703, 54.61667887786348], [-162.24038718216383, 54.63211874686183], [-162.2394446034216, 54.63871658754899], [-162.24047689021742, 54.64051187785795], [-162.2314104650218, 54.63683146470642], [-162.20591675987419, 54.634991222290424], [-162.19375336954067, 54.63638263205056], [-162.1872902881669, 54.639569317799115], [-162.16107838307474, 54.62650832547667], [-162.12171578644163, 54.620808138166716], [-162.1066349297986, 54.61856396657008], [-162.1048397132832, 54.61829465218753], [-162.07983960052115, 54.62125694566227], [-162.0628737266521, 54.62516177076014], [-162.05748770442023, 54.62731622379358], [-162.04801740891295, 54.63189431898768], [-162.03464219580698, 54.64477576114069], [-162.0285379958623, 54.65913846820163], [-162.03127597786033, 54.67372553183903], [-162.03325079157193, 54.68104151756698], [-162.03657220867117, 54.68584401206539], [-162.04442679045377, 54.69446157849296], [-162.0511143181782, 54.701687826395684], [-162.05659012138491, 54.70451548912535], [-162.0455936740514, 54.70568238278357], [-162.0271466678334, 54.71214564771445], [-162.0135919316428, 54.71596070115103], [-162.01184152360437, 54.71842926395968], [-161.98329573062864, 54.712100710144206], [-161.9668235824862, 54.714793750610255], [-161.9646691217028, 54.71694815682829], [-161.95703902411523, 54.708240731742485], [-161.93585406874058, 54.69522464406835], [-161.91718255836446, 54.69123000304612], [-161.88913052888776, 54.68696605101032], [-161.8746333346567, 54.68647235690369], [-161.86727244424205, 54.68745977043057], [-161.86193127659766, 54.68983863697634], [-161.8410156065705, 54.684497509137564], [-161.80937296465706, 54.69293554365652], [-161.7827123256635, 54.70675965590936], [-161.7650731101897, 54.724443618045356], [-161.76574639557703, 54.72772014760502], [-161.75367279946857, 54.727585440991746], [-161.7101808211348, 54.739165352699715], [-161.7027302343923, 54.742980468262274], [-161.69837650967673, 54.74742389662903], [-161.6918685447096, 54.74333948211326], [-161.6727931027164, 54.737818830171285], [-161.6398487087702, 54.73615819849361], [-161.60492961262557, 54.742441834893654], [-161.5902976786084, 54.749847557016714], [-161.5765633834052, 54.76070935597113], [-161.57072845189492, 54.773186907967236], [-161.56632993262735, 54.78476679718789], [-161.56475904590866, 54.7971994525644], [-161.57674285430318, 54.81421020648349], [-161.5976585271799, 54.82915630949086], [-161.6157015539103, 54.83894094239031], [-161.6300642317739, 54.840332270849736], [-161.63280209712522, 54.850341242382385], [-161.64106063817846, 54.86367157421333], [-161.6524161754984, 54.87502704670358], [-161.66758658753804, 54.88288163195725], [-161.69119527097132, 54.888671578829324], [-161.7006655976963, 54.88970385496422], [-161.71000131847788, 54.89158896910307], [-161.7140857532989, 54.89347413011889], [-161.71727248779442, 54.895763143127304], [-161.7101808608938, 54.89782778660339], [-161.68805345283144, 54.90756741577884], [-161.67508218776874, 54.91838436805696], [-161.66668899317284, 54.92812403092831], [-161.66691344406854, 54.94293545834354], [-161.67117726625048, 54.954650045303254], [-161.67229945065066, 54.959228101433794], [-161.65946280357483, 54.9564004396953], [-161.6444268456796, 54.956310692651854], [-161.62777521948493, 54.957477637791655], [-161.60299956183962, 54.96088876623082], [-161.6003963936518, 54.961517186119465], [-161.5913748818526, 54.96367157724364], [-161.5874250268025, 54.96537715467752], [-161.58459738292407, 54.967935492135915], [-161.57723659192536, 54.96183132585214], [-161.56754173302747, 54.95747767800582], [-161.5534484174608, 54.95447045538906], [-161.52589010903318, 54.9515979454743], [-161.5142204878227, 54.952764963878124], [-161.50470527518033, 54.954156274820306], [-161.50237132498472, 54.954246045565895], [-161.49694033707277, 54.95456023496302], [-161.49299060559812, 54.954560275755775], [-161.4831163465607, 54.95218148088498], [-161.47010012645532, 54.94971287368865], [-161.46116840877488, 54.95110424627016], [-161.45133902490412, 54.95496420309144], [-161.44285605829148, 54.96079904309399], [-161.44079143817714, 54.96376131065838], [-161.4332509488392, 54.96228020316599], [-161.42633894379134, 54.9623250821004], [-161.41700329136864, 54.96313298570744], [-161.40344848807464, 54.965825960474895], [-161.3941128143885, 54.96847406342977], [-161.38486687232867, 54.97394980532201], [-161.37454368267285, 54.98059257786699], [-161.3660606956879, 54.98656200504748], [-161.35950779675142, 54.991454304684105], [-161.35784712307878, 54.996032431606174], [-161.3568596242301, 54.99984748353506], [-161.3525957505631, 55.009991105230135], [-161.35313438780176, 55.01959614467954], [-161.36121339850473, 55.033824116910004], [-161.3737358270678, 55.04594261692251], [-161.38993860344286, 55.054560193135096], [-161.40569265705537, 55.05940764855365], [-161.40748805082254, 55.05994619988327], [-161.41758676604286, 55.062055732016965], [-161.41772142250085, 55.066813341067295], [-161.3987358040131, 55.07201980125599], [-161.38769444228106, 55.07848299780721], [-161.37539652344796, 55.089165208889135], [-161.37059398097432, 55.089255003945155], [-161.34572858824654, 55.08526041735112], [-161.31359220597247, 55.08660690265935], [-161.29106071294856, 55.09203779488138], [-161.27225459556672, 55.10007190484964], [-161.25466040300637, 55.113402204806356], [-161.248242040919, 55.12318676325392], [-161.2464916043674, 55.12695695045483], [-161.25120435465743, 55.14648123288926], [-161.24707512929885, 55.1533034666337], [-161.24527979187366, 55.15801624013604], [-161.2432151956829, 55.16349197446982], [-161.2444269355822, 55.173052113563756], [-161.25317923388334, 55.18669664202782], [-161.2522367565848, 55.18912029410156], [-161.24851136661147, 55.1932495403262], [-161.23432827957757, 55.19378819444663], [-161.20497459546664, 55.198321408336945], [-161.18136597572246, 55.204246005289946], [-161.16785608777624, 55.210933627514734], [-161.15910387342393, 55.21847400498752], [-161.1555132896648, 55.22246858536306], [-161.13168020804585, 55.21394082245991], [-161.10659041871213, 55.21228013001508], [-161.08037863183023, 55.2143447428782], [-161.05861020352478, 55.220134654090764], [-161.0396245436221, 55.22947041158459], [-161.0265186973752, 55.239120293963545], [-161.01606082911312, 55.25141830131062], [-161.012919023918, 55.262998239197834], [-161.015971032848, 55.27677741627136], [-161.01974122108828, 55.28467686606245], [-161.0310967043554, 55.29473068502788], [-161.04945402927316, 55.30500899801758], [-161.06897830261968, 55.31236980266208], [-161.0899836713217, 55.31663375079749], [-161.10421163710492, 55.31676842093327], [-161.12858327640146, 55.313402174591445], [-161.1539422258036, 55.30411133279916], [-161.17279328487945, 55.29535907709258], [-161.1819046339309, 55.28929980043904], [-161.18562992694345, 55.28575403123388], [-161.2196514603875, 55.29414723300962], [-161.22683278872202, 55.29499999248442], [-161.23872681240746, 55.29603231287018], [-161.23872688832103, 55.29607720142361], [-161.23953473240599, 55.298456045722794], [-161.22611461908585, 55.29948835644726], [-161.2197860608364, 55.30276483700402], [-161.19299079959865, 55.30815078382042], [-161.16511828070472, 55.32013465519059], [-161.15371785893248, 55.32377018845781], [-161.1482869707574, 55.32691204459414], [-161.13881667780288, 55.33745955927515], [-161.1125598789269, 55.3434290913247], [-161.08957969405202, 55.350879729223806], [-160.99590818943182, 55.38122078114289], [-160.93280228355695, 55.4056373297895], [-160.9132781156993, 55.41667861853565], [-160.91076466322983, 55.41892276298403], [-160.90789213442184, 55.42035902637598], [-160.90273050174335, 55.42013461386904], [-160.88055819728802, 55.41914722126049], [-160.86058508582562, 55.419820438040176], [-160.86027089117917, 55.419820459780304], [-160.85932844854923, 55.41986528995078], [-160.85901424999412, 55.41986530776581], [-160.85919376610474, 55.41973070136039], [-160.8597771611157, 55.41932669850933], [-160.8599567285645, 55.419192013187434], [-160.8600914594675, 55.419102260690856], [-160.8604505289173, 55.4188329677266], [-160.8605851303151, 55.41874319441634], [-160.87526200667966, 55.40810590158831], [-160.8876497421282, 55.396660611071056], [-160.89195857022403, 55.38849188776705], [-160.89267668145212, 55.38265703694012], [-160.89240740155796, 55.38068217717958], [-160.89963363333976, 55.378617580471676], [-160.91206623413035, 55.36780072926911], [-160.91650972673918, 55.364613955826535], [-160.921312256145, 55.36196585978815], [-160.93109680862116, 55.3565350138256], [-160.94433739179541, 55.34158884540405], [-160.95129424389725, 55.33113106501362], [-160.95340374736043, 55.325386022937636], [-160.94945400036448, 55.311202873289815], [-160.9386371874506, 55.29176839270323], [-160.94249706042473, 55.2811759484661], [-160.943933316269, 55.2638061142555], [-160.93863711914048, 55.25263020258848], [-160.9223444792948, 55.238043073012705], [-160.93307166233095, 55.224129271026925], [-160.94267668491136, 55.20231599612027], [-160.9414647987648, 55.188491970037965], [-160.93558512811853, 55.17821365168203], [-160.90506450479685, 55.15945246289261], [-160.90614168572506, 55.152585350821944], [-160.9057376859631, 55.15114906834763], [-160.901473742422, 55.13552967186579], [-160.9072188750125, 55.12390490291874], [-160.9077125476644, 55.113043131276086], [-160.89967848042554, 55.0953591259751], [-160.88598902123272, 55.08458710519972], [-160.8768777220089, 55.08009880837889], [-160.8677215068568, 55.07556561546533], [-160.83679698944695, 55.06815982095822], [-160.8102708888714, 55.06847405542164], [-160.78634817717688, 55.07080801678142], [-160.7450555419721, 55.08889592528289], [-160.72337693615682, 55.09980256515275], [-160.70968745429977, 55.112055682942035], [-160.6991848169488, 55.10752249601214], [-160.68877188680764, 55.106983879332695], [-160.67826924329796, 55.10738786844603], [-160.660181243917, 55.099488367443435], [-160.64896036561635, 55.09630166492557], [-160.61247028471115, 55.09549381486024], [-160.607667762912, 55.09836631114378], [-160.5986911649798, 55.09405750125775], [-160.60246131432274, 55.08319574105694], [-160.59842175715164, 55.064030604604916], [-160.59173422991788, 55.05276491371281], [-160.57324222992182, 55.0369659894716], [-160.55434644198942, 55.030861839063995], [-160.5194720936493, 55.025116798483], [-160.49182402091776, 55.0272711601945], [-160.47831408033244, 55.02947046276842], [-160.46085450978197, 55.03584388021213], [-160.44833210458515, 55.04607726550389], [-160.4309173647106, 55.06488336198067], [-160.42719210222623, 55.07614908459575], [-160.4317701476113, 55.09468589883474], [-160.44177917275928, 55.10424601884949], [-160.44694067986902, 55.10819574538181], [-160.43935541497248, 55.119640997185535], [-160.43087252790554, 55.122827726146866], [-160.41790118635708, 55.13229808701189], [-160.41152779304178, 55.146256769945296], [-160.39361940318625, 55.15469482622713], [-160.37692276615448, 55.165421902166294], [-160.36785631053806, 55.18440760005797], [-160.3676320133082, 55.186741490598955], [-160.36682409543528, 55.19648119993334], [-160.3535834368927, 55.193653556261296], [-160.32117778663329, 55.193473968436486], [-160.2927216937418, 55.19800718779623], [-160.2783590158336, 55.2050539123368], [-160.2425422126646, 55.241050261633404], [-160.23410416656833, 55.25684923349165], [-160.2358995500885, 55.26833931469672], [-160.23823337820872, 55.27251346096803], [-160.22135733006397, 55.28921002554787], [-160.21579174844, 55.30828543168634], [-160.2192927720572, 55.32246855128762], [-160.23895162936054, 55.34028722196646], [-160.22571100689171, 55.346705582612344], [-160.20358356265294, 55.33575403955206], [-160.20048651816217, 55.32314184421604], [-160.1907917748072, 55.31537699953544], [-160.18639322854258, 55.296840212288316], [-160.18199465530898, 55.288581653284695], [-160.16763197809544, 55.279829424667845], [-160.1672729136496, 55.27251350712924], [-160.15600725414527, 55.25379714229871], [-160.14231787904941, 55.244416570773915], [-160.1392657635218, 55.24230705242222], [-160.13010956323643, 55.23867150000906], [-160.1411956983378, 55.22529624660815], [-160.1495889055993, 55.210170604374326], [-160.1494093671987, 55.20101438466537], [-160.14967864360514, 55.196391417078665], [-160.16130345404468, 55.19482050216367], [-160.1902532113185, 55.18535012353994], [-160.20618673375637, 55.17219934594514], [-160.21332327164316, 55.162684041581265], [-160.2145799552827, 55.16012568952724], [-160.24563924730597, 55.1523609052944], [-160.2709533163515, 55.13885102514284], [-160.28531593658434, 55.12457815405356], [-160.2885026982108, 55.11160689368749], [-160.27782054436486, 55.08885107001392], [-160.26269488589762, 55.07287257990297], [-160.2640412634095, 55.06344710341788], [-160.26498391125216, 55.05070029520401], [-160.2634130172967, 55.04154406962801], [-160.26193180195543, 55.035215490369204], [-160.25650088958088, 55.02879720133479], [-160.24438241293996, 55.02255840534642], [-160.25771279511923, 55.01712753344982], [-160.2736463706015, 55.008913942127286], [-160.29285635904162, 55.0006553569953], [-160.29523520776272, 54.99764818473681], [-160.29855650332425, 54.99248664555892], [-160.30138427287716, 54.98633764145806], [-160.30178820385007, 54.981490242982716], [-160.2997235056505, 54.978123936515054], [-160.2976588901265, 54.976463330782835], [-160.30865532840056, 54.97071820813422], [-160.32683301213908, 54.95967690664812], [-160.33607907093568, 54.949892383884944], [-160.34339501758905, 54.93086191663706], [-160.34420281859136, 54.918474122010494], [-160.34317054445515, 54.90886907956865], [-160.3431705374301, 54.8943717752203], [-160.33720107366972, 54.87727122494901], [-160.32988513491583, 54.86389604036306], [-160.3233770323238, 54.859766738618575], [-160.32373614234083, 54.85559262417226], [-160.3157917595725, 54.843294551188286], [-160.30282044319821, 54.82973985758584], [-160.2773716245665, 54.81524253519336], [-160.25811677721515, 54.80689423432092], [-160.2419586784748, 54.80348312603787], [-160.22871813935413, 54.80424613075191], [-160.221761226756, 54.805682417111996], [-160.20771282187604, 54.807343111625386], [-160.1855404609311, 54.81528740296363], [-160.15542372193752, 54.82902168544248], [-160.13010958158233, 54.84311506405119], [-160.11305396315254, 54.85491938388713], [-160.10115989521128, 54.86946152884425], [-160.09940937057408, 54.8792011971995], [-160.09801802378615, 54.88539511010369], [-160.09397852754162, 54.89037713920172], [-160.086393202308, 54.88620300602965], [-160.06592647160267, 54.88108634035284], [-160.03450815333485, 54.87960516590889], [-160.01067508066245, 54.883599801495095], [-159.9867972454293, 54.89122992109011], [-159.97126756035857, 54.90052079280042], [-159.95879012666356, 54.91322272437022], [-159.95385283219443, 54.92000014300775], [-159.9529552620113, 54.92938073134967], [-159.94914017830945, 54.92619398218276], [-159.93697675977597, 54.9190576087437], [-159.90690502527394, 54.909452542329845], [-159.8750378781358, 54.904246118775404], [-159.8460881768422, 54.902450732825024], [-159.8160612048443, 54.90954229058745], [-159.80026230925756, 54.91892290006167], [-159.78890680123766, 54.92565539649333], [-159.7757559444802, 54.937818809092064], [-159.77032511954638, 54.94746864727264], [-159.76754239148286, 54.95662490089945], [-159.76956215129965, 54.96340222776928], [-159.7718959933422, 54.965870840389606], [-159.77400552528934, 54.96847407263177], [-159.7686196160194, 54.96865359009683], [-159.7608996783871, 54.9718403000755], [-159.75317979340025, 54.97758536605448], [-159.74294629490555, 54.98467695111807], [-159.73473272015886, 54.99024248526747], [-159.73221926078426, 54.99468595897604], [-159.72840415930017, 54.999982113078495], [-159.72750650542747, 55.004066517906004], [-159.72485834008674, 55.016229903150574], [-159.72449936222725, 55.01780079080576], [-159.72256935914413, 55.01614017121422], [-159.71875427809235, 55.01286367561897], [-159.70730898112257, 55.003079094527585], [-159.70349385268335, 54.99980261828819], [-159.70703970312914, 54.997513531897525], [-159.7050199766578, 54.99652610043691], [-159.6981079097005, 54.99315986750736], [-159.68688712144623, 54.990062975847046], [-159.68069315309668, 54.98835737930911], [-159.6765639435669, 54.98723526552115], [-159.66390679649302, 54.986427406830465], [-159.64810796510366, 54.987280168284904], [-159.63432876669964, 54.98696598715029], [-159.62620495334733, 54.986472243340344], [-159.6162856430216, 54.98790853148333], [-159.6041672018951, 54.989389719587386], [-159.59222820955424, 54.98736992693192], [-159.58033418699654, 54.987594336632746], [-159.5708638007207, 54.989344807197526], [-159.56480449642842, 54.99140943656053], [-159.56063046519068, 54.98777388838545], [-159.5533593414299, 54.98346513049682], [-159.54730003806557, 54.97969492868997], [-159.54326062549075, 54.976373570989686], [-159.54052277660693, 54.968070112322934], [-159.54079203955672, 54.96012582726852], [-159.54330540779185, 54.95231611580485], [-159.54554968428212, 54.94266619437676], [-159.54658195953155, 54.93359976403561], [-159.54146519246845, 54.923949867135114], [-159.52952631731708, 54.914434610712334], [-159.51852992397934, 54.90783677732363], [-159.5032695721932, 54.900745159938644], [-159.4800649139211, 54.8951347982226], [-159.45739882934637, 54.89253151389476], [-159.44626781450623, 54.894506445208535], [-159.43926599753948, 54.895987600624046], [-159.43284772994573, 54.8944615531989], [-159.4317705315599, 54.89419226893595], [-159.43127679643663, 54.89127484031612], [-159.42526238271532, 54.88391398575589], [-159.4169142068798, 54.872244295522556], [-159.4110344018204, 54.867352044057256], [-159.40425697796823, 54.86165186291926], [-159.39537013803286, 54.8581958525038], [-159.39016371628898, 54.85254056991521], [-159.38064839129999, 54.8403771596109], [-159.36229113891017, 54.828303592215214], [-159.33370057583568, 54.81860875549067], [-159.30075622832095, 54.81286370698188], [-159.2773720044745, 54.81120307047482], [-159.26058562075013, 54.81272906936328], [-159.24586391488674, 54.81551182307861], [-159.22660898344733, 54.820673431506435], [-159.20151917415672, 54.83368955393433], [-159.17243486540173, 54.85415633997995], [-159.15044198369975, 54.87094271873239], [-159.13271315307657, 54.88552971673021], [-159.11902369727846, 54.90245076172817], [-159.11179746086412, 54.915691326621406], [-159.11323382751544, 54.93032331037511], [-159.11803636129167, 54.940825984072994], [-159.12602554480878, 54.949712845652485], [-159.1335658686211, 54.95599654923616], [-159.14159997308388, 54.960529756332136], [-159.1484672186322, 54.96308804772725], [-159.15896980799843, 54.96780081777102], [-159.17943664274335, 54.97677747088753], [-159.20340434636498, 54.98238787205465], [-159.21359283386926, 54.98427301707491], [-159.22135760648627, 54.98844713815374], [-159.23334151165747, 54.99374336074688], [-159.23827868455797, 54.995538663809434], [-159.24505600115248, 54.99787261088182], [-159.2501278722976, 54.99809701847437], [-159.24945463607892, 54.99989237504292], [-159.2550650048074, 55.00622096559261], [-159.2515191898582, 55.00671467521851], [-159.24002910495443, 55.011876176707055], [-159.22782079582976, 55.017576426118794], [-159.2122911524326, 55.025834912481905], [-159.20452642070154, 55.040825926597556], [-159.2032247927203, 55.04333941395427], [-159.20407761490026, 55.05258534378121], [-159.20430197382052, 55.06600545982168], [-159.20919426173936, 55.077271186353784], [-159.21655515758016, 55.08745965802734], [-159.23343119950263, 55.098635607929076], [-159.2528208109565, 55.10617598660487], [-159.26893392533364, 55.1098115630688], [-159.2749483164575, 55.109138326004704], [-159.27961619899827, 55.11201081292243], [-159.28886214681927, 55.11421007865448], [-159.29124092191063, 55.114569175719105], [-159.3036286688793, 55.11649916415671], [-159.32198597141968, 55.11824962102263], [-159.3428117767425, 55.11569127697291], [-159.34846708181345, 55.11290852532893], [-159.35479568666142, 55.116723585002816], [-159.36565740541445, 55.120897734353974], [-159.3761152002121, 55.123231648324584], [-159.38634852750104, 55.12471282645331], [-159.40277584774225, 55.124219094677336], [-159.41089979693376, 55.12350096335935], [-159.40802721784388, 55.12852790504764], [-159.4058728364614, 55.13741478223681], [-159.4038531657397, 55.14944346865473], [-159.4046609134079, 55.15972179617983], [-159.40811702793525, 55.17439863952443], [-159.41848505593944, 55.18844711558171], [-159.4270577407282, 55.20114907786733], [-159.42602543535952, 55.212324969735775], [-159.42028044626446, 55.22305206582174], [-159.41848504244197, 55.23570918671185], [-159.42050478832476, 55.24446138616079], [-159.41978665927343, 55.24989225182733], [-159.4068602877143, 55.254919190067746], [-159.40659102678012, 55.255053840484614], [-159.3994993882664, 55.259811457109585], [-159.39801823949279, 55.268339321041886], [-159.39738992645647, 55.280412975074384], [-159.39806309785394, 55.29338420735887], [-159.3994096689035, 55.29657088565666], [-159.4017884160421, 55.302226186068914], [-159.40699492463415, 55.30891384911287], [-159.4152983876898, 55.31537699011136], [-159.42831443004266, 55.32103230488704], [-159.43711161316844, 55.32462297880806], [-159.44779392165174, 55.32911127217588], [-159.45138448625326, 55.32987433497584], [-159.4607650492592, 55.33189406722524], [-159.47135752772616, 55.334138197445114], [-159.48262330654737, 55.336292617075294], [-159.49976869880052, 55.33669661537509], [-159.5219859270251, 55.334183097164534], [-159.5443378097613, 55.328393166396864], [-159.56202182044638, 55.32035903312515], [-159.57301822291242, 55.312145389446165], [-159.5823090529976, 55.30150807554351], [-159.5904777834903, 55.29190306109122], [-159.59985837579853, 55.28045780987736], [-159.60291050533309, 55.2726929768615], [-159.60905947468822, 55.26780071616342], [-159.61857470416822, 55.26421008539232], [-159.62921205881418, 55.26075403675374], [-159.64344006294104, 55.254649885447925], [-159.6548853330496, 55.24728902663298], [-159.66022645460785, 55.242890520846196], [-159.66785660018, 55.24365354985614], [-159.67593563257185, 55.243429112842996], [-159.68702178399772, 55.24329449246771], [-159.7034490631545, 55.24001800769501], [-159.70425701632914, 55.239883302557004], [-159.71094456038364, 55.23741471363542], [-159.72221030224662, 55.23328549456863], [-159.7327129571137, 55.22780975581117], [-159.7359894496561, 55.2261041661484], [-159.7378746024007, 55.222289065116115], [-159.73962503798225, 55.2254757690218], [-159.7443377127901, 55.233375230118675], [-159.74842216496776, 55.242621178814986], [-159.75277571339623, 55.25352784389971], [-159.75587266250264, 55.26232497384227], [-159.75569312770827, 55.26703771157925], [-159.75641139913154, 55.269865343351725], [-159.75789249524067, 55.27570019540276], [-159.7622910845466, 55.284407565667706], [-159.76677936260342, 55.29306999921441], [-159.77396065913192, 55.3001167276645], [-159.78576497925184, 55.31097842456776], [-159.7924975306936, 55.31717235807132], [-159.80421204159884, 55.323994593109596], [-159.81646516806282, 55.329066408487776], [-159.82683320264357, 55.33485631958274], [-159.843305341451, 55.340062811697216], [-159.865432867566, 55.34280066762613], [-159.8812317266035, 55.34491022552909], [-159.883565761878, 55.34517950859004], [-159.89936461773178, 55.34414724617254], [-159.91525336521602, 55.341140010712884], [-159.9253969672916, 55.33885098014855], [-159.93046866105206, 55.337145430574395], [-159.9319947207914, 55.33701079594535], [-159.9325782986365, 55.336965865026976], [-159.93419405446684, 55.338491907513635], [-159.93711142190546, 55.34181322215025], [-159.93773988002678, 55.34248648673644], [-159.94496599217294, 55.349533196653574], [-159.9510700892034, 55.35586175808909], [-159.95448129038965, 55.36052962258244], [-159.96193186121138, 55.36865346696178], [-159.9736913164591, 55.37583484047371], [-159.98738075298567, 55.385619366009024], [-159.99635744177186, 55.39019744063014], [-160.0018779659659, 55.38840213097666], [-160.00798222338994, 55.390017892896495], [-160.0505315419709, 55.39576297416621], [-160.05528912505955, 55.39948830340773], [-160.05291032579817, 55.40711845980174], [-160.059283796263, 55.41622976347816], [-160.04115090608343, 55.448859921333636], [-160.03060329984774, 55.44975755648265], [-160.01826044711098, 55.45231588917001], [-160.00753337477298, 55.457342826417396], [-160.00205758887392, 55.45909327253284], [-159.99622274530455, 55.466992789562944], [-159.99514554492845, 55.4684739409621], [-159.98199477631226, 55.47650801035156], [-159.9720755219592, 55.48350981939196], [-159.96404137898816, 55.48912019896293], [-159.96323345469193, 55.48970370481121], [-159.95187798032586, 55.50222616343126], [-159.95115992643971, 55.50756724201286], [-159.8701904004198, 55.513402104706294], [-159.76273982664463, 55.52114446295677], [-159.65528928070088, 55.52888681975701], [-159.6523269875907, 55.52798918588642], [-159.6471653927993, 55.526148959403564], [-159.6333862382516, 55.523590602230854], [-159.6108547668027, 55.523635479203925], [-159.5847776342223, 55.524263869156215], [-159.58464303722027, 55.52426380802343], [-159.55820667744433, 55.52749542836802], [-159.5529105373796, 55.52816869684946], [-159.53814396094862, 55.53198374520853], [-159.52194107612888, 55.54289043128501], [-159.51143839397199, 55.54962291261583], [-159.50506482951394, 55.558105859423115], [-159.50398771710212, 55.56735183070079], [-159.50870048244067, 55.5785277407075], [-159.5108548399273, 55.586202801774284], [-159.51772204234695, 55.59580782233974], [-159.51888892036706, 55.59746849828912], [-159.5215370813789, 55.600879610273104], [-159.5126052903036, 55.601193763818806], [-159.48881708008864, 55.608913745383866], [-159.46911339454982, 55.619236870418554], [-159.44685125863938, 55.6385366564545], [-159.44290156395343, 55.638536733530685], [-159.4090147099544, 55.638581554531136], [-159.37530733042843, 55.63858161213232], [-159.37337734361273, 55.63858156102166], [-159.32032523441697, 55.638581563526756], [-159.24725531023253, 55.63867136696039], [-159.20416734383107, 55.63871619776], [-159.17158201089575, 55.638761103758036], [-159.14528040050254, 55.63876110522425], [-158.9999483993215, 55.638850909832186], [-158.97943672305243, 55.638895791367496], [-158.94824286592998, 55.63889577696916], [-158.8492751525032, 55.63898547727115], [-158.8047510038199, 55.63903039372943], [-158.7909717820331, 55.639030389584015], [-158.67728245396356, 55.639120204594704], [-158.50555897338364, 55.63925481918846], [-158.33486784888686, 55.63938944616125], [-158.23388041972655, 55.6394792818666], [-158.16507438863187, 55.63947924705048], [-158.1014747266708, 55.63943438972395], [-157.99999359328044, 55.639434380315606], [-157.95555904378108, 55.66896758833161], [-157.93195056271668, 55.684631819115346], [-157.9148499944155, 55.69603222216187], [-157.85704031957522, 55.73445232363314], [-157.83922159193924, 55.746256605809265], [-157.81543346900904, 55.76205549160498], [-157.75295596738277, 55.8035725208856], [-157.73697751727474, 55.814209865880514], [-157.7221211490706, 55.82408416933352], [-157.700263002231, 55.838581550428735], [-157.6797513451025, 55.85222600096551], [-157.64770469936812, 55.873500684641186], [-157.62674410254476, 55.88745944380253], [-157.60659157030292, 55.900834597837104], [-157.59869213570428, 55.90608599109286], [-157.55430246240158, 55.93557430700196], [-157.53024515620336, 55.95159760407323], [-157.5143564696564, 55.96210029727102], [-157.47948207747945, 55.98530500359585], [-157.45407807438383, 56.002181095507964], [-157.4085215676305, 56.03243240098345], [-157.35645692552737, 56.06703747701071], [-157.32674428237374, 56.08678614405942], [-157.28213020203933, 56.1164539579706], [-157.26354854543953, 56.1287519838429], [-157.22822542586422, 56.152270794678266], [-157.15057727666792, 56.20384173939013], [-157.0995898899122, 56.23772858382028], [-157.0927227490972, 56.24226179178028], [-157.0796168541223, 56.25096914739333], [-157.06866531698984, 56.2582851443202], [-157.04869222268343, 56.271525728158274], [-157.01139417576417, 56.29634619810268], [-156.9497694485434, 56.33727976419842], [-156.9287192470027, 56.351238407289706], [-156.91408729552882, 56.36097809091519], [-156.86377312182566, 56.394416179226255], [-156.8516097852412, 56.40249518451018], [-156.83029019363096, 56.41663337288865], [-156.8019239574318, 56.43548433667765], [-156.77355775346928, 56.454335393444964], [-156.7625613503808, 56.46169618562275], [-156.7535398094105, 56.46766572081307], [-156.74402458452167, 56.473994238733596], [-156.73482343983366, 56.480098375609614], [-156.7227498432226, 56.48813248197505], [-156.71799226231255, 56.49127430785185], [-156.71305500121903, 56.494550755321605], [-156.69734583896295, 56.504963684257994], [-156.6705056890813, 56.52282721961656], [-156.64891677473233, 56.53714505194482], [-156.64429381700512, 56.54024192985126], [-156.6382345564988, 56.54428145492162], [-156.6323998651619, 56.548141404702065], [-156.61947338578688, 56.55675898133454], [-156.59483239777728, 56.57314142866398], [-156.53623731284543, 56.612055249699914], [-156.47764223901487, 56.650969057809526], [-156.4644914211604, 56.659721269287694], [-156.4582525669074, 56.66385053823114], [-156.43594556791115, 56.67866204686229], [-156.4215829741819, 56.6882221361789], [-156.41004796534855, 56.69589716757936], [-156.40111615783897, 56.70182183564741], [-156.3855864929826, 56.712144969622486], [-156.36431180043508, 56.72628320941638], [-156.3286296730417, 56.7499815380552], [-156.32849499041416, 56.80972125977347], [-156.32840521185122, 56.83822211462073], [-156.32836039694615, 56.86739623807552], [-156.32831549530385, 56.893024625067014], [-156.32818078150027, 56.945134121249616], [-156.3280910108006, 56.98732441609863], [-156.32809115328143, 57.00240517312264], [-156.3280461914361, 57.01941591679572], [-156.3280013717675, 57.03674091509977], [-156.32800125931118, 57.045897110316126], [-156.3280013015687, 57.05330285195236], [-156.31166383289502, 57.06793478705417], [-156.31238192436084, 57.08705510897471], [-156.3164663044166, 57.10550213218053], [-156.27894377721316, 57.12516101063031], [-156.26274105692173, 57.133599034710684], [-156.22782187836683, 57.16245899843721], [-156.2144915298451, 57.19517892867066], [-156.2253981537639, 57.21730640359395], [-156.2417805318663, 57.23216270586613], [-156.24703185040906, 57.243787523841114], [-156.23347709302217, 57.260304549536], [-156.21561348073254, 57.2819832196151], [-156.20098158429545, 57.30168691834201], [-156.1967175920959, 57.31021481121592], [-156.184150369513, 57.317216570045034], [-156.1710444720643, 57.334092666611085], [-156.16956332397618, 57.34293472923005], [-156.16718454614545, 57.34585212894613], [-156.14182540728038, 57.35361691271187], [-156.11453640470464, 57.36851815433453], [-156.0983334842448, 57.3798287621383], [-156.0540785991972, 57.38575331770061], [-156.04312707526088, 57.38718958980988], [-156.00295654817924, 57.39235116596532], [-156.00205882402656, 57.39244099394178], [-155.97889911433566, 57.39589698863447], [-155.93976083739395, 57.41286288671714], [-155.92643056744933, 57.42632784395592], [-155.91978779887458, 57.433015494056136], [-155.88047004454043, 57.4656904604921], [-155.850802115243, 57.48840143069064], [-155.8444736741141, 57.497512744934205], [-155.81682559032166, 57.4976922794344], [-155.7961343797435, 57.49553788570767], [-155.7644018968239, 57.49908367446498], [-155.7266550232154, 57.49769226280285], [-155.7192492709365, 57.49742295322254], [-155.70596383770308, 57.49998137152349], [-155.6808739994608, 57.50487359838178], [-155.6679476751531, 57.50832963173879], [-155.66112543128864, 57.51299753313089], [-155.64550594403016, 57.52237808853831], [-155.6428578736072, 57.539972331905524], [-155.63706792549135, 57.56079815185419], [-155.6325796652218, 57.58683047703005], [-155.63949166903387, 57.60227038651411], [-155.60102666945062, 57.61084305856946], [-155.58908774292848, 57.60828469728349], [-155.45986874984774, 57.63763842429316], [-155.43195138052062, 57.63247679604931], [-155.37957257860302, 57.62596871785221], [-155.3609010318194, 57.62502620773001], [-155.3333427484436, 57.631534206805114], [-155.32737327273927, 57.63297047943061], [-155.30039837550106, 57.64288971090196], [-155.28096396532783, 57.656848461944186], [-155.27620633027374, 57.669954324277825], [-155.277014262369, 57.67610333769006], [-155.245775505691, 57.681579088559275], [-155.2253087381618, 57.69890407187182], [-155.2099585130641, 57.71627392997374], [-155.17921350182857, 57.73225230519937], [-155.17512918869838, 57.73476578444423], [-155.15008433153542, 57.749981223137524], [-155.15003943527665, 57.75002610834978], [-155.15071268704764, 57.771974030815635], [-155.15735544950635, 57.78467602660019], [-155.16085631061745, 57.790600657064886], [-155.1290340319825, 57.787952534157654], [-155.09941108879215, 57.79122897532203], [-155.07885451645532, 57.795358215277], [-155.06085629121122, 57.80289865505907], [-155.04353143596308, 57.81236901727888], [-155.0343751559589, 57.82448746809495], [-155.03338772382386, 57.82534027315853], [-155.02409686683046, 57.83323978795714], [-155.02203221991783, 57.83669573888115], [-155.01211311412627, 57.846121247854285], [-155.0021488771137, 57.85550186231518], [-154.99402509558203, 57.86317687483457], [-154.98069472627694, 57.89481960155985], [-154.969698343218, 57.927853754881376], [-154.95394423413174, 57.949801639263754], [-154.94950090353348, 57.95855389639691], [-154.94222969614927, 57.97291656785605], [-154.94074859130552, 57.97507096469772], [-154.8938007464585, 57.983553895250644], [-154.86529983392398, 57.96762028509869], [-154.84038960513115, 57.96223429633332], [-154.80093718015593, 57.959137419004065], [-154.77629623135397, 57.9627280230655], [-154.74775049274575, 57.96919125987801], [-154.7089713203215, 57.98229711011142], [-154.67319926354466, 57.98543897053764], [-154.66884562090476, 57.98543901508303], [-154.64384558421636, 57.98539409434273], [-154.60125141305588, 57.9886705377045], [-154.58913298371667, 57.9897926332035], [-154.57180803755924, 57.98925407061945], [-154.53958173496278, 57.98817683142918], [-154.53491399096097, 57.98853590053989], [-154.39074887849824, 57.99930789088037], [-154.3899858628197, 57.99966696984606], [-154.38922278172592, 57.99998117272376], [-154.3719426966583, 58.007835772784034], [-154.35385476345505, 58.01667773556756], [-154.3351383744698, 58.02673160469482], [-154.3333431538141, 58.026731605393394], [-154.31565906234778, 58.02718042978198], [-154.28819047004, 58.030815979321645], [-154.26552441934874, 58.03822170810165], [-154.25695172749033, 58.044999155299706], [-154.2379660802586, 58.05455920363461], [-154.2204615110561, 58.06618404522352], [-154.21179915811192, 58.08027733974012], [-154.2001743624598, 58.08207271860669], [-154.18015635947887, 58.084855457953694], [-154.15520133939583, 58.091004501225115], [-154.13365736041186, 58.10016070044362], [-154.11956394927284, 58.1132216912617], [-154.11040775863998, 58.13139943313904], [-154.1089267221671, 58.146031364560955], [-154.09586558618585, 58.14939761401541], [-154.08922278551395, 58.15173157345894], [-154.08280445664434, 58.154020629961195], [-154.0701026299085, 58.16236889339236], [-154.05897153409438, 58.175205529849855], [-154.0529122718613, 58.18920909779862], [-154.0524635448751, 58.20119294127639], [-154.0461797743274, 58.21524138754966], [-154.03904335284275, 58.23036705815862], [-154.02638630813044, 58.24692904335284], [-154.0235136940208, 58.249981088869944], [-154.01413311590596, 58.260169626058385], [-154.00210438058568, 58.27242277053616], [-153.97005772197807, 58.31272789734813], [-153.9518800419977, 58.314657938410754], [-153.92598234863584, 58.319774630815814], [-153.90933065736235, 58.32911036280553], [-153.8928135499107, 58.34401158691443], [-153.8725263224591, 58.36093260930772], [-153.85856767410743, 58.374262911233664], [-153.85686213841956, 58.38436162821354], [-153.85740066596338, 58.38750352128628], [-153.85852281479592, 58.39760224877312], [-153.86417800878934, 58.40877817828788], [-153.8726160425191, 58.41515160898172], [-153.8735137496401, 58.4173059800049], [-153.87670045224212, 58.43077097765701], [-153.88388173295007, 58.43853580904016], [-153.88410627825567, 58.4488140315953], [-153.88177231408065, 58.45648906677151], [-153.86803809222613, 58.46025927378385], [-153.84442936478945, 58.47224309619705], [-153.82109014553413, 58.48781762979366], [-153.81655684139008, 58.49885892908516], [-153.81206863755676, 58.51075298287573], [-153.81067722413164, 58.515375942798244], [-153.79950124147993, 58.50922700773863], [-153.7784060942316, 58.504065358585905], [-153.74119790278513, 58.49939752829542], [-153.71772388384935, 58.49701870518045], [-153.69236480812032, 58.49351781475346], [-153.66875622865265, 58.4972430936015], [-153.65407944342275, 58.499577060327276], [-153.65291246731985, 58.49998103254772], [-153.62800213775313, 58.50828437937209], [-153.6098244180046, 58.51972964517942], [-153.59739169124288, 58.53301512851827], [-153.59317278145, 58.539792509725224], [-153.59267901815707, 58.5422610799333], [-153.55713150374066, 58.543742182745355], [-153.5151655821559, 58.54841009659102], [-153.49178134479325, 58.555501641031576], [-153.46871148288778, 58.566498037737475], [-153.46148523679418, 58.57260217176238], [-153.45183528837214, 58.58498994438835], [-153.44703275910496, 58.598410054779194], [-153.45179040792323, 58.61115694190086], [-153.45789447273117, 58.623454908560674], [-153.4709106277317, 58.63467575951048], [-153.47876527566228, 58.641677532218274], [-153.4624277646317, 58.64594147445398], [-153.4022392462237, 58.66384985691501], [-153.3937114353724, 58.66649804353974], [-153.3715838826571, 58.67327537496409], [-153.3574456812521, 58.68180323240357], [-153.33648521010002, 58.69755723581585], [-153.33540800669405, 58.69845487840882], [-153.31803814695883, 58.71295217927077], [-153.30722137375153, 58.70918200248374], [-153.27804713850534, 58.706892941345636], [-153.24478871724597, 58.70747645955778], [-153.21404360540032, 58.71636331150325], [-153.1869790882919, 58.729334597255956], [-153.17607233064916, 58.74149800859105], [-153.17032728033965, 58.7499809110291], [-153.16682634648782, 58.75518738404844], [-153.16592867874783, 58.76497197238722], [-153.17019265229612, 58.775160424719786], [-153.17665581227664, 58.78467571053801], [-153.18913330343184, 58.79414609134585], [-153.19730215767186, 58.79912817288688], [-153.20250866212535, 58.80132743505478], [-153.18635063901456, 58.80761103070926], [-153.17122498607472, 58.819684691218185], [-153.1670508911475, 58.82300602475387], [-153.1584332762873, 58.83552848126276], [-153.15816387496977, 58.836067042389175], [-153.1523290316563, 58.84760205356581], [-153.15165581193622, 58.85756612932534], [-153.15282277423714, 58.86901140671895], [-153.15506694755908, 58.87462180515941], [-153.15776001646034, 58.88144409067413], [-153.1651209266933, 58.892709768076514], [-153.16669178433776, 58.89410118237395], [-153.17355893857223, 58.900205279045494], [-153.18074019708277, 58.903436923374805], [-153.1841063872332, 58.90572594378344], [-153.1799322995277, 58.9081945127091], [-153.1674996005936, 58.9155554129595], [-153.16337036795954, 58.91802394279308], [-153.1346002585793, 58.935079614443325], [-153.09433986544983, 58.959002381974024], [-153.0483794358983, 58.98629141868043], [-153.02530930916132, 58.9999808690863], [-153.02118019085847, 59.002449431537364], [-153.01938477782045, 59.00258404223373], [-153.00969001733165, 59.003212441153046], [-152.9806056099766, 59.005052653978616], [-152.970910920385, 59.00568099821392], [-152.80740098105116, 59.016228615022854], [-152.7477959488978, 59.020088550566584], [-152.6438912174977, 59.02677618717948], [-152.45791737253373, 59.03875999795363], [-152.2719434196201, 59.05074382458564], [-152.0784964800576, 59.063221399765396], [-151.899950593698, 59.07475641436412], [-151.8776885405029, 59.07619264351491], [-151.85538150988765, 59.077628964943855], [-151.8240081831959, 59.07919982827808], [-151.79263471027807, 59.08077071768241], [-151.77311040418732, 59.08175821394411], [-151.6793492823382, 59.08647095681699], [-151.5499507461646, 59.09360738097517], [-151.5263422786945, 59.09450502834269], [-151.4911536901411, 59.09585154974635], [-151.44416087779993, 59.09966667382378], [-151.374726403156, 59.11066303695719], [-151.31615382762845, 59.125339875555134], [-151.28294019996332, 59.13135421455388], [-151.26952005324165, 59.13445117518998], [-151.25529204011883, 59.137772530735006], [-151.13356854140005, 59.15774560530409], [-151.0118449832597, 59.177718659980904], [-150.9921861824048, 59.180815615151765], [-150.8966296834127, 59.206309349662426], [-150.80107315491563, 59.23180302165778], [-150.78352377403675, 59.23463065587567], [-150.76960993373604, 59.23889457581862], [-150.75206058991427, 59.242260816744], [-150.7466297962384, 59.24333801342811], [-150.7320874166815, 59.24612082019947], [-150.71211451725068, 59.24998073990204], [-150.71094754209298, 59.25020515155202], [-150.59124372610086, 59.27906511476363], [-150.5727966704939, 59.28229671658444], [-150.550714160231, 59.28727879604389], [-150.53195291922776, 59.292844260948634], [-150.5115759320475, 59.29706330412007], [-150.4872043677446, 59.30285326881511], [-150.45645927716564, 59.308688135150156], [-150.4189368786773, 59.318607309450734], [-150.3451935527234, 59.33815398787077], [-150.27145034624232, 59.35770062926321], [-150.13677802030804, 59.39259742641973], [-150.0021057821653, 59.42749416892059], [-149.95987050185116, 59.438580344701506], [-149.88338945087267, 59.45866564251534], [-149.80690825827807, 59.47875088788363], [-149.76646844372473, 59.48938825259814], [-149.73603755282707, 59.49737745713542], [-149.72607349956215, 59.49998069962379], [-149.6213158921938, 59.527494132379395], [-149.62127089615407, 59.52753904026371], [-149.56857799672738, 59.59818535785038], [-149.56552596932517, 59.60226967786684], [-149.56081320085693, 59.60864314671237], [-149.55847938500148, 59.6117849388666], [-149.51700719995193, 59.66735045055404], [-149.49048108220728, 59.70294287040154], [-149.46750074518158, 59.73377774718135], [-149.3850952006879, 59.78027679542766], [-149.34645064146244, 59.802045192391105], [-149.27997847739317, 59.83956761631814], [-149.26961035447653, 59.84540246662575], [-149.16254136340015, 59.86328851020025], [-149.05547219942656, 59.881174432340636], [-148.99802166398138, 59.89073461927541], [-148.98020295177278, 59.89374178387737], [-148.94873982087296, 59.8927094768587], [-148.93599284998345, 59.89230551476842], [-148.7707326601714, 59.8883109113376], [-148.60547238275316, 59.88431624205757], [-148.4372050158179, 59.89279923160163], [-148.32784688230024, 59.884226536564086], [-148.21848872839817, 59.875653785189556], [-148.15962422186206, 59.84567176655389], [-148.10075989361437, 59.815689734612405], [-148.09905430956286, 59.81438810487882], [-148.09891954480753, 59.81429837942103], [-148.09851567610153, 59.81398413890413], [-148.09838091421756, 59.8138944131271], [-148.03967364541222, 59.769055945468736], [-147.97602909826352, 59.749980608273944], [-147.95646005247946, 59.744145764510634], [-147.91790532469366, 59.7420362946942], [-147.81938642277242, 59.73665026521709], [-147.68725012769667, 59.74167715827234], [-147.64452117303108, 59.74998057119109], [-147.52086768465955, 59.7740828894459], [-147.4033631660703, 59.81142583875463], [-147.3348264598082, 59.83386747785392], [-147.33312094811458, 59.83530374633973], [-147.28096661244297, 59.87870588828243], [-147.28092170921133, 59.923589139558636], [-147.27113706523178, 59.9634455296812], [-147.24173855377546, 59.99831986609151], [-147.24034721908313, 59.999397026187786], [-147.16157696115653, 60.05298766348608], [-147.1019270575942, 60.081353941930466], [-147.0025554874727, 60.09755675244948], [-147.00206173679496, 60.09755680653707], [-146.9428606574202, 60.10357113441505], [-146.94075116825877, 60.10370581750338], [-146.94043710339957, 60.10370578758162], [-146.939584174665, 60.10379555416665], [-146.9392701377991, 60.103840428403345], [-146.93042796268222, 60.105994868438906], [-146.92158605200441, 60.10819416884936], [-146.89613716162003, 60.114432902488225], [-146.76664883756698, 60.14621028705768], [-146.73428806893514, 60.15415461904369], [-146.72338152082912, 60.15653342034534], [-146.5945439771984, 60.18451811543359], [-146.46570649930257, 60.21250289591929], [-146.3986957376258, 60.22830180729226], [-146.28900098544048, 60.25417704089652], [-146.1793062568537, 60.28005224690274], [-146.07793731709992, 60.29735470529035], [-145.97656838032316, 60.31465728075829], [-145.82432427330136, 60.31510604485638], [-145.73698140614974, 60.289545100488596], [-145.64963851753197, 60.263984044721276], [-145.62167622980346, 60.255815225008334], [-145.5985165474276, 60.249980444873984], [-145.54927945670366, 60.23768239806751], [-145.4999975975763, 60.225339485604735], [-145.42463862146204, 60.20648855835065], [-145.31768174326433, 60.179693232576504], [-145.22133977957748, 60.1649714554737], [-145.12499772780794, 60.15024979590648], [-145.11148795003598, 60.148185164791904], [-145.0979780938698, 60.14612052063805], [-144.9370041097586, 60.137861986371064], [-144.77603020490466, 60.129603459218174], [-144.7228435721835, 60.113445454143154], [-144.69779863929855, 60.10581533785899], [-144.6072690235076, 60.078346740620276], [-144.5396748534002, 60.01016901198255], [-144.5907071412068, 59.96728303535499], [-144.64173945707557, 59.924397079455915], [-144.70975993729942, 59.877157408961935], [-144.7777805951623, 59.82991774254686], [-144.77791528408264, 59.80693747967264], [-144.77809477415903, 59.778571229093416], [-144.6767484468816, 59.727404312464984], [-144.61261019522112, 59.72354433624186], [-144.54218820428233, 59.71932533460507], [-144.4105006947297, 59.74625527180337], [-144.33339121118553, 59.79638989797095], [-144.2562816621496, 59.846524548184824], [-144.2001776604557, 59.88299222889185], [-144.14407349886562, 59.91945991621338], [-144.0335708770601, 59.91968433270416], [-143.9466768362796, 59.93081537367388], [-143.9016138895942, 59.9404204136161], [-143.89833744277573, 59.94167714909306], [-143.89519568961327, 59.94266458728838], [-143.8771076329867, 59.94226058552951], [-143.87351705724643, 59.942215738532234], [-143.87163190722964, 59.94221576804093], [-143.86974683593598, 59.942260589188436], [-143.86786177913265, 59.94230548767439], [-143.8659766787224, 59.94239524448485], [-143.86225130784604, 59.94257475029935], [-143.85664093794918, 59.94306853053228], [-143.85116521358617, 59.94369689675729], [-143.84752967783527, 59.94423548606866], [-143.84196412531767, 59.94522291829954], [-143.83617412803534, 59.94647967289757], [-143.80305034659995, 59.95442398927522], [-143.79995342921958, 59.95518699024091], [-143.77010590271541, 59.963086464739064], [-143.75892995046107, 59.966048758286064], [-143.7497737806968, 59.96788900466638], [-143.7445674043319, 59.96892129554053], [-143.73675765204766, 59.97049216566312], [-143.7275566129733, 59.972332441244276], [-143.7200162273429, 59.97385844181558], [-143.71063563462232, 59.97569864898381], [-143.7034991895505, 59.97709006122291], [-143.69582410357702, 59.978571197307716], [-143.6872514366824, 59.98023186306258], [-143.67872349497895, 59.98189257411461], [-143.67647937498324, 59.9822965064338], [-143.66651531341498, 59.98422652297946], [-143.66445068914254, 59.98463040662438], [-143.66220657421442, 59.98507928123254], [-143.65897486947782, 59.9856627465647], [-143.65322983949895, 59.986784851257816], [-143.6426821516682, 59.988804589414976], [-143.63173069519058, 59.98988175229327], [-143.6246840626768, 59.99055498882749], [-143.6192531119359, 59.991093642217834], [-143.61386714854214, 59.99163219466614], [-143.60915443676603, 59.992081036519224], [-143.6064165985525, 59.99235039609476], [-143.59658713282795, 59.99347240770613], [-143.58437878528903, 59.99486383822851], [-143.57338251773993, 59.996120545138574], [-143.56584204429043, 59.99692841917946], [-143.55511495180875, 59.99818519926024], [-143.5394507181014, 59.99993561891954], [-143.50803239726105, 60.00222470449703], [-143.49088695208698, 60.00348138158558], [-143.43280798150468, 60.0059948445117], [-143.36507920545358, 60.008687872068315], [-143.30062668397468, 60.011380905028886], [-143.2436697817229, 60.014028960297004], [-143.24016900540997, 60.014208506630524], [-143.20183859105222, 60.01676681440328], [-143.17697333053684, 60.01802362154079], [-143.15453170683497, 60.019145685388565], [-143.1283646396371, 60.01914570806859], [-143.12454960925666, 60.019190564143095], [-143.12077930098536, 60.01928032121007], [-143.11705412765042, 60.0195047783341], [-143.11332875403738, 60.0197739970304], [-143.10888525417033, 60.02022287993693], [-143.10453155749155, 60.020806346886346], [-143.0524669869752, 60.02821212157448], [-143.01575246721862, 60.031802775162134], [-142.95673103334727, 60.03705413214168], [-142.95340961342137, 60.03736829367683], [-142.8925927690395, 60.04396615319358], [-142.826030808542, 60.05110258693106], [-142.75735943611716, 60.052224674950885], [-142.68922647095175, 60.049845865646404], [-142.63518707385046, 60.04607562911997], [-142.6306538070993, 60.04580636152305], [-142.57800574773864, 60.04351729094532], [-142.53963052602666, 60.038041586885285], [-142.5370721301794, 60.03768249195539], [-142.53455870396138, 60.03741316215935], [-142.49551029441258, 60.033059537156845], [-142.4911117689604, 60.030815330247904], [-142.4868926922777, 60.02893024920553], [-142.48397539188446, 60.02771838516866], [-142.47935234609716, 60.02610261700949], [-142.47122835905654, 60.023678889984474], [-142.46436138306362, 60.02210798258753], [-142.4572698146152, 60.020806346669644], [-142.45363420690117, 60.0202677453033], [-142.44811357532896, 60.01963936148457], [-142.44443315092738, 60.01928033419659], [-142.44066281053222, 60.01905592723287], [-142.4387778634217, 60.018966146871044], [-142.43500763508285, 60.018831487663114], [-142.43123748208777, 60.01878664334617], [-142.42558222012542, 60.01887637207041], [-142.4199268112131, 60.01914564871417], [-142.41436125712636, 60.019639426792864], [-142.4084815535775, 60.02031266394863], [-142.37163247892508, 60.01833779139337], [-142.3505373850186, 60.01672197792883], [-142.32975633760338, 60.014836857302164], [-142.3096037382204, 60.01281711860191], [-142.29726085808682, 60.01182967693882], [-142.26081554620424, 60.007206689444644], [-142.23303273647065, 60.00316725658072], [-142.2117132148984, 60.000294734717066], [-142.19402921619817, 59.997601676305365], [-142.17118365051292, 59.992978717217945], [-142.16736845043943, 59.99230547744828], [-142.14537569464355, 59.988445542126506], [-142.13810464195979, 59.98750295822602], [-142.0905732034964, 59.98216187793398], [-142.08406518944446, 59.9815783355759], [-142.0761208359655, 59.98117439765365], [-142.0602320729165, 59.98077045849293], [-142.04928063531193, 59.979693274704424], [-142.02113880179596, 59.977134927139666], [-142.00183899837813, 59.97462143917314], [-141.9865786737236, 59.971928414402036], [-141.98550145071798, 59.971748932922424], [-141.93963070349366, 59.9640290273642], [-141.91391254073505, 59.958283953623344], [-141.88931661975332, 59.95267352183484], [-141.85749434692815, 59.94365195153884], [-141.82122872446158, 59.93341859392583], [-141.79560033520414, 59.92691049278474], [-141.77333826516767, 59.921748943400665], [-141.77010655039777, 59.921075731806326], [-141.7668749927763, 59.92044729110643], [-141.7650796912883, 59.920133161215325], [-141.76328427754123, 59.9198189540054], [-141.76148895536642, 59.919549694527014], [-141.7596486707197, 59.9192803625509], [-141.7578534306191, 59.91905590756834], [-141.75601324562493, 59.91883149013345], [-141.75502579214833, 59.9187417711294], [-141.62612094476492, 59.88346351105726], [-141.57113898522778, 59.868427643797105], [-141.480474738581, 59.84360714747752], [-141.4793078348985, 59.84329293840243], [-141.4061030788703, 59.82381357815787], [-141.40305111475422, 59.82305060416396], [-141.39990927915457, 59.82233246959965], [-141.34277274347204, 59.80989975866496], [-141.2885537614261, 59.79652457523849], [-141.22472971486826, 59.78086030905647], [-141.168131936574, 59.76676693670098], [-141.1493257706971, 59.76209910080102], [-141.13500803499437, 59.75855328727519], [-141.05219841451793, 59.73786208485629], [-141.00170469020117, 59.72448691831148], [-141, 59.724025706041246], [-141, 60.30601744466405]]]]}}]}