{"type": "FeatureCollection", "features": [{"type": "Feature", "properties": {}, "geometry": {"type": "MultiPolygon", "coordinates": [[[[-145.6191824079196, 63.99809517091573], [-145.6193009680947, 63.98407340001032], [-145.584870663386, 63.98374942728554], [-145.5848394707477, 63.96901783774568], [-145.5185636429397, 63.96922018639574], [-145.5181149751808, 63.95466601283509], [-145.4846079993088, 63.95470578459357], [-145.4838585596123, 63.94830166686128], [-145.4181783285518, 63.93078863766344], [-145.4189185019451, 63.93032816210065], [-145.4199269878028, 63.92997509917045], [-145.4204724264251, 63.92955933318026], [-145.4214847409106, 63.92914923986002], [-145.4230169997087, 63.92831154235355], [-145.424387110734, 63.92757464484459], [-145.4255360987472, 63.92705210765081], [-145.4264400566034, 63.9267091156546], [-145.4272171473908, 63.92631893019745], [-145.4282176503785, 63.92568026998692], [-145.4287535372462, 63.92500163757397], [-145.4295207218682, 63.9243600709658], [-145.4305642007497, 63.92385892651433], [-145.4318021799514, 63.9235657721155], [-145.4325646933863, 63.92340379441582], [-145.4334525970804, 63.92331184820372], [-145.4343916101407, 63.92323199351755], [-145.4355416530206, 63.92309757069634], [-145.4367795471277, 63.92280437352387], [-145.4376846659616, 63.92243853081608], [-145.438099347792, 63.92203246840408], [-145.4383815966332, 63.9216704942994], [-145.4383699075201, 63.92103078048235], [-145.4387580479369, 63.92063582785292], [-145.4396068468935, 63.9203378258667], [-145.4408285793206, 63.91988448763371], [-145.4418905641288, 63.9194976597668], [-145.4424621474375, 63.91907069840489], [-145.4427730502843, 63.91866336057546], [-145.4431926994513, 63.91817740782424], [-145.4435828016446, 63.91774812432612], [-145.4442376664897, 63.91723079706197], [-145.4450675856993, 63.91681836531238], [-145.446187190851, 63.91634087169867], [-145.4472208672482, 63.91598796882938], [-145.4479489502385, 63.91554001628014], [-145.4484210029043, 63.91504321319977], [-145.4488273138981, 63.91435150515359], [-145.4488299983933, 63.91389474944418], [-145.448531592769, 63.91327439453573], [-145.4482585992812, 63.91266585571317], [-145.4481935221221, 63.91204836691315], [-145.4484875964896, 63.9114923015709], [-145.4490522372493, 63.91075684575], [-145.4502078414297, 63.9101085247873], [-145.4515879623566, 63.90959988072037], [-145.4531310710325, 63.90939018325179], [-145.4543624871913, 63.9091880999389], [-145.4561479964242, 63.90883271579473], [-145.4575665866569, 63.90811904994866], [-145.4587463300919, 63.90749378878175], [-145.4595771680368, 63.90705841863612], [-145.4608015149382, 63.9069704023514], [-145.4619562695489, 63.90674442531029], [-145.462966194406, 63.90634549826361], [-145.4640699759333, 63.90610741912992], [-145.4652268657636, 63.90584732013065], [-145.4662255731894, 63.9056309798387], [-145.4674062557042, 63.9054053082232], [-145.4682936426994, 63.90489063192433], [-145.4689386676475, 63.90452148225531], [-145.4695368036333, 63.90407190475159], [-145.4708429265973, 63.90349369438827], [-145.4716027594469, 63.90294316509379], [-145.4725236734093, 63.90230329833823], [-145.4735649458917, 63.90181322979014], [-145.4747161869593, 63.90122173501359], [-145.4759862113626, 63.90080295859659], [-145.4771541722414, 63.90036015596191], [-145.4786944122891, 63.89976176477278], [-145.4803696337153, 63.89907366811385], [-145.4824965005381, 63.89820829499699], [-145.4841848077764, 63.89772588816583], [-145.4860539203351, 63.89725704429388], [-145.4883883911556, 63.89680509513083], [-145.4906373163427, 63.89647773605566], [-145.4922647136866, 63.89614298912139], [-145.4938954622325, 63.89575119835511], [-145.4956577631614, 63.89532663773609], [-145.4969804703115, 63.89488543398105], [-145.4982548174009, 63.89438650913716], [-145.4994801831214, 63.89384140255244], [-145.5005534399855, 63.89323742941708], [-145.5013007300613, 63.89288081766541], [-145.5025029070571, 63.89271222260902], [-145.5036010595789, 63.89255386637521], [-145.5050318221628, 63.89203399947883], [-145.5053702977079, 63.89158108355628], [-145.506135417622, 63.89092778455753], [-145.5069011107668, 63.8902630167202], [-145.5082486446031, 63.88983343997099], [-145.5098529564054, 63.88944120133071], [-145.5109611774281, 63.88911156569711], [-145.5114336414462, 63.88858045353284], [-145.5117421125007, 63.88776176340144], [-145.5124177843331, 63.88686750627123], [-145.5134585549707, 63.8863658308254], [-145.5143622709355, 63.88598811272958], [-145.5158471005989, 63.88542303454061], [-145.5171983743434, 63.88492495765481], [-145.5176344514685, 63.88456463485261], [-145.5184106436842, 63.88415117347735], [-145.5188400188458, 63.88347099045375], [-145.5197601551172, 63.882819356263], [-145.5210551207447, 63.88238905301301], [-145.5220001210426, 63.88218311231108], [-145.522827863813, 63.88177022808436], [-145.5235512910254, 63.88136752545807], [-145.5250207627853, 63.8806194741226], [-145.5267983253386, 63.87992072255387], [-145.5281229711329, 63.87942220227483], [-145.529080663044, 63.87899935476112], [-145.5294962657443, 63.87854739037737], [-145.530149993677, 63.87800681195213], [-145.5312608379305, 63.8776199921482], [-145.5319816516843, 63.87726295881351], [-145.5317233582909, 63.87681451855979], [-145.5321121206948, 63.87637367211903], [-145.5333817496227, 63.87636551523596], [-145.5342344613606, 63.87639827303768], [-145.5351621403544, 63.87647752105829], [-145.5359740253204, 63.87632705686115], [-145.5355843830881, 63.87591141340475], [-145.5359437752398, 63.87552717306919], [-145.5356030962308, 63.87515790835471], [-145.5368296068808, 63.87456684509522], [-145.5373442953474, 63.87418446581037], [-145.5373229976439, 63.87367034136631], [-145.5371737242426, 63.87313190791438], [-145.5368581365063, 63.87277422340071], [-145.5365168934335, 63.8724162051073], [-145.5363356339233, 63.87198017007226], [-145.536178857105, 63.87156725063108], [-145.5363373761029, 63.8710780335666], [-145.5368009385964, 63.87068366841761], [-145.5375444633362, 63.87037250148587], [-145.5383712043939, 63.86997091935719], [-145.539105511434, 63.86937413007579], [-145.5392067412632, 63.86897551036619], [-145.5397247500868, 63.8685361702526], [-145.5406512565237, 63.86819286332336], [-145.5415939399019, 63.86757558968145], [-145.5417197647052, 63.86720023160937], [-145.54141920049, 63.86659145225971], [-145.5415708512301, 63.86621635466058], [-145.5422997599899, 63.86571089490965], [-145.5433363550148, 63.86525456056349], [-145.5441743987698, 63.86465893850583], [-145.5447593056941, 63.86395767501398], [-145.545224568846, 63.86352903593123], [-145.5460411595933, 63.86285318606601], [-145.547261639791, 63.86278728444247], [-145.5478365999508, 63.86225716313405], [-145.5484742239204, 63.86197899756448], [-145.5490967618559, 63.8615178798227], [-145.5487289161048, 63.86117109396222], [-145.5483423998779, 63.8606984551483], [-145.5483197334796, 63.8602071137685], [-145.5483995953137, 63.85972834568582], [-145.5478820729605, 63.85928843545442], [-145.5468356607484, 63.85903659743771], [-145.5467862792077, 63.85855638442057], [-145.5471261929471, 63.85805780233293], [-145.5480231682529, 63.85777121452489], [-145.54916387164, 63.85773861605836], [-145.5503284590329, 63.85774058699593], [-145.5513248112194, 63.85752357946988], [-145.5519498838173, 63.85701681291211], [-145.5522632821666, 63.85652935132508], [-145.5522661983977, 63.85603834039731], [-145.5520370194653, 63.85553324103824], [-145.5516533750332, 63.85501490300335], [-145.5512663029307, 63.8545537366312], [-145.5508541828977, 63.85408084727272], [-145.5505481925172, 63.85356335751338], [-145.5504250039093, 63.85301380155623], [-145.5503646853608, 63.85228215087636], [-145.5504016624829, 63.85165449245967], [-145.5505345938273, 63.85115353396751], [-145.5505155831219, 63.85059377173623], [-145.5506221112161, 63.85010387228252], [-145.5502876643675, 63.84963190600934], [-145.5497693801255, 63.84920331691993], [-145.5494879224864, 63.84870908531862], [-145.5495944609101, 63.84821918652328], [-145.5499336077161, 63.84773206165892], [-145.5499623726141, 63.84724130912787], [-145.5502013728318, 63.84669589861798], [-145.5504908071829, 63.84617386152996], [-145.5508803564645, 63.84571010807578], [-145.5515500810954, 63.84531813282134], [-145.552117904661, 63.84490204542864], [-145.5526882190952, 63.84444039154989], [-145.5535654215005, 63.84403938084628], [-145.5543625122205, 63.84368300621937], [-145.555357584445, 63.8434773590399], [-145.5561598107474, 63.84302977403317], [-145.5568805944504, 63.84264968219512], [-145.5579770700566, 63.84247958908728], [-145.5591012646821, 63.84227535150165], [-145.5601487730591, 63.84205894428744], [-145.5607433735641, 63.84162029636779], [-145.5606693105625, 63.84111697471762], [-145.5605176726111, 63.84061280706252], [-145.5604701690439, 63.84009835233734], [-145.5606565512034, 63.83956372585885], [-145.561172935556, 63.83913562149597], [-145.5622660092844, 63.83902244966392], [-145.5637763345416, 63.83929092344634], [-145.5646505645315, 63.83893540726916], [-145.564413527063, 63.83812193373303], [-145.5642094936569, 63.83762850003954], [-145.563384520076, 63.83713948488434], [-145.5625853763937, 63.83665072161907], [-145.5631176421495, 63.83594871867253], [-145.5646460411423, 63.83546367189753], [-145.5645977230308, 63.83496060789832], [-145.5654856719027, 63.83436543931806], [-145.567940898525, 63.8339480107752], [-145.5695664574896, 63.83401212217836], [-145.5706750816909, 63.83407036923792], [-145.5717777610927, 63.83378596881259], [-145.5724358341243, 63.8331424569847], [-145.5717716618477, 63.8325525020179], [-145.5709672036061, 63.83215513128373], [-145.5704748817133, 63.83172694561043], [-145.5711627000085, 63.83101527648172], [-145.5717907118709, 63.82999462478384], [-145.5727460631839, 63.82957148003026], [-145.5738935835161, 63.8289563246286], [-145.5754855962115, 63.82870025499307], [-145.5762631869531, 63.82821798140684], [-145.5765314269786, 63.82760436192264], [-145.5769333093143, 63.82691227707188], [-145.5775916773584, 63.82625734889892], [-145.5795570760277, 63.82579990652732], [-145.5810013338493, 63.82586181644926], [-145.5822797665371, 63.82565921288865], [-145.5838648495955, 63.82507180256286], [-145.5843195690676, 63.82435749534047], [-145.5837919299536, 63.82364348935617], [-145.5838649827495, 63.82282205837152], [-145.584309168316, 63.82229029830133], [-145.5852078240176, 63.82194637295597], [-145.5860480261768, 63.82127061444778], [-145.5870204719141, 63.82053923178756], [-145.5878818714087, 63.81994367177688], [-145.5884854698615, 63.81933375020118], [-145.5884666260428, 63.81876252697332], [-145.5881853605671, 63.81825690266143], [-145.5872419312903, 63.81758399293954], [-145.586729327541, 63.8166074919409], [-145.58664374828, 63.81539604486587], [-145.5860237216731, 63.81494364632182], [-145.584397336311, 63.81491396920865], [-145.5823397520106, 63.81474231995036], [-145.5803873636574, 63.81453763013039], [-145.5790317243778, 63.8142939305644], [-145.5795481032787, 63.81385436735069], [-145.5801504327683, 63.81326733536764], [-145.5813588510714, 63.81292692062943], [-145.5823683987669, 63.81244726249604], [-145.5825013118166, 63.81193480670575], [-145.5820136744048, 63.81142684933424], [-145.5816862983952, 63.81082935897575], [-145.5819548269368, 63.81020426215358], [-145.5816902705525, 63.80941326672068], [-145.5810565056234, 63.80875519115735], [-145.5809595883736, 63.80819452178563], [-145.582016008834, 63.8077952555908], [-145.5832723494405, 63.80751250397458], [-145.5853755875377, 63.8073306136649], [-145.5865642965089, 63.80687577108257], [-145.5871056210954, 63.80644789722129], [-145.5872132154497, 63.80592379259357], [-145.5866684989641, 63.80506116757792], [-145.5862959426876, 63.80434890476671], [-145.5859778960991, 63.80359158533972], [-145.584908451654, 63.80287153795471], [-145.5842751617609, 63.80220208277976], [-145.583906063226, 63.80143278670771], [-145.5842353295391, 63.80064849876515], [-145.5845677735752, 63.7998071077437], [-145.5845957541614, 63.79887103912817], [-145.5851564442556, 63.79810078225097], [-145.584785494318, 63.79736566154271], [-145.5852589492801, 63.79676572942807], [-145.5859289357544, 63.79589396491277], [-145.5868303336702, 63.79503615388462], [-145.5877342921147, 63.7941326998822], [-145.5888370933007, 63.79336853978159], [-145.590254341558, 63.79251648444226], [-145.5912723101316, 63.79187692189299], [-145.5920499126721, 63.79137177608958], [-145.5957692981955, 63.7895404629697], [-145.5965204350229, 63.78904636032356], [-145.5975270042562, 63.78860076580562], [-145.598728281086, 63.78790616750309], [-145.6012869823134, 63.78649573400812], [-145.6022005694257, 63.78586640966852], [-145.6032901052486, 63.78531893073591], [-145.6043247732514, 63.78482797319801], [-145.6062404525867, 63.78382146442567], [-145.6083792179678, 63.78297723169271], [-145.6099729179331, 63.7826409638804], [-145.6119463443681, 63.78243428859536], [-145.6153625696774, 63.78227790487581], [-145.6179486792086, 63.7821922460797], [-145.619421114674, 63.78217420367655], [-145.7535633060149, 63.78281203215654], [-145.7512546354115, 63.79305482441594], [-145.7690106396207, 63.79324427387088], [-145.7694736596368, 63.79125047401545], [-145.7695555310805, 63.79065750934357], [-145.770406926912, 63.78813085187854], [-145.7705356441847, 63.78762968046894], [-145.7707763329458, 63.78695828989278], [-145.7719388719025, 63.78440052338839], [-145.7724104522174, 63.78375432896048], [-145.7728298437031, 63.78311901269118], [-145.7744969786012, 63.78078315742657], [-145.7750975247218, 63.78013819660852], [-145.7754875856124, 63.77957107840931], [-145.7776449831081, 63.7772286854471], [-145.7782947356461, 63.77662986289975], [-145.7788926350648, 63.77603052532843], [-145.7815056564411, 63.77385244230033], [-145.782305935659, 63.77333509192474], [-145.7831342316491, 63.77277223932233], [-145.7849653435013, 63.77176261936565], [-145.7870944363651, 63.77098422597558], [-145.7880900016587, 63.7706857596836], [-145.7894974249417, 63.77040265351787], [-145.7948576975151, 63.76949599916095], [-145.7960748824475, 63.76940513256114], [-145.7974238527262, 63.76925851736644], [-145.8001952570494, 63.76904571096686], [-145.8030164684618, 63.76885620528282], [-145.8044154119146, 63.76874420335558], [-145.8057902159146, 63.76859772444554], [-145.8087019552497, 63.76814636501898], [-145.8115811044766, 63.76783173368846], [-145.8128089360713, 63.76752383566702], [-145.8139097938009, 63.7671690762722], [-145.8161358979194, 63.76649399649971], [-145.8186808505417, 63.76562782338088], [-145.8196252121211, 63.76530570937075], [-145.820496812762, 63.76489160035162], [-145.8261397783433, 63.76185110278029], [-145.8317748730029, 63.75894738125217], [-145.8362475756464, 63.75659192144889], [-145.8372727366558, 63.75619056974467], [-145.8393521737298, 63.75531962568699], [-145.842524406825, 63.75424199171779], [-145.8437045541156, 63.75383066274675], [-145.8562173047856, 63.74936934593765], [-145.8604676287889, 63.7478218001903], [-145.8617267450873, 63.74736543755304], [-145.862877356126, 63.747022174863], [-145.8651033314263, 63.74628922321655], [-145.8670023541597, 63.74538191151854], [-145.8679789290046, 63.74489996743417], [-145.8691321445141, 63.74449954611217], [-145.8705982653455, 63.74347401795974], [-145.8718910076122, 63.74229837501925], [-145.8723574458263, 63.74169748844621], [-145.8729791105558, 63.74108663772179], [-145.8748507288299, 63.73855738480604], [-145.8752397355351, 63.73795581155379], [-145.8757856457055, 63.737309947897], [-145.8769543727888, 63.73492275434607], [-145.8773480286851, 63.73421827479106], [-145.8777923366742, 63.73353727581847], [-145.878468311235, 63.73231023206662], [-145.8789393116779, 63.73105843057645], [-145.8793319558655, 63.73037687824596], [-145.8796714829102, 63.72972910191135], [-145.8803290603198, 63.72834198667822], [-145.8809737540711, 63.72722887537901], [-145.8812106843397, 63.72656860832953], [-145.8817389036536, 63.72573994605894], [-145.8821679410337, 63.72483036886724], [-145.882507335562, 63.72418258511257], [-145.8826921829217, 63.72353338202197], [-145.8827235612929, 63.72285990173594], [-145.8830436168416, 63.72207491338843], [-145.8832514355752, 63.72093495090339], [-145.8833321088184, 63.7197594454338], [-145.8833137539898, 63.71905131604255], [-145.8832620803582, 63.71850270160305], [-145.8832855268065, 63.71800047628392], [-145.8833844227935, 63.71698503189443], [-145.8836178829763, 63.71584526709091], [-145.8837790875682, 63.71515014563476], [-145.8843558215615, 63.71437898015623], [-145.8851165037043, 63.7135294595282], [-145.8858079604494, 63.71305622348086], [-145.8870243678119, 63.7123707984609], [-145.8880798782652, 63.71182095478384], [-145.888868413885, 63.71147418402091], [-145.8899437985353, 63.71105006361368], [-145.8909171236547, 63.71060220947567], [-145.8918405473094, 63.71011962822686], [-145.8929964019701, 63.70962772478309], [-145.8940037728236, 63.70899739852748], [-145.8948180082792, 63.7086508667627], [-145.8958458782274, 63.70813494537256], [-145.8970622746531, 63.7074380411033], [-145.8981563459665, 63.70660284390306], [-145.8987272465053, 63.70594583878535], [-145.8993475551673, 63.7053347954003], [-145.8998134041456, 63.70472242284021], [-145.900212535894, 63.70388101929348], [-145.9006457360582, 63.70285716145089], [-145.9007319458091, 63.70210432023004], [-145.9008867880361, 63.70153471588417], [-145.9009656324378, 63.70094166479202], [-145.900955695675, 63.70003941914757], [-145.9009190279599, 63.69915983615425], [-145.9015181045691, 63.69844583194792], [-145.902245092275, 63.69774441749996], [-145.9038237150545, 63.69699367717294], [-145.904744988566, 63.69654518958492], [-145.9062043128092, 63.69614732574873], [-145.9075649128539, 63.69565715813526], [-145.9088499245665, 63.69513206840543], [-145.909615007806, 63.69415687368358], [-145.9098735264389, 63.69356539914249], [-145.9099573749879, 63.69285819505485], [-145.9098154971383, 63.69202333147172], [-145.9094640311959, 63.69126643617067], [-145.9089742307514, 63.69072532131331], [-145.9087268530545, 63.68994663983106], [-145.9085844240157, 63.68912309331594], [-145.9081654179967, 63.68816010215403], [-145.9081758627643, 63.68737227146401], [-145.9077270504266, 63.68650037247898], [-145.9075483861695, 63.68590492277554], [-145.9072916850077, 63.68533167376639], [-145.9070271001365, 63.68436999716104], [-145.9068559424234, 63.6836148300533], [-145.9064186963377, 63.68305131068655], [-145.906041323586, 63.68230567831689], [-145.9055066982286, 63.6816270085139], [-145.9046550217161, 63.68056873308026], [-145.9041181966842, 63.6799358479375], [-145.9033353849811, 63.67906087534237], [-145.9030748041033, 63.67857890799557], [-145.9028243831843, 63.67786864369854], [-145.9026371549271, 63.67690769342838], [-145.9024140709687, 63.67616344659544], [-145.9023669000019, 63.6755120815379], [-145.9022673187734, 63.67432357172385], [-146.0449523676622, 63.68866836017542], [-146.2561233418031, 63.71279790646036], [-146.5298145358081, 63.74433554871973], [-146.9948093036407, 63.79734901140002], [-147.0448776891562, 63.80369387555619], [-147.0448795894731, 63.80415681284107], [-147.0450112135457, 63.80451002206653], [-147.0453494529247, 63.80488588325797], [-147.0455068486085, 63.80522768874007], [-147.0456128709653, 63.80558097894708], [-147.0456418291099, 63.80600281144837], [-147.0456705111469, 63.80635627302375], [-147.0459314907673, 63.80676626913864], [-147.0463986625523, 63.80713047100166], [-147.0466849780806, 63.80746069144144], [-147.0466103763614, 63.80781433313405], [-147.0465364033467, 63.80824774069468], [-147.0465649700195, 63.80862391882566], [-147.0467745441023, 63.80901128656966], [-147.0471899905233, 63.80935271218958], [-147.0476050758438, 63.80967134640255], [-147.0477627304957, 63.81003593944298], [-147.0477656965174, 63.81041227274213], [-147.0478719716868, 63.81078835127784], [-147.0481843524014, 63.81115274542234], [-147.048599808166, 63.81147137658346], [-147.0489891934683, 63.81181280569085], [-147.0491466719163, 63.81215460686965], [-147.0492527859311, 63.8125193627222], [-147.0494104578476, 63.81287255866953], [-147.0495937553362, 63.81322574563551], [-147.0495453758515, 63.81362488665584], [-147.0493676191677, 63.81396724317065], [-147.0491899177761, 63.81434378488513], [-147.0491417168995, 63.81475432079613], [-147.0492482529835, 63.81516465697963], [-147.0491739286375, 63.8155752017549], [-147.0489188038082, 63.81592912611021], [-147.0487670609825, 63.81631705355534], [-147.0487442696206, 63.81670479034576], [-147.0488765789829, 63.81710364933209], [-147.0490860813254, 63.817490939796], [-147.0491404439476, 63.81784431788731], [-147.0489117282553, 63.81827799914719], [-147.0487855400213, 63.81863165887915], [-147.0487625214221, 63.81898513667429], [-147.0488428626067, 63.81934990117933], [-147.0488716378834, 63.81972615172855], [-147.0487456484775, 63.82010260156983], [-147.0484645163205, 63.82045653365725], [-147.0481059535661, 63.82078777420728], [-147.047928563967, 63.82118710417434], [-147.0476696260105, 63.82434584853777], [-147.0481878867464, 63.82461871882817], [-147.0486805449621, 63.82490299101218], [-147.0491220674878, 63.82525579673483], [-147.0492544024612, 63.8256432597688], [-147.0493088028787, 63.82600803251965], [-147.0492858049023, 63.82637297867684], [-147.0492629925666, 63.82674924636326], [-147.0491629640786, 63.82713708247403], [-147.0490627665105, 63.8275249920682], [-147.0490915529823, 63.82790116862667], [-147.0492495352781, 63.82828862281296], [-147.0494593725976, 63.82872163958883], [-147.0497205742568, 63.82910883731487], [-147.0501367868326, 63.82950722896478], [-147.0505532186434, 63.82992848309132], [-147.0507598708529, 63.83051625216653], [-147.0485679650392, 63.83346613663593], [-147.0481058447027, 63.83379763184522], [-147.0476696868666, 63.83412896996749], [-147.0473623699999, 63.83444872245333], [-147.0473395063598, 63.83481359430224], [-147.0471100305165, 63.83519022278438], [-147.0468036607171, 63.83558973954516], [-147.0462122746267, 63.83592134389408], [-147.045516973208, 63.83615042250889], [-147.0449256903997, 63.83645923129862], [-147.0445408884766, 63.83677907524173], [-147.0441825301154, 63.83719007098445], [-147.0436686412692, 63.83749870387646], [-147.0428958492352, 63.83772794023861], [-147.0421490727924, 63.83799127670188], [-147.0417646021485, 63.83834529841748], [-147.0415348397415, 63.83871052281233], [-147.0408914371992, 63.83897374948801], [-147.0396545989709, 63.83929484797501], [-147.0388819387259, 63.83955824810469], [-147.0381611015324, 63.83985581575565], [-147.0375178230312, 63.84013042244278], [-147.0371853292407, 63.84056418412514], [-147.0370074490804, 63.84092931432928], [-147.0368043842913, 63.84139708019115], [-147.0363946182156, 63.84185379686684], [-147.0359071994205, 63.84228774144054], [-147.0354970008866, 63.84268740657546], [-147.0351381978894, 63.84304140410813], [-147.034727768791, 63.84340688175909], [-147.034317329046, 63.84377235822713], [-147.0338807019322, 63.8441151229585], [-147.0334448115022, 63.84452618327938], [-147.0329825116925, 63.84486895119375], [-147.0323913333071, 63.84525740045559], [-147.031929188163, 63.84561156002938], [-147.0313890143171, 63.84590875956446], [-147.0307191764656, 63.84614915620426], [-147.0300236876188, 63.84640102367481], [-147.0293545758889, 63.84672125302939], [-147.0289952759353, 63.84704097639108], [-147.0284556356135, 63.84742939908963], [-147.0276566166952, 63.84764716368304], [-147.0267791743177, 63.84773966585069], [-147.0258503265938, 63.84791193756456], [-147.0251038177358, 63.84820944431164], [-147.0244600744246, 63.84850678281477], [-147.0238423046781, 63.84880411415932], [-147.0233017988583, 63.84907849320205], [-147.0228389307352, 63.84937557464548], [-147.0226093693811, 63.84978634869462], [-147.0224570729685, 63.85016285158515], [-147.0218401936489, 63.85060838387621], [-147.0210936221762, 63.85097424035667], [-147.0201150075377, 63.85140886354488], [-147.0193936452607, 63.85167207837152], [-147.0188012124004, 63.85192373076574], [-147.0180032814942, 63.85233530527652], [-147.0175923137646, 63.85267787015155], [-147.0172591774815, 63.8530774000148], [-147.0169514821824, 63.85340848206931], [-147.0165148542791, 63.85379670069703], [-147.0158968846251, 63.85409399788936], [-147.0150981221455, 63.85439145844442], [-147.0141696788101, 63.85462077737559], [-147.0132667024577, 63.85482722431971], [-147.0124673511765, 63.8550335096933], [-147.0119786303502, 63.85537613867928], [-147.0117486807945, 63.85575270991224], [-147.0110005997508, 63.8559247242135], [-147.0103830545075, 63.85630183681707], [-147.0098951595311, 63.85675848297558], [-147.009716827248, 63.85713504736419], [-147.0095646752223, 63.85757990675008], [-147.0088952426815, 63.85793422617431], [-147.008250755927, 63.85817444323611], [-147.0079690746674, 63.85855108476832], [-147.0077648817032, 63.85895043823345], [-147.0075870254119, 63.85939537031894], [-147.0072018339097, 63.85977208920014], [-147.0065581531232, 63.8601377914905], [-147.0055755541595, 63.86002491116393], [-147.0049279016988, 63.85975211448483], [-147.0042799232856, 63.8594450561577], [-147.0035288083318, 63.85916093465675], [-147.0026494056062, 63.85901384665471], [-147.0016417049352, 63.8590150378653], [-147.0008153159765, 63.85909583966063], [-147.0000150856686, 63.85921089548398], [-146.9992408444614, 63.85937145381092], [-146.998441756325, 63.85966889568294], [-146.9979007936162, 63.8599545744452], [-146.9974893054902, 63.86027436518958], [-146.9971039680282, 63.86063966206032], [-146.9968481088674, 63.86103907247269], [-146.9968765603684, 63.86146091139266], [-146.9969048473128, 63.86187135520524], [-146.9969846391814, 63.86223607274698], [-146.997141768442, 63.86257800162998], [-146.9973505674979, 63.86293117931996], [-146.9955956611912, 63.86757385485461], [-146.9953138775237, 63.86798472995859], [-146.9948505677544, 63.86829318960963], [-146.9943612469753, 63.86857878311106], [-146.9935881589973, 63.86899014943599], [-146.9928144194351, 63.86925330225817], [-146.9920660177055, 63.86947087208012], [-146.9913176149965, 63.86965410580914], [-146.9903371045834, 63.86995171205849], [-146.9896141971669, 63.87010075348596], [-146.9889172800765, 63.87027258341276], [-146.9881176162314, 63.87054717766844], [-146.9873951410434, 63.87078744202837], [-146.9867761895001, 63.87101617017859], [-146.9860280050147, 63.87127928898182], [-146.9853058087784, 63.87155372809123], [-146.9844285292471, 63.87186255270741], [-146.9837061621132, 63.87209140356638], [-146.9829834636091, 63.87229738714373], [-146.9823642834139, 63.8725147012989], [-146.9816930973462, 63.87269789457722], [-146.9809184037521, 63.87282416936388], [-146.980195951309, 63.87309858288969], [-146.979861757932, 63.87342958152323], [-146.9794238659092, 63.87373792158822], [-146.9788049428254, 63.87397801062409], [-146.978159989711, 63.87422948813512], [-146.9773340975007, 63.87450409223246], [-146.9764306655044, 63.87476728394887], [-146.975733709254, 63.87495044534475], [-146.9749851907536, 63.87516785315421], [-146.9742366084485, 63.87544230585576], [-146.9736955756913, 63.87575068363574], [-146.9729987002093, 63.87597948558069], [-146.9721987189103, 63.87625391811962], [-146.9715537866925, 63.87653962480163], [-146.9711161969744, 63.87690491492853], [-146.9707816966416, 63.87722449732935], [-146.9702145779764, 63.87753293028018], [-146.9696210064636, 63.87777298515378], [-146.9690278874578, 63.87804722283], [-146.9684085885098, 63.87831005730763], [-146.9682037035806, 63.87869788518008], [-146.9680243666051, 63.87905160676309], [-146.9675091590656, 63.87940554717476], [-146.966941960548, 63.87971396720513], [-146.9664007111394, 63.88006797121034], [-146.9661439607676, 63.8804216724128], [-146.9654466306862, 63.88060478407648], [-146.9645683561492, 63.88077667370728], [-146.9637160584216, 63.88097128109336], [-146.9629409962787, 63.8811430396464], [-146.9622957980824, 63.88134893954535], [-146.9618575593341, 63.88168001617317], [-146.9614976038217, 63.88207940904429], [-146.9611635934098, 63.88252438813183], [-146.9607774635582, 63.88290098206224], [-146.9600808111762, 63.88324374562857], [-146.9593581885007, 63.88354084486201], [-146.9586094313293, 63.88379235284835], [-146.9579379712357, 63.88398683071762], [-146.9570597744171, 63.88422704500687], [-146.9560514311152, 63.88427357235553], [-146.955224317896, 63.88436558197266], [-146.9545273202086, 63.88465126994817], [-146.9540635293386, 63.8850164999502], [-146.9537810749634, 63.88546140468954], [-146.9538089050397, 63.88588332403878], [-146.9543532434721, 63.88615646296369], [-146.9551557132167, 63.88628110343699], [-146.9561130227546, 63.88638284937158], [-146.9561147886819, 63.88674771161601], [-146.9553640302554, 63.88661155035338], [-146.9545616985545, 63.88649830612265], [-146.9537082907759, 63.88651046004037], [-146.9530629545455, 63.88678468885318], [-146.9527541349279, 63.88711563258202], [-146.9525490982887, 63.88752622790211], [-146.9524214775914, 63.88792545333565], [-146.9523973196054, 63.88830170207132], [-146.9523733277914, 63.88867795083806], [-146.9523492772786, 63.88908845817623], [-146.9523513403993, 63.88954455421061], [-146.9523531665981, 63.8899436014656], [-146.9523287109316, 63.89029705992542], [-146.9521235750439, 63.89065067928512], [-146.9516592514178, 63.89095892598796], [-146.9510914114209, 63.89121030815005], [-146.9504201683637, 63.89153016991766], [-146.9498267835661, 63.89187269858587], [-146.949388421295, 63.89219234198733], [-146.9493123716456, 63.89254585531148], [-146.9495727018355, 63.89288764998482], [-146.9503495472965, 63.89306943017478], [-146.9511519222849, 63.89315990756192], [-146.9506356964406, 63.89344541683553], [-146.9504305161404, 63.89379910715417], [-146.9502510061234, 63.8941640539793], [-146.9494489213947, 63.89417620046162], [-146.9487252999613, 63.89434775361909], [-146.9482870532823, 63.89466746714719], [-146.9478745540979, 63.89504409020958], [-146.9479281897454, 63.89545447737706], [-146.9484988951648, 63.89579609104227], [-146.949224694056, 63.8961032777683], [-146.9499501705219, 63.89631930055752], [-146.9507011221158, 63.89647820623972], [-146.9510129408889, 63.89679722559987], [-146.9506005271908, 63.89712820274647], [-146.9498248946169, 63.8972315205089], [-146.9489446044252, 63.89716387195958], [-146.948658335775, 63.89675362353495], [-146.9487084361596, 63.89636599001997], [-146.9484221163531, 63.89598992612795], [-146.9477224629226, 63.89571692987992], [-146.9469973691745, 63.89558073472096], [-146.9461951056186, 63.89549008736876], [-146.9453415774721, 63.89559349920572], [-146.9445921524623, 63.89578795903072], [-146.9443089981923, 63.8961188942043], [-146.9442070096838, 63.89647239469772], [-146.9435354645762, 63.89675796567792], [-146.942656454328, 63.89689553681199], [-146.9418293575856, 63.89710142008254], [-146.9410019394509, 63.89721613832893], [-146.9402763901906, 63.89697728065507], [-146.9400161596684, 63.89662400094574], [-146.9395751217605, 63.8963165195779], [-146.9389017125438, 63.89613465183672], [-146.9380478888845, 63.89612392330373], [-146.9372463483878, 63.89623855765601], [-146.9364445450811, 63.89631892887167], [-146.9354103012888, 63.89646800340319], [-146.934608800897, 63.89662827678424], [-146.9339369817035, 63.89684535950722], [-146.9333686974696, 63.89709667184943], [-146.9327750450928, 63.89748478396101], [-146.9325438299863, 63.89787254827655], [-146.9326230310479, 63.89831721150192], [-146.9334257243159, 63.8984534407524], [-146.9338409750838, 63.89878379254461], [-146.9330644745215, 63.89871594783213], [-146.9322361899218, 63.89867093829076], [-146.9314866477831, 63.89884254017672], [-146.9308924064951, 63.89910522549241], [-146.930686852299, 63.8994929990119], [-146.9306625319457, 63.8998807120646], [-146.9309226751956, 63.90023393489216], [-146.9314929092708, 63.90051856655228], [-146.9322956873735, 63.90064340702691], [-146.9332014953739, 63.90067690992024], [-146.9340557420885, 63.90077890081167], [-146.9331506912879, 63.90091640237327], [-146.9324005644798, 63.90103096008815], [-146.9316251752566, 63.9012368091551], [-146.9311604798273, 63.90153359461148], [-146.9309290140162, 63.90193282456238], [-146.9307232181783, 63.90227501781551], [-146.9305694349795, 63.90263995221441], [-146.9304673602741, 63.90301630627769], [-146.9304688765117, 63.90341535300656], [-146.9307289110208, 63.90375725444935], [-146.9312217674472, 63.90404192350392], [-146.9307310109583, 63.90432730009718], [-146.9300070704908, 63.90447604295152], [-146.9291538666333, 63.90471609965903], [-146.9283515007573, 63.90471673423654], [-146.927755391228, 63.90447773105394], [-146.9268750459179, 63.90436436842212], [-146.9259953959466, 63.90443332097985], [-146.9251936450161, 63.90458214704475], [-146.9247548349933, 63.90489024671945], [-146.9244455271382, 63.90526678272358], [-146.9240844346678, 63.90565468593132], [-146.9234387152568, 63.90598575708654], [-146.9227152244796, 63.90630553590624], [-146.9221466171639, 63.90656812531834], [-146.9219926672051, 63.90694451888066], [-146.9223303174405, 63.9072635399856], [-146.9230038547819, 63.90745687950745], [-146.9234708228932, 63.90774163454617], [-146.9235239903072, 63.90814063488371], [-146.9237581086092, 63.90848253494696], [-146.9244059455185, 63.90868732289493], [-146.9252350593997, 63.90890337605984], [-146.9259859337495, 63.90903954597057], [-146.9263237913662, 63.90937002627251], [-146.9259626852881, 63.90968956392432], [-146.9251868431569, 63.90989530463936], [-146.9245665683628, 63.9101694187834], [-146.9243351487617, 63.91061421781351], [-146.9241812806046, 63.91102479853412], [-146.9238201413231, 63.91140130577769], [-146.9234589804435, 63.91172091060747], [-146.9229682512898, 63.91204037217845], [-146.9224772709883, 63.91232579397638], [-146.9223750527969, 63.91270206829281], [-146.9226092992693, 63.91306676005152], [-146.9230506231687, 63.91341994599017], [-146.9235955417805, 63.91375017468544], [-146.9241142146963, 63.91403488109661], [-146.9246850079877, 63.91437651420191], [-146.9247383108588, 63.91479837729101], [-146.9241957790745, 63.91511796301387], [-146.9239900765916, 63.91548300969605], [-146.9239653469013, 63.91585925207743], [-146.9241739683279, 63.91626965468372], [-146.9246414569603, 63.91666835573504], [-146.9252640008255, 63.91697575482339], [-146.9255758648521, 63.91731754453691], [-146.9253181230778, 63.91765977627333], [-146.9249831466328, 63.91809327452829], [-146.9253988012329, 63.91846922971262], [-146.9260726282123, 63.91866262821705], [-146.9268498006425, 63.91874190534914], [-146.9276524002518, 63.91874127905486], [-146.9286106140657, 63.91875204653461], [-146.9291554537349, 63.91904806900754], [-146.9295451019837, 63.91936695105269], [-146.9292355083493, 63.91968652148702], [-146.928483920008, 63.91951603638649], [-146.9276546054907, 63.91931139714995], [-146.9267483106673, 63.91930064961056], [-146.9259460793183, 63.91947219591138], [-146.9256365805939, 63.91980308018803], [-146.9254826810291, 63.92021366176188], [-146.9255618475043, 63.92058988403289], [-146.9256924863907, 63.92095459062453], [-146.9259010942627, 63.9213307319509], [-146.9260840810314, 63.92179809327916], [-146.9260853988066, 63.92218574394925], [-146.9262164329999, 63.92259610363118], [-146.9264508118287, 63.92296078869278], [-146.9268663427751, 63.92329115938848], [-146.926608669301, 63.92365618314758], [-146.9259104653163, 63.92391894168423], [-146.9256268072288, 63.92424976544617], [-146.9256799900165, 63.92460318414066], [-146.9264578203458, 63.92487625174834], [-146.9272869961644, 63.92500105917861], [-146.9280642096373, 63.92506893470181], [-146.9288163231015, 63.9253534453481], [-146.9288434898244, 63.92570685003157], [-146.9287414972125, 63.92614025015109], [-146.9286394216739, 63.92653931817248], [-146.9285372630192, 63.92690427464907], [-146.9285386438744, 63.92728053006454], [-146.9289024770886, 63.92761094270882], [-146.9296283343669, 63.92780420282301], [-146.9304575284067, 63.92789480711411], [-146.931338653889, 63.9279967527255], [-146.9312623629142, 63.9283845132349], [-146.9312122423655, 63.92879500253457], [-146.9312136033061, 63.92919404774617], [-146.9313187387914, 63.92958167365643], [-146.930827703705, 63.9298670495921], [-146.930023851166, 63.92963957301743], [-146.929220501607, 63.92954905242392], [-146.9284176948379, 63.9296407736708], [-146.9279267670339, 63.92993753481223], [-146.9275652474008, 63.93025707543173], [-146.9271006459394, 63.93070205503588], [-146.9267135036359, 63.93110141891786], [-146.9263780963914, 63.93145508112561], [-146.925887024814, 63.93178609365244], [-146.9252923679926, 63.93217417302925], [-146.9245168816555, 63.9325737714213], [-146.924077669971, 63.93292752119545], [-146.9238719098262, 63.93332667821067], [-146.9237957115606, 63.93376001445852], [-146.9238227919996, 63.93412488812655], [-146.9238239737798, 63.93448974816435], [-146.9237736594314, 63.93486597608], [-146.9241118455429, 63.93524204026469], [-146.9248122091388, 63.93546964279923], [-146.9254090584265, 63.93573137360345], [-146.9250216408493, 63.93607368425851], [-146.9246858795745, 63.93640462574833], [-146.9247131414222, 63.93676942568855], [-146.9251805840639, 63.93706556906236], [-146.9258549630848, 63.9372816845931], [-146.9266847772407, 63.93742935887354], [-146.9272039487788, 63.93770258488394], [-146.9270756609437, 63.93806752666465], [-146.9254421635291, 63.93867996513551], [-146.9250681145476, 63.93881982000611], [-146.9247038502932, 63.93917316902491], [-146.924598828512, 63.93957230550388], [-146.9251937090727, 63.93991490341489], [-146.9260219570462, 63.94017770640225], [-146.9262278697478, 63.94055428591532], [-146.9258896398797, 63.94091904602853], [-146.9256293915743, 63.94130678229421], [-146.9255502809767, 63.94170593262946], [-146.9259118642948, 63.94205972893386], [-146.9267143052934, 63.94231119323686], [-146.9276985108558, 63.94247143719042], [-146.9286311751912, 63.94252894750824], [-146.9295637285401, 63.94263217860538], [-146.9304183697948, 63.9428152045023], [-146.9312209288675, 63.94304378045773], [-146.9313491537786, 63.94344310554268], [-146.9304161990748, 63.94348816713061], [-146.9294830167555, 63.94355608602024], [-146.9287566867503, 63.94378377699887], [-146.9285479339588, 63.94417147011813], [-146.9286241924515, 63.94461642525333], [-146.9288044019966, 63.94500430962711], [-146.9290362392088, 63.94540368748979], [-146.9293719181094, 63.94579172062354], [-146.9298631527213, 63.94614564343826], [-146.9303544282062, 63.94648809612647], [-146.9307677865176, 63.94691027455889], [-146.9308958820603, 63.94736664799446], [-146.9307390660749, 63.94777723221274], [-146.9303748957381, 63.94814199004101], [-146.9302958331541, 63.94854121610641], [-146.9302943931507, 63.94898605919798], [-146.9298266876446, 63.94936216073706], [-146.9293848017462, 63.94970416202424], [-146.9292539220179, 63.95009189374861], [-146.9294079218036, 63.950548207418], [-146.9294840966044, 63.95103874140349], [-146.929379012039, 63.95147213897193], [-146.9290146315829, 63.95189394131492], [-146.9289355680873, 63.95228169799005], [-146.9291415511088, 63.9526810625875], [-146.9292180957661, 63.95309175869388], [-146.9290610561257, 63.953502267167], [-146.9288005966887, 63.9538785399212], [-146.9285141252945, 63.95428905768583], [-146.9283050944967, 63.95468814471455], [-146.9282001160291, 63.95513293620432], [-146.9281987301086, 63.95554352060014], [-146.9283528006633, 63.95597711873072], [-146.9285071598105, 63.95636499006488], [-146.9286873049137, 63.95674147896289], [-146.9287377664417, 63.95715216226432], [-146.9284770650359, 63.95760827214726], [-146.9281645210142, 63.9579959127989], [-146.9279557039941, 63.95842925752979], [-146.9276951253109, 63.95882824433966], [-146.9273048196108, 63.95920452289495], [-146.9273293724536, 63.95960372512676], [-146.9270947263057, 63.95999140238082], [-146.9265748100355, 63.96035614528942], [-146.9264179479115, 63.96073246583946], [-146.926183159664, 63.96116572118179], [-146.9259226204393, 63.96153059344778], [-146.9253508111883, 63.96189523188739], [-146.9247789562789, 63.96227133647281], [-146.9242851835222, 63.96259043144638], [-146.9237652136569, 63.96294369572477], [-146.9232710628702, 63.96333123005633], [-146.922828876856, 63.96367313715005], [-146.9223866262211, 63.96409488078958], [-146.9221776110816, 63.96455100661746], [-146.9220462043288, 63.96500724735123], [-146.9219409206993, 63.96545196004845], [-146.921809506064, 63.96590812699421], [-146.9216521661172, 63.96642132788384], [-146.921546998514, 63.96682046062122], [-146.9215193215779, 63.96726528836163], [-146.9211807785534, 63.96766436789227], [-146.9208162252219, 63.96802910065702], [-146.9203481393205, 63.96838238078539], [-146.9197764804985, 63.96867870112841], [-146.9192823379168, 63.96900910005255], [-146.9188920110575, 63.96936241868368], [-146.9184755751362, 63.96971572158576], [-146.9179296012244, 63.9700804184999], [-146.9172798504447, 63.97039932756248], [-146.9165783549059, 63.97067262433778], [-146.9160584417023, 63.97098028110641], [-146.9156677762828, 63.97136784903948], [-146.9154587351886, 63.97177831164031], [-146.9152755530224, 63.9722116523464], [-146.9150663325569, 63.97262211423445], [-146.9149089697415, 63.97308972777051], [-146.9146219658256, 63.9734887484416], [-146.9141275999517, 63.97389904088125], [-146.9135814262332, 63.97422946294213], [-146.9131909546988, 63.97458276596021], [-146.9129297769478, 63.97500458846967], [-146.9128243461465, 63.97543797253947], [-146.9129005461959, 63.97584867582205], [-146.9127434134907, 63.97622498073101], [-146.9123009911206, 63.97658971844744], [-146.9117806821804, 63.97692007575272], [-146.9111827836945, 63.97722766744154], [-146.9106106441082, 63.97753519901141], [-146.9099865396174, 63.97786555941259], [-146.9094404807166, 63.97817317604235], [-146.9089719511878, 63.97851509746117], [-146.9084776376852, 63.97885685406999], [-146.9079312631448, 63.97919864948693], [-146.9072815052072, 63.97947193394316], [-146.9064496973407, 63.97977928295571], [-146.9056187575718, 63.97997260529067], [-146.9047874716039, 63.9801659226422], [-146.9041376605516, 63.98043919297981], [-146.9035136115343, 63.98071247753121], [-146.9027083989669, 63.980905726788], [-146.9018256677936, 63.98100768649719], [-146.9009428493259, 63.98113250408552], [-146.8992010694923, 63.98181551329413], [-146.893557163726, 63.98454853774322], [-146.892777717693, 63.98474182431318], [-146.8919983843425, 63.98494650167356], [-146.8909847108907, 63.98523083681373], [-146.8900228206755, 63.98553792037961], [-146.8892431742941, 63.98581102556918], [-146.8884633285498, 63.98600428867296], [-146.8875280323748, 63.98622021701934], [-146.8865667744039, 63.98643611905925], [-146.885554324954, 63.9864352509398], [-146.8845682989901, 63.98640013858569], [-146.8837886195954, 63.98658190831807], [-146.8828793111398, 63.98677503775124], [-146.88202176679, 63.98695673516106], [-146.8813193896607, 63.98729830343837], [-146.8804099984556, 63.98742297449066], [-146.8795018085895, 63.98742222354392], [-146.87838523397, 63.98748951481547], [-146.8774500602321, 63.98764833040642], [-146.8769030348795, 63.9880128716763], [-146.8763038452157, 63.98843434088711], [-146.875731276341, 63.98877599266414], [-146.8751065968817, 63.98904915451299], [-146.8744299681285, 63.9893678483038], [-146.873701217251, 63.9897321466726], [-146.8730764695083, 63.9900851374454], [-146.8725294955671, 63.99041540405092], [-146.8720081992305, 63.9908027391751], [-146.8716165530797, 63.99124723505766], [-146.8714584021203, 63.99166907347721], [-146.8713003087008, 63.99211377503863], [-146.8711682157318, 63.99254710459154], [-146.8708286926052, 63.99290033840574], [-146.8702555246427, 63.99326483123124], [-146.8695273172456, 63.99351501318545], [-146.8687992570751, 63.99373100697277], [-146.8679927249745, 63.99403815836898], [-146.8674196590555, 63.99436838191536], [-146.8669500201333, 63.99477853568465], [-146.8665326631949, 63.99514315645989], [-146.8658821310579, 63.99541625477468], [-146.8652313090244, 63.995712139666], [-146.8647876268528, 63.99611091561063], [-146.8644999499863, 63.99648704607815], [-146.8640823131792, 63.99686298086758], [-146.8635612253682, 63.99719323777033], [-146.8627554306704, 63.99735208028091], [-146.8617937136569, 63.99751077001589], [-146.8609360408914, 63.99765815817779], [-146.8601302748739, 63.99780559128089], [-146.8593244430882, 63.9979644147315], [-146.8583623391791, 63.99819152417191], [-146.8579122644046, 63.9983709765652], [-146.8576998113962, 63.99845560525371], [-146.8575618093887, 63.99852192783685], [-146.8504455628068, 64.00194698452901], [-146.845602152699, 64.00402879591364], [-146.8447960588578, 64.0041876120557], [-146.8439377337611, 64.00436908384908], [-146.8430793975341, 64.00455055056277], [-146.8425583818872, 64.00485794238905], [-146.8419325684074, 64.00521079782735], [-146.8413063891091, 64.00565488266062], [-146.8408104067979, 64.00603073829792], [-146.8402882782058, 64.00640648997187], [-146.8398184396203, 64.00680516069053], [-146.8394001857542, 64.00720388692051], [-146.8390860208581, 64.00759133240706], [-146.8389272862706, 64.00801320775544], [-146.8387944851298, 64.00846929629797], [-146.8383503553346, 64.00884520099211], [-146.8374659123391, 64.00904939525081], [-146.8365042174909, 64.0091394750049], [-146.835801162609, 64.00937819481061], [-146.8353053424224, 64.00973116850786], [-146.8348352441367, 64.01009556462067], [-146.8345209834802, 64.01048300005199], [-146.8341280279503, 64.0109729722729], [-146.8338135800713, 64.01136040593015], [-146.8335513686944, 64.01172503550575], [-146.8331591580705, 64.01211245212046], [-146.8327923008713, 64.01254540279008], [-146.8323478511724, 64.01297833651326], [-146.8318521290678, 64.01329711386454], [-146.8311485859175, 64.01359278489456], [-146.8302637030259, 64.013808403215], [-146.8293275855193, 64.0139326500354], [-146.8285206247189, 64.0141711389948], [-146.8278424355493, 64.01455812988826], [-146.8272682638664, 64.01492237807291], [-146.8270059332347, 64.01528706913412], [-146.8268733262632, 64.01567477758127], [-146.8267407871243, 64.01605094407914], [-146.8265297263543, 64.01649553290687], [-146.8262669464872, 64.01692859120001], [-146.825926727067, 64.01728179222877], [-146.8254824984831, 64.0176233256757], [-146.8250644022726, 64.01796503625309], [-146.8244119785398, 64.01836343693398], [-146.8237341345624, 64.01867049795126], [-146.823004248095, 64.01898896079697], [-146.8223269036353, 64.01923896805602], [-146.821570935538, 64.01956878666995], [-146.8208930311319, 64.01987583436436], [-146.8200328204679, 64.02025116939795], [-146.8195883246478, 64.02061562120814], [-146.8195098726232, 64.02069528778141], [-146.8191173959776, 64.02104833437261], [-146.8187770360368, 64.02140151841523], [-146.8183585056268, 64.02178871501255], [-146.8180175692949, 64.02217608110172], [-146.8175469802551, 64.02257467850906], [-146.8171277993566, 64.02303038686851], [-146.8167349039831, 64.02346326393211], [-146.8165237775381, 64.02388504818252], [-146.8164167421062, 64.02430696363729], [-146.8164396180849, 64.02472896962189], [-146.8166178693207, 64.02523115621726], [-146.8166669569959, 64.02561901063078], [-146.8165599923152, 64.02602945781872], [-146.8162713582366, 64.02640549081397], [-146.8159827914106, 64.02677012846073], [-146.8157201269827, 64.02714619321614], [-146.815405166443, 64.02754498076729], [-146.8152462794834, 64.02794396610251], [-146.8152429279782, 64.02840019678867], [-146.8152398776973, 64.0288108484475], [-146.8153397031621, 64.02935851598667], [-146.8153625664059, 64.029780595356], [-146.8155672705777, 64.03021430038812], [-146.8157205483038, 64.03059089218286], [-146.8158733616604, 64.03101313608599], [-146.8161298354914, 64.03148116384217], [-146.8163608709603, 64.03189211125627], [-146.8166435757433, 64.03232591313694], [-146.816900840032, 64.03270270819743], [-146.8172879902199, 64.03309098741663], [-146.8175188134145, 64.03351340095476], [-146.8171263735857, 64.03385504694711], [-146.8167076157985, 64.0342193748486], [-146.8164448330678, 64.03462977197167], [-146.8165717441646, 64.03501772414374], [-146.8167770467086, 64.0353944536856], [-146.8166961886607, 64.03578214368615], [-146.8162511770758, 64.03618076863282], [-146.8161442405996, 64.03657982016176], [-146.8159587168495, 64.03707007781331], [-146.8159296817353, 64.03748062257138], [-146.8162385812578, 64.0378916683578], [-146.8165219614959, 64.03825710193203], [-146.8166751283417, 64.03863369210559], [-146.816749861948, 64.03907862574151], [-146.8167987508006, 64.03950073708917], [-146.8169520958942, 64.03987732712051], [-146.8174437820838, 64.04019736805792], [-146.817987493321, 64.0405403356125], [-146.818452908935, 64.04090591949596], [-146.8188144172682, 64.04126005110163], [-146.8190976980672, 64.04162540578099], [-146.819276936748, 64.04202488858397], [-146.8193257214547, 64.04246978838324], [-146.8193748761855, 64.04285771448917], [-146.8193980331605, 64.04324546123736], [-146.8197072680625, 64.04362231517204], [-146.8200950693148, 64.04396508119142], [-146.8204564919731, 64.0443419245238], [-146.8204795177177, 64.04475260750897], [-146.8202160625771, 64.0452085158162], [-146.819822293149, 64.04570984148133], [-146.8194551958743, 64.04613143546274], [-146.8191140709926, 64.04653019766658], [-146.8191109276097, 64.04696363783688], [-146.8192119478671, 64.04737434437311], [-146.8192872815857, 64.04776230278198], [-146.8192324264633, 64.04815009935537], [-146.8190730871935, 64.04858327166949], [-146.8189919265817, 64.04901661463097], [-146.8188583621939, 64.04948407669376], [-146.8185693680231, 64.04988290240465], [-146.8182544331504, 64.05027030030078], [-146.8178613751893, 64.05064620487246], [-146.8174683999256, 64.05103350328558], [-146.8170749473094, 64.05146637926178], [-146.8168899394535, 64.05186533232275], [-146.8167570180154, 64.05225295595852], [-146.816727360885, 64.0527320151048], [-146.8169835245699, 64.05327987650782], [-146.8176046010594, 64.05373696353125], [-146.818017913433, 64.05414813531641], [-146.8181190172128, 64.05454752100934], [-146.8180898462917, 64.0549809281426], [-146.8178268693637, 64.05536846338802], [-146.8173817858565, 64.05573275947133], [-146.8168844414312, 64.05613131983677], [-146.8164127025576, 64.05656409521708], [-146.8158901212486, 64.056916967592], [-146.8155486450777, 64.05731579408236], [-146.8151297570745, 64.05766879516484], [-146.8146849959687, 64.0579989724755], [-146.8142399048162, 64.05835193759823], [-146.8138729371232, 64.05871646964935], [-146.8135057924912, 64.059080927024], [-146.8133727128388, 64.05948001536818], [-146.8134474490937, 64.05992494941665], [-146.8130025557377, 64.06026651616155], [-146.8126354558228, 64.06061957655373], [-146.8125278366119, 64.06109853393299], [-146.8126549043901, 64.06149788303344], [-146.8129644943098, 64.06186335590776], [-146.8133001105662, 64.06222878798529], [-146.8132970272145, 64.06263943766781], [-146.8132160412865, 64.06302712422954], [-146.8132649943286, 64.06343784066688], [-146.8135743853263, 64.06383749623319], [-146.8139359768743, 64.06421435478528], [-146.8142452182077, 64.06461400867283], [-146.8147105308013, 64.0650481186022], [-146.8151759338385, 64.06547075881579], [-146.8155888390089, 64.06593898363255], [-146.8156634766843, 64.06640677905496], [-146.8155564152838, 64.06680582844254], [-146.8155793116024, 64.06722790559728], [-146.8154718513399, 64.06766121224263], [-146.8149223126531, 64.0680710940534], [-146.814452421598, 64.0682415643777], [-146.8141373737676, 64.06860616292005], [-146.8140042584749, 64.06900510427616], [-146.8139750841478, 64.06942711500675], [-146.8139720857603, 64.06982636961284], [-146.8139690877682, 64.07022555068268], [-146.8138618348187, 64.07064746147984], [-146.8136247532228, 64.07102362683115], [-146.8134129905272, 64.07147951418737], [-146.8131229873288, 64.07195816382679], [-146.8127814704817, 64.07237969919782], [-146.8123097907321, 64.07277827637463], [-146.8119422861348, 64.0731655918997], [-146.8116788211402, 64.07358729900335], [-146.811441055388, 64.07403175495081], [-146.8112298647762, 64.07441927108943], [-146.8110186677891, 64.07480686041296], [-146.8108694414378, 64.07511895688344], [-146.8105708471829, 64.0754905527549], [-146.8104109056717, 64.07596943956081], [-146.810329840619, 64.07635712377542], [-146.8104050509558, 64.07675647988161], [-146.8105061276549, 64.07715579609096], [-146.8106853802116, 64.07754389265997], [-146.8110465691418, 64.07800059391782], [-146.8114076785099, 64.07844597288167], [-146.8115345773471, 64.07887957953858], [-146.8115578214001, 64.07926747281905], [-146.8115805131218, 64.07971233919217], [-146.8114993763288, 64.08011141852506], [-146.810975941701, 64.0804414819556], [-146.8103747905206, 64.08073718446222], [-146.8098772889396, 64.08107859897136], [-146.8094316896806, 64.08144301629724], [-146.8089079039197, 64.08184158743444], [-146.8083843277936, 64.08218303610725], [-146.8079907757609, 64.08257030703655], [-146.8078312999549, 64.0829692808687], [-146.8081925906644, 64.08341459421464], [-146.8079027659682, 64.08383625930173], [-146.807535379979, 64.08420070043249], [-146.8071940224466, 64.08456524861924], [-146.8072429240752, 64.08497596584037], [-146.8071877495884, 64.08537500341758], [-146.8070538905031, 64.08583113102131], [-146.8068942342895, 64.0862757559871], [-146.8067869706026, 64.08667479775754], [-146.8067833825403, 64.0871197031259], [-146.807066832936, 64.08755352088443], [-146.8074545162989, 64.08793057569018], [-146.8073211338666, 64.08834090445471], [-146.8069793179804, 64.08873963563919], [-146.8068980888214, 64.08913871187856], [-146.8068949080447, 64.08954928634897], [-146.8070483136552, 64.08993742593127], [-146.8069671608892, 64.09032510749519], [-146.8066256323282, 64.09067818563116], [-146.8061802431637, 64.09100833522949], [-146.8057087190957, 64.09134984333775], [-146.8051847651371, 64.09171414278508], [-146.80471296903, 64.09206704204568], [-146.8044492959867, 64.09247726670769], [-146.8044201917516, 64.0928650901696], [-146.8042347270159, 64.09326402469367], [-146.8037370863475, 64.09358270176165], [-146.8032392000339, 64.09395835053219], [-146.8029751576431, 64.09439143496739], [-146.8028677257873, 64.09480186801045], [-146.8027603708979, 64.09520097982721], [-146.802652770802, 64.09563427544911], [-146.8022848305762, 64.09602149170288], [-146.8017087257829, 64.09637431297915], [-146.8010023577756, 64.09672680698722], [-146.8001915246336, 64.09711348552699], [-146.7996157857351, 64.09743196776338], [-146.7989879277231, 64.09772765981599], [-146.7983862761283, 64.09802331193427], [-146.7976537722622, 64.09837582703395], [-146.7969999039716, 64.09866000611991], [-146.7965797404379, 64.09904720862748], [-146.7960824110843, 64.09932020743265], [-146.7955065790485, 64.09963874680777], [-146.7950082214941, 64.10002576143108], [-146.7946919706517, 64.1004473624395], [-146.7944023537017, 64.10081187961859], [-146.7939036214834, 64.10124461589852], [-146.7933536946391, 64.10157457814314], [-146.7927510547068, 64.10193864752485], [-146.7922528707628, 64.1023142581901], [-146.7917801337708, 64.10274702425197], [-146.7913858918634, 64.10313424875794], [-146.7910699730645, 64.10354437404123], [-146.7908317106601, 64.10395461017308], [-146.7906721199085, 64.10434216951673], [-146.7906162397746, 64.1047983197309], [-146.7905867584029, 64.10520892891384], [-146.7906094782903, 64.10560821838814], [-146.7907099464572, 64.10606459324322], [-146.7904717356255, 64.10650908646113], [-146.7901297133354, 64.10687351957243], [-146.7895535708173, 64.10720342960714], [-146.7890552539563, 64.10755623955568], [-146.788556664348, 64.10794330511042], [-146.7879802207796, 64.10830739267602], [-146.7875595247352, 64.10872882587289], [-146.7872172623231, 64.10911611473162], [-146.7875788225707, 64.10952729380686], [-146.7874450427592, 64.10993767649633], [-146.7870508128913, 64.11030209962263], [-146.786812332234, 64.11076944927702], [-146.7870436851873, 64.11114610774736], [-146.7875887536879, 64.11144353402048], [-146.7879765871937, 64.11183196079097], [-146.7880254266138, 64.1122198201109], [-146.7881519403608, 64.11267630774364], [-146.7882528274168, 64.11307563733912], [-146.7883533697441, 64.11352069226024], [-146.7884799818746, 64.11396571141965], [-146.7885543785766, 64.11442204938446], [-146.7885506635611, 64.11486687921052], [-146.7884950735266, 64.11527744954863], [-146.788335124582, 64.11569926298648], [-146.7881486743845, 64.11615522185441], [-146.7878586337651, 64.11654258783945], [-146.7873337110389, 64.1169409317845], [-146.7868874974586, 64.11729388362424], [-146.7865452960595, 64.11765823419948], [-146.7862813742177, 64.11803431406584], [-146.7859388041113, 64.11844438855246], [-146.7855707604006, 64.11879745115483], [-146.7852020994688, 64.11920748548953], [-146.7848074364393, 64.1196288751962], [-146.7844912495975, 64.1199934063386], [-146.7841487971643, 64.12040347673664], [-146.7838580452685, 64.12084788067222], [-146.783619864998, 64.12125803091887], [-146.7833558694086, 64.12163410527268], [-146.783221978114, 64.12202169394327], [-146.7831137918474, 64.12247776251898], [-146.7831361517797, 64.12291123590644], [-146.7832367368512, 64.1233448256446], [-146.7834942105822, 64.12374446433223], [-146.7837250930901, 64.12418971542093], [-146.7836169951807, 64.12463438965712], [-146.7833786987434, 64.12503321797013], [-146.7830884095812, 64.12543204201515], [-146.7827457907017, 64.12583064043896], [-146.7823773412642, 64.12621787828483], [-146.7818522460902, 64.12660488079665], [-146.7813539211906, 64.12692340631756], [-146.7810374261243, 64.12731079220595], [-146.780695282196, 64.12766380766158], [-146.7802746337621, 64.12802809867598], [-146.7802712341174, 64.12841595456453], [-146.7806333019149, 64.12878149805019], [-146.7812047271729, 64.12907898683397], [-146.7818281468728, 64.1293993405942], [-146.7823466532208, 64.12975379263857], [-146.7824736787936, 64.13016455904763], [-146.7826524348046, 64.13060973359376], [-146.783092362935, 64.13103250739425], [-146.7833495603549, 64.1314548613036], [-146.7835026020121, 64.13187713357169], [-146.7836814740566, 64.13231091219582], [-146.7836773237615, 64.13280131902212], [-146.7833867893255, 64.13320014295661], [-146.7830444248736, 64.13357595274861], [-146.782518664754, 64.13403139810204], [-146.7821759309868, 64.1344300681855], [-146.7820155076633, 64.13488605717127], [-146.7815163295897, 64.1352730969561], [-146.7807830800251, 64.13556847864828], [-146.7799972806741, 64.1359094296404], [-146.7793943421588, 64.13621639565716], [-146.7787136467684, 64.13650045178639], [-146.7780062541946, 64.1367958587807], [-146.7773507477289, 64.13712559919101], [-146.7767740862156, 64.13744406271883], [-146.7763789595556, 64.13785403358395], [-146.7762963206199, 64.13835578776109], [-146.7763183266242, 64.1388006554975], [-146.7764187707845, 64.13924564351736], [-146.7766502947344, 64.13963385887347], [-146.7767772956273, 64.14002184031933], [-146.7767213124932, 64.14043240439304], [-146.7765350251415, 64.14086555812979], [-146.7763488391821, 64.1412644541956], [-146.776161361896, 64.1418230941501], [-146.7760792740645, 64.14223354429626], [-146.7761018155089, 64.1426327604036], [-146.7761763594853, 64.14305499271681], [-146.7763295546209, 64.1434316198855], [-146.7766123987288, 64.143911144717], [-146.7768962444656, 64.14428804485497], [-146.777153637752, 64.14471048270309], [-146.7769672664573, 64.14510937908332], [-146.7765987558656, 64.14546234403767], [-146.7763605313917, 64.14583837080694], [-146.7762784189054, 64.14627168367889], [-146.7762743339234, 64.14671651089589], [-146.7762706005782, 64.1471385492733], [-146.7760320818429, 64.14754875901573], [-146.7753765586296, 64.14786709568399], [-146.774669270267, 64.14815109188984], [-146.7741179255243, 64.14849237319997], [-146.7734357950712, 64.1488676333109], [-146.7726231501381, 64.14924276030534], [-146.7720719460854, 64.14956117124117], [-146.7714160489267, 64.14991367356494], [-146.7709689155192, 64.15028936381928], [-146.7706522923967, 64.1506423951456], [-146.7697883014948, 64.15090333184067], [-146.7691070743329, 64.15117594757469], [-146.7686597216048, 64.15155155688431], [-146.7683944749306, 64.15201883205236], [-146.7683384390594, 64.1524179241347], [-146.7682563719028, 64.15282844299884], [-146.7683050805056, 64.15322770142834], [-146.7684578444086, 64.15364998790508], [-146.7683498623102, 64.15403760275836], [-146.7682676954752, 64.15445951605267], [-146.7682635758332, 64.15489294797429], [-146.7681292906395, 64.15530338366104], [-146.7679951923496, 64.15569095665603], [-146.7677037167245, 64.15614672045902], [-146.7671264772924, 64.15645367650055], [-146.7663658340399, 64.15681738344219], [-146.7657098852443, 64.1571470706327], [-146.7651062308297, 64.15746544443647], [-146.7645289352983, 64.15777239012074], [-146.7640290303934, 64.15814797375887], [-146.763738285833, 64.15854668394265], [-146.7633425691741, 64.15896801259126], [-146.7627385561321, 64.15932056000752], [-146.7620824075943, 64.15966162523607], [-146.7615044726638, 64.16001421007864], [-146.7609006800529, 64.16035535558886], [-146.7604012417414, 64.16068527538013], [-146.7598494728128, 64.16102650198233], [-146.7585633567318, 64.16172004152628], [-146.7578554054522, 64.161981165873], [-146.7573563375321, 64.1622997547152], [-146.7569610011926, 64.16264115699944], [-146.7568000002832, 64.16309711620423], [-146.7566658059254, 64.16347328379068], [-146.7562965243676, 64.1638376640547], [-146.7556667728758, 64.16414448704926], [-146.7550108267962, 64.16443979517098], [-146.7541734500659, 64.16459805883466], [-146.753388189898, 64.16476780046757], [-146.7526022442246, 64.1649945100191], [-146.7519460413274, 64.16531266679216], [-146.7514724858398, 64.1656654628771], [-146.7510243539458, 64.16607527410707], [-146.7508374275924, 64.16649692493353], [-146.7508860109078, 64.16688486735403], [-146.7510649413362, 64.16726156402167], [-146.7513478615045, 64.16772974198304], [-146.7516830601855, 64.16817521902591], [-146.7519664077695, 64.1685977442988], [-146.752066975453, 64.16899716920331], [-146.7518804530399, 64.1693731697604], [-146.7512763748461, 64.16969141210343], [-146.7481275425894, 64.17107733448444], [-146.7478098735938, 64.17148736085318], [-146.7474666578955, 64.17185176370249], [-146.7468884912298, 64.1721815009149], [-146.7462053064582, 64.172568026481], [-146.7457054335237, 64.17292068446588], [-146.7451791524888, 64.17328476278998], [-146.744599775205, 64.17373990350033], [-146.7443607056584, 64.174115875912], [-146.7443828153623, 64.17451516846262], [-146.7446402027275, 64.1749148728815], [-146.7450287391015, 64.17525775926252], [-146.7454168664522, 64.1756462959683], [-146.7455435945582, 64.17603430254508], [-146.7452781842987, 64.17643301971165], [-146.7451437276854, 64.17683203864395], [-146.7451136007098, 64.17723116617192], [-146.7451879750748, 64.17763054968165], [-146.7453929820676, 64.17803016108336], [-146.7457026694167, 64.1784299546016], [-146.7460126791135, 64.1787954905509], [-146.7463744697401, 64.1791953732419], [-146.7465011871064, 64.1796062415333], [-146.7462355479963, 64.18002774915344], [-146.7443666420949, 64.18395946042006], [-146.7442048255753, 64.18444966080678], [-146.7442007040814, 64.18486022795827], [-146.7442491212122, 64.1852595660273], [-146.744270922836, 64.18569304132726], [-146.7442406677196, 64.1861036361375], [-146.7443403886268, 64.18657143176418], [-146.7447290841868, 64.18691431845697], [-146.7451437141552, 64.1872801121362], [-146.7450090347766, 64.18767905651778], [-146.7445613548495, 64.18800901213362], [-146.7440347722285, 64.18837308544906], [-146.7437696016387, 64.18874893703308], [-146.7436349999311, 64.18913655912557], [-146.7435783839896, 64.18956989658042], [-146.7432346151721, 64.18994560908241], [-146.7427082533197, 64.19029820983782], [-146.7423385366342, 64.19065115875253], [-146.7422040122088, 64.19102731146154], [-146.7422519249572, 64.19146083285868], [-146.7422738058905, 64.19188291363857], [-146.7424786642308, 64.1923053172453], [-146.7427925123488, 64.19490649037903], [-146.7427362939861, 64.19529424942642], [-146.7423660876052, 64.19569277586322], [-146.7419174426338, 64.19609101570838], [-146.7415216630662, 64.19644398983675], [-146.7412040311073, 64.19680834900255], [-146.7408336310436, 64.19724112854524], [-146.7404374399946, 64.19761681470638], [-146.7399104075857, 64.19800358790101], [-146.7395140407542, 64.19841345507959], [-146.7376374674047, 64.20286972613737], [-146.7370849023781, 64.2031766809169], [-146.7367933447988, 64.20355254539491], [-146.7367630677741, 64.20395166966176], [-146.7367060972966, 64.20440779232902], [-146.7368060324132, 64.20486427129833], [-146.7370632538315, 64.20526398686984], [-146.7372684686393, 64.20568639762197], [-146.7373690665761, 64.20607436265001], [-146.7374169292097, 64.2065078847121], [-146.7372554587447, 64.20695242491907], [-146.7369893074342, 64.2073853818671], [-146.7367496877757, 64.20779552341986], [-146.7364577998825, 64.20818278106776], [-146.7360874995169, 64.20858129106969], [-146.7359293147848, 64.20869509820929], [-146.7355056508034, 64.20918466704431], [-146.7353964937942, 64.2096065841269], [-146.7355496694862, 64.20998325084894], [-146.7358588584294, 64.21044010879258], [-146.7361166728992, 64.21081696403635], [-146.7364002655338, 64.21121672802103], [-146.7367363505648, 64.2116165860327], [-146.7369680290872, 64.21199346609083], [-146.7370156792443, 64.21244977673054], [-146.7370377132141, 64.21284899473598], [-146.7370860751529, 64.21324833361403], [-146.7371864202331, 64.21364776597969], [-146.7375489225341, 64.2140248067582], [-146.7381211475805, 64.21435671785109], [-146.738719716438, 64.21468860027251], [-146.738401730498, 64.2150643467193], [-146.7379273676327, 64.21539423367855], [-146.7373478535706, 64.21575818737382], [-146.7368995200534, 64.21609951237886], [-146.7366339859423, 64.21647542292231], [-146.7364467638499, 64.21685147426273], [-146.7364687929828, 64.21725069210969], [-146.736700081041, 64.21767322339278], [-146.7369573718884, 64.21809572757861], [-146.7371367789773, 64.21847251283828], [-146.7372896422086, 64.21887196578051], [-146.7372590302796, 64.21930534598121], [-146.737019311145, 64.21971548726056], [-146.7374075626417, 64.22012683156862], [-146.7377198240774, 64.22030992626334], [-146.7384495622864, 64.22061932909408], [-146.7390747593607, 64.22091699999434], [-146.7397522409891, 64.22120344025578], [-146.7402726894413, 64.22151238745957], [-146.7407927667841, 64.22184419478968], [-146.7414699260432, 64.22218759930406], [-146.7420423044176, 64.22250802655515], [-146.7425888217624, 64.22285126864024], [-146.7429511368036, 64.22325115760376], [-146.7429207141815, 64.22367314437513], [-146.742811888497, 64.22408352506346], [-146.742729441116, 64.22447116295073], [-146.7427774615435, 64.22488189313593], [-146.7429570546674, 64.22527006562723], [-146.743188552182, 64.22566965014931], [-146.7432889875193, 64.22609186675584], [-146.7429180586485, 64.2265246493942], [-146.7427045327846, 64.22693484563818], [-146.7427521960981, 64.22740262140768], [-146.7424337999628, 64.22781263258669], [-146.7417756716721, 64.22816499684477], [-146.7409882135437, 64.22836885260529], [-146.7401746769644, 64.22856126320579], [-146.7394388843644, 64.22879938618146], [-146.7388340262039, 64.22908339127694], [-146.7383326540145, 64.22945880923625], [-146.7380931858156, 64.22983476855426], [-146.7381153556398, 64.2302226645923], [-146.7382156222847, 64.2306562787657], [-146.7383423918392, 64.23105568308385], [-146.7385217937545, 64.23144386038327], [-146.7385699325236, 64.2318545918367], [-146.7381212919155, 64.23218452505967], [-146.7375677756658, 64.23254845232906], [-146.7370666005593, 64.23291247166823], [-146.7365396072167, 64.23321946994761], [-146.7358554831408, 64.23354897158286], [-146.7350671634857, 64.2337869776888], [-146.7342534265834, 64.23397935509999], [-146.730135580254, 64.23707385134692], [-146.7295037032977, 64.23738055713058], [-146.7287671945836, 64.23767567153426], [-146.7279781922709, 64.23798215264006], [-146.7273462706835, 64.23828884904047], [-146.7268188987965, 64.23862999531339], [-146.726526827512, 64.23900583723169], [-146.7265487305107, 64.23940505529671], [-146.7222185290237, 64.24500823246355], [-146.7216123411878, 64.2453379626363], [-146.7209284313022, 64.245598807109], [-146.7202183783872, 64.24583695629524], [-146.7196906585127, 64.24618954423588], [-146.7192934793259, 64.24656509652488], [-146.7189489561951, 64.2469293543993], [-146.7185521039457, 64.247270721645], [-146.7179198016187, 64.24760023925121], [-146.7169741779634, 64.2478150554981], [-146.7161341783031, 64.24796170342489], [-146.7153197263526, 64.24815375393895], [-146.7146359202985, 64.24839200071035], [-146.7139256245507, 64.24864143999795], [-146.5140819459575, 64.18052417597053], [-146.2520388951783, 64.09351055497204], [-146.2010445856309, 64.07723903449096], [-146.0308288656392, 64.02094917578512], [-145.9183306236299, 63.98232399208711], [-145.8683936795336, 63.99535720841315], [-145.7453918540605, 64.02548231200636], [-145.6869781351214, 64.0247672510101], [-145.6696407117813, 64.01998226256666], [-145.6587565183714, 64.01641272392648], [-145.6596865169347, 63.99803104956141], [-145.6191824079196, 63.99809517091573]], [[-146.9209464244393, 63.95686450200113], [-146.9229725669694, 63.95807102840679], [-146.9260946866936, 63.9571047454286], [-146.9239993869188, 63.95584786803648], [-146.9209464244393, 63.95686450200113]]], [[[-149.1218872292122, 64.27017518243876], [-149.1245478402106, 64.26904989763472], [-149.1272120260142, 64.26809161873325], [-149.1303203042386, 64.26716130335154], [-149.1323528799814, 64.26671135004881], [-149.136953082219, 64.26587012600554], [-149.1420384767942, 64.26500245290094], [-149.1731667863181, 64.2597151767141], [-149.1876542988068, 64.25725102081798], [-149.2313556620341, 64.25721551378501], [-149.2711681507895, 64.25722840556654], [-149.2713368393237, 64.25756740141452], [-149.2717150806864, 64.25780161635157], [-149.2720546053357, 64.25807635833735], [-149.272164056426, 64.25838570263812], [-149.2719340781951, 64.25880971319776], [-149.2713646535559, 64.25934839361355], [-149.2706881628284, 64.25995328841361], [-149.2695924000692, 64.26057302832265], [-149.2680865176786, 64.26134694710396], [-149.2667969699042, 64.26197458216132], [-149.2659471348524, 64.26246283758996], [-149.2650106932888, 64.26308747880415], [-149.2643681402774, 64.26348479928413], [-149.2634771999128, 64.26422210936288], [-149.2629713267653, 64.2647627332136], [-149.2625725412897, 64.26523713638477], [-149.2623628706499, 64.26573131924505], [-149.2622967569897, 64.26613258325216], [-149.2623696740212, 64.26666333344616], [-149.2624744792138, 64.26719507019641], [-149.2624972356589, 64.2678355259888], [-149.2627114577675, 64.26848190921282], [-149.2629461844188, 64.26900376241377], [-149.2630418893717, 64.2693961393204], [-149.2631034146908, 64.26980137203576], [-149.2629142360032, 64.27036572359928], [-149.2626247694176, 64.27095478133815], [-149.2623033786979, 64.27154284982271], [-149.2620070412919, 64.27217341936783], [-149.2619614051947, 64.27322899142483], [-149.2619978313348, 64.27378643079918], [-149.2621915785785, 64.27416793670096], [-149.2626770919742, 64.27472537877327], [-149.263044068429, 64.27561293588832], [-149.2630850937021, 64.27633741264151], [-149.2635000004246, 64.27751851027108], [-149.2639012257609, 64.2781985110525], [-149.2642021748904, 64.27870851028956], [-149.2644096619763, 64.27939641071583], [-149.2643663506266, 64.27985402804103], [-149.2642549983694, 64.28016410528926], [-149.2641885285777, 64.28034919925618], [-149.2640463295744, 64.28052048503243], [-149.2638283123267, 64.28078309786171], [-149.262875260285, 64.28130989823325], [-149.2619312958926, 64.28178134443357], [-149.2612358456577, 64.28210749256681], [-149.2608025981614, 64.28240005012225], [-149.2605244063762, 64.2827252143972], [-149.2603989572461, 64.28309684124628], [-149.26040575702, 64.28344475117437], [-149.2606155130954, 64.2837294081857], [-149.2609119017628, 64.28407238623168], [-149.2611512869023, 64.28456658078312], [-149.2614020844386, 64.28499158509362], [-149.2612971587369, 64.28543338963925], [-149.2609208527152, 64.2859641416319], [-149.260480711016, 64.2862982100944], [-149.2600496668586, 64.28657692078832], [-149.2597417740636, 64.28688726243729], [-149.2596391146534, 64.28712051599905], [-149.2596618917829, 64.28737156714418], [-149.259883060255, 64.2875870438071], [-149.2602821236211, 64.28789147421224], [-149.2609959029385, 64.28823347109784], [-149.2618054924295, 64.28857842675302], [-149.2629298392407, 64.28896094169414], [-149.2640372050529, 64.28925235261401], [-149.2640678701361, 64.28926042313007], [-149.2653838480861, 64.28964885201299], [-149.2658970183327, 64.28984553374443], [-149.2668047868114, 64.29017958781776], [-149.2674160649994, 64.29056010626395], [-149.2678677117255, 64.29093567933819], [-149.2686319376138, 64.2917520659052], [-149.2690745335628, 64.29237769907161], [-149.2694373245728, 64.29297652884378], [-149.2696685007007, 64.29400938762319], [-149.269568880999, 64.2948581650723], [-149.2694663573865, 64.29548085565699], [-149.2690102868952, 64.29630123971047], [-149.2689648252664, 64.29633943571645], [-149.2683117537844, 64.29688811839202], [-149.2672424868513, 64.2975330770899], [-149.2661047428396, 64.2981063670153], [-149.2648728254205, 64.29876366621028], [-149.2640287262447, 64.29950249074739], [-149.2633785074122, 64.30028208964677], [-149.262237667934, 64.30184622562285], [-149.2615530680197, 64.30307677337447], [-149.261359086053, 64.30376618376243], [-149.2615273222281, 64.30420602059144], [-149.2615386968533, 64.30486702229528], [-149.2613646690442, 64.30519195814242], [-149.2607741921752, 64.30560831187415], [-149.2603149102049, 64.30595918057179], [-149.2600524232807, 64.30633353956125], [-149.2600295544204, 64.30671530536709], [-149.2601208041318, 64.30713538678873], [-149.2600522919797, 64.30755051024788], [-149.2592933379172, 64.30850059632552], [-149.2576896668446, 64.31067628208477], [-149.2573357548412, 64.31136074440288], [-149.2573442102671, 64.31179565114843], [-149.2573155893429, 64.31221201477273], [-149.2575951462989, 64.31246407135983], [-149.2594351996747, 64.31396405599644], [-149.2601655418063, 64.31489071473476], [-149.2606105722201, 64.31584330632359], [-149.2608359090499, 64.31666740907372], [-149.2607502018603, 64.31767311821989], [-149.2607329771452, 64.31875050063512], [-149.2312878558498, 64.3188104152685], [-149.1657229466566, 64.31872045158764], [-149.1316026601346, 64.31863931115532], [-149.1308506155634, 64.300299015787], [-149.1269608822389, 64.30026286933598], [-149.1272870465599, 64.29310903855134], [-149.0978485029061, 64.29304521006844], [-149.0978796806027, 64.30025243630091], [-149.0796347826191, 64.30054647683846], [-149.0987822087319, 64.28595514661276], [-149.1141600365564, 64.27431006285917], [-149.1157378817978, 64.27333113642288], [-149.1177562338631, 64.27221326023385], [-149.1195796929484, 64.27129778456515], [-149.1218872292122, 64.27017518243876]]], [[[-146.6441329800874, 64.31385933928944], [-146.6442184123893, 64.313643022633], [-146.6442191738922, 64.3136412326058], [-146.6442195195915, 64.31364049027604], [-146.6444006253188, 64.31326699636146], [-146.6444020545134, 64.31326432579932], [-146.6446974126628, 64.31275715912356], [-146.6448622349677, 64.31246633861436], [-146.6448628412459, 64.31246529367404], [-146.6451153337674, 64.3120481719909], [-146.6451163226309, 64.31204659845379], [-146.6453695945322, 64.31166893281447], [-146.6455005284991, 64.3114722627272], [-146.6455011731433, 64.31147131780861], [-146.645605966596, 64.31132201856285], [-146.6456747053254, 64.31122145264305], [-146.6457380653681, 64.31111021660891], [-146.6457257900599, 64.310943128844], [-146.645648100852, 64.31065550431123], [-146.6456246656213, 64.31057462936239], [-146.6454549673636, 64.31011769663861], [-146.6453510915519, 64.30988144114522], [-146.6456592084926, 64.3098530940819], [-146.6456598297455, 64.30985437976354], [-146.6456600532128, 64.30985490638092], [-146.645765060043, 64.31009375341945], [-146.6457663530832, 64.31009713124867], [-146.6459222696206, 64.31058266471771], [-146.6460387167772, 64.31092713242795], [-146.6460390214752, 64.31092813592618], [-146.6460400467649, 64.31093258708307], [-146.6460402898716, 64.31093488494875], [-146.6460535580656, 64.31111528895896], [-146.6460536360019, 64.31111746581837], [-146.646053300856, 64.31112193091742], [-146.6460522936255, 64.3111263875007], [-146.646050606916, 64.31113079305067], [-146.6460490431497, 64.3111338664763], [-146.6459795820426, 64.31125579551126], [-146.6459788272036, 64.31125708016276], [-146.6459776801014, 64.31125882332192], [-146.6459077741004, 64.31136113249127], [-146.6459074238228, 64.31136161866752], [-146.6458028068132, 64.31151068882424], [-146.6456720910865, 64.31170700477541], [-146.6454193484158, 64.31208394167533], [-146.6451677932386, 64.31249950743987], [-146.6450031420569, 64.31279001627084], [-146.6450029063726, 64.31279043839884], [-146.6447082082767, 64.3132964942482], [-146.6445283734495, 64.31366738191058], [-146.6444435995433, 64.31388208190857], [-146.6443672398384, 64.31408166666697], [-146.6442430299016, 64.31440226948249], [-146.6442056356468, 64.31464536616025], [-146.644173759689, 64.3148168057668], [-146.6441599918842, 64.31484178278453], [-146.6441482560823, 64.31499815406642], [-146.6441314434714, 64.31504556578687], [-146.6441072313291, 64.3151940592555], [-146.643872809486, 64.3151955479515], [-146.6462340384038, 64.31518514994852], [-146.6463391183087, 64.31537565378576], [-146.6464628759934, 64.31554156891536], [-146.6466805772324, 64.31562383006238], [-146.6469454650675, 64.31567468826574], [-146.6473376554642, 64.3157499635516], [-146.6477007241697, 64.31581965544162], [-146.6480537761208, 64.31590906745555], [-146.6484444246261, 64.31600800604677], [-146.6488180634253, 64.31610264137014], [-146.6492122312982, 64.31623685641766], [-146.6496224502448, 64.31634948337538], [-146.6501253543878, 64.31649077312196], [-146.6504798329404, 64.31661616948342], [-146.6507439124063, 64.31670960115619], [-146.6510463042295, 64.31681656496605], [-146.651447786347, 64.31699680809447], [-146.6517386650394, 64.31713076017753], [-146.6519568783969, 64.31723383024386], [-146.6522629035257, 64.31736081515803], [-146.6522867432488, 64.31836926525298], [-146.6523233781429, 64.3199181736622], [-146.6521277638428, 64.31989901069554], [-146.6517926129833, 64.31992130564531], [-146.65143008151, 64.31994542879683], [-146.6512192390913, 64.3199594573174], [-146.6510009363597, 64.31990402344914], [-146.6504717843059, 64.31983354865707], [-146.6502155142977, 64.31979941640805], [-146.6498041288235, 64.31974463041148], [-146.6495108132497, 64.31975457923384], [-146.6492703382771, 64.31972443442304], [-146.6489571900241, 64.31966340399674], [-146.648789141198, 64.31965373751433], [-146.6485965989651, 64.3196233825667], [-146.6483326246518, 64.31961415052764], [-146.6480889141036, 64.3196056248531], [-146.6479935262304, 64.31960228061358], [-146.6477098074235, 64.3195923556293], [-146.6475412189771, 64.31958645279927], [-146.6473547492557, 64.31957945343845], [-146.6471743205613, 64.31955424639911], [-146.6469585477121, 64.31955519575553], [-146.6466243647083, 64.31961909865853], [-146.6464323447716, 64.31960953820787], [-146.6462155776593, 64.31956887696614], [-146.6459741409519, 64.31949711730626], [-146.6457573938415, 64.31945646232329], [-146.6452314167725, 64.3195211950343], [-146.6447909083268, 64.31965318827046], [-146.6442545224261, 64.31978558722327], [-146.6437200610421, 64.32000121460662], [-146.6433645614899, 64.32017964063353], [-146.6429959017999, 64.3203900531675], [-146.6428776169065, 64.32072048302888], [-146.6428330875008, 64.31880952559253], [-146.6427489918482, 64.31520048353035], [-146.6438109523792, 64.31519581912148], [-146.6438572213702, 64.31509227845709], [-146.6438701193645, 64.31502993528662], [-146.6439143806407, 64.31465206608594], [-146.6439444170603, 64.31439377692871], [-146.6439445546156, 64.31439275727179], [-146.6439455622628, 64.31438830415111], [-146.6439458765664, 64.31438732972069], [-146.6440557572855, 64.31406123744937], [-146.6440562425718, 64.31405993377483], [-146.6441329800874, 64.31385933928944]]], [[[-147.5351796341613, 64.85264720558165], [-147.5351780000005, 64.84904403774541], [-147.5436032061974, 64.84903752331347], [-147.5521384291847, 64.84903806226896], [-147.561286475523, 64.84903374202148], [-147.5612557945316, 64.83821826836933], [-147.5612587751276, 64.83462227028248], [-147.5520778537767, 64.83460349635097], [-147.5439523898374, 64.8346865918146], [-147.5438390945297, 64.83099715355274], [-147.5436026902891, 64.82377716035825], [-147.5435456511095, 64.82016837087775], [-147.5500293134733, 64.82023074329749], [-147.551363469488, 64.82023344473298], [-147.5519997434512, 64.82025159193567], [-147.5523722283759, 64.82025594172671], [-147.5530251160562, 64.82028475512313], [-147.5538067227545, 64.8203211720711], [-147.5542264751781, 64.82034989312059], [-147.5551124751098, 64.82041083347231], [-147.5555973178572, 64.82045775831641], [-147.556328796623, 64.8205231649838], [-147.5570482436989, 64.82060743149243], [-147.5575460492727, 64.8206633430351], [-147.557930282286, 64.82071806210632], [-147.5589341796725, 64.82086285208263], [-147.5604891495153, 64.82112603964052], [-147.5622495489448, 64.82149862424676], [-147.5653038867397, 64.82219647553927], [-147.5664581415875, 64.82026834535208], [-147.5691805974249, 64.82023030457576], [-147.5691621895566, 64.8169050375142], [-147.5727239767764, 64.81083271537993], [-147.568925148212, 64.8102967985546], [-147.5688978825827, 64.80573932365341], [-147.5773574353102, 64.80575226334557], [-147.5773208805737, 64.80212471391158], [-147.5773252604349, 64.79851596907612], [-147.5773068781527, 64.79490694342273], [-147.5772057916786, 64.78408128430611], [-147.5772368099427, 64.78210368039741], [-147.5772356858059, 64.78189947490817], [-147.5774281156202, 64.76411855351799], [-147.5774267875472, 64.76374189421914], [-147.576533134093, 64.76335848692648], [-147.5758891857097, 64.76328181754859], [-147.5747869084959, 64.76307063435128], [-147.5736070371555, 64.76295111572058], [-147.5711990124183, 64.76289490815654], [-147.5698284991653, 64.76265083264147], [-147.5693403162643, 64.76241357932557], [-147.5687202519156, 64.76223416763013], [-147.5678891978886, 64.7621584747764], [-147.5664120685321, 64.76192624343935], [-147.5650702815806, 64.76175045214485], [-147.5643730317121, 64.76167408299078], [-147.5636717259934, 64.76146077729462], [-147.5630134447168, 64.76088196154222], [-147.5625780140453, 64.76061023045148], [-147.5618765118224, 64.76038544958519], [-147.5614607439622, 64.75987392546419], [-147.5610402351969, 64.75919121388101], [-147.5601454355247, 64.75875052252883], [-147.5589939615092, 64.75867643070644], [-147.5580456731352, 64.75823600184903], [-147.5574183020381, 64.75779399399076], [-147.556713237716, 64.75743232720322], [-147.5561429481046, 64.75712697494711], [-147.5558145475573, 64.75685467594822], [-147.5547852837196, 64.75638042132803], [-147.5535211008099, 64.75610139611852], [-147.5527952582672, 64.7559565686322], [-147.5519113130409, 64.75589252502027], [-147.5510014985845, 64.7558513602537], [-147.5501719641777, 64.75582128620513], [-147.549019833591, 64.75572425829556], [-147.5476797354095, 64.75559395406698], [-147.5462365516299, 64.75560103943644], [-147.54517304921, 64.75580026687084], [-147.5439997105947, 64.75589749049327], [-147.5430130740028, 64.7559822599704], [-147.5418899318104, 64.75596490210305], [-147.5409543065784, 64.75595809903557], [-147.5402360723611, 64.75608715295348], [-147.5394369320104, 64.75618238912912], [-147.5376302971405, 64.75657935715009], [-147.5367812920115, 64.75680031404552], [-147.535400766272, 64.75714947472217], [-147.5342018947883, 64.75729228864857], [-147.5331349552266, 64.75737735483305], [-147.532173049436, 64.75739345216718], [-147.5313467623541, 64.75747734795569], [-147.5304685673063, 64.75761854165756], [-147.529190270317, 64.75779600138416], [-147.527940439801, 64.75803024511367], [-147.5269584387866, 64.75829756206514], [-147.5257623286399, 64.75854299046159], [-147.5248319316994, 64.75873005848972], [-147.5233331442167, 64.75865735947254], [-147.5225273909972, 64.75852420705851], [-147.5216959676579, 64.75842546948007], [-147.5203784900588, 64.7581464235258], [-147.5191709491411, 64.75796952693753], [-147.518256894192, 64.75777983408186], [-147.5170469966052, 64.75752309725827], [-147.5158107814195, 64.75726636861812], [-147.5152367086886, 64.75680113756273], [-147.5153024042679, 64.75626436398562], [-147.5156437101581, 64.75603441663603], [-147.5155754287418, 64.75548686155147], [-147.5150544958509, 64.7549985101422], [-147.5141666000638, 64.75477444612616], [-147.5134679030814, 64.75464087376507], [-147.5124781910285, 64.75461121701083], [-147.511467020194, 64.75477576605134], [-147.5104020889641, 64.75492917269555], [-147.5093347804045, 64.75500267509298], [-147.5084449554523, 64.7547100728139], [-147.507364657315, 64.75429278329959], [-147.5056613618993, 64.75456330660266], [-147.504812158159, 64.75478408072972], [-147.503919391881, 64.75539320092054], [-147.5027052932307, 64.75598098448145], [-147.50134229436, 64.75598736126094], [-147.5000871694542, 64.75602739672624], [-147.4988838355693, 64.75601013065513], [-147.4970961958978, 64.75613249687177], [-147.4954929159956, 64.75615131282322], [-147.49451944752, 64.75572195888834], [-147.4940742209174, 64.75505061180776], [-147.4933098952408, 64.7544377356701], [-147.4929247198298, 64.75401721971201], [-147.4920861139432, 64.75363297754481], [-147.4913304684763, 64.75335114840261], [-147.4903618536561, 64.75310434846496], [-147.4891267137016, 64.75288172378376], [-147.4881602674012, 64.75271488049835], [-147.4877789039522, 64.75244268053851], [-147.4873708365167, 64.75215917341279], [-147.4866692185084, 64.75189985753859], [-147.4857561772873, 64.75173274995382], [-147.4847383861963, 64.7516460307299], [-147.4835638475518, 64.75169705742417], [-147.482822627026, 64.75197432311488], [-147.4821872895754, 64.75220544463073], [-147.481657701088, 64.75240189122891], [-147.4807995611141, 64.75229161806382], [-147.479962881244, 64.75196434476632], [-147.4794760543206, 64.75173826114172], [-147.4788543521453, 64.75146710920447], [-147.4780175491895, 64.75113982541797], [-147.476646947834, 64.7508377762357], [-147.4754400475263, 64.75067199046431], [-147.4744242189329, 64.75065370492993], [-147.4734608008662, 64.75060091635548], [-147.472392220282, 64.75061704057823], [-147.4712409605434, 64.75053087448433], [-147.4704355069162, 64.75038604539533], [-147.4697350346475, 64.75016082801478], [-147.4686297771548, 64.74977766596217], [-147.4676586658226, 64.74941671364675], [-147.4666357550558, 64.74912442854767], [-147.4658230216589, 64.74868284093198], [-147.4654366607442, 64.7481937477196], [-147.4651321999538, 64.74777276020542], [-147.4645665072298, 64.74759259803247], [-147.4635543751129, 64.74772256826432], [-147.4628012453533, 64.74752041779782], [-147.4616753308736, 64.74737698210926], [-147.4605199512578, 64.74711946968323], [-147.4592849639159, 64.74688520321568], [-147.4580742419464, 64.74654801227427], [-147.4569433748011, 64.74619909806204], [-147.4552508392084, 64.7458297742557], [-147.4542007800035, 64.74550330549363], [-147.453308728714, 64.7450849010969], [-147.4527151996859, 64.74484766247359], [-147.4522033556684, 64.74467868293662], [-147.4518743198995, 64.74433764794674], [-147.4516502960227, 64.74391631451563], [-147.4512633442012, 64.74339293138907], [-147.4507761685913, 64.74313250006455], [-147.4503923653836, 64.7427345851902], [-147.4494217499542, 64.74237351280159], [-147.448369333719, 64.74194431797685], [-147.4475602224628, 64.74162817370804], [-147.4469363269484, 64.74124273589419], [-147.4465812810911, 64.74092462898757], [-147.4461424227675, 64.74045857903633], [-147.4456208411617, 64.73987869025703], [-147.445366467436, 64.73930902366739], [-147.444878515098, 64.73901432020651], [-147.4441537125659, 64.73886903379433], [-147.4426049188056, 64.73888704375304], [-147.4419138630805, 64.73902693455732], [-147.4409833836398, 64.73921347757026], [-147.4396286261558, 64.73952741487241], [-147.4386921517144, 64.73946285415239], [-147.4378504367977, 64.73889572015563], [-147.4376270448759, 64.73849715179459], [-147.4375403869451, 64.73822358617294], [-147.4375256213761, 64.73761872339264], [-147.4373040264062, 64.73727719227128], [-147.4373730297446, 64.73682042369134], [-147.4377828368931, 64.73608816610206], [-147.4376866312275, 64.73541518012458], [-147.4369490029247, 64.73473328000941], [-147.4365694763655, 64.73449519939479], [-147.4360276748035, 64.73417791127721], [-147.4352998142675, 64.73389556988627], [-147.434252073347, 64.7336374646581], [-147.4330200760973, 64.73349427054202], [-147.4316029089088, 64.733420262919], [-147.430483266429, 64.73350481935981], [-147.4293545481332, 64.7332127330324], [-147.4285715131044, 64.73285076120824], [-147.4278928221897, 64.73238557141329], [-147.4271908614065, 64.73205746653834], [-147.4262731915691, 64.73165036844418], [-147.4252755760663, 64.73124356758674], [-147.4241674892923, 64.73068880837307], [-147.4234928032653, 64.73038339588075], [-147.4225731332131, 64.72988498247159], [-147.4216599972638, 64.72966043965349], [-147.4198416586076, 64.72955372001579], [-147.4185278562391, 64.72931941288869], [-147.4172645967634, 64.7289707188126], [-147.4168046634298, 64.72871009999893], [-147.4170347848515, 64.72827538172214], [-147.4174011338773, 64.72795429207196], [-147.4180057801269, 64.72754093735257], [-147.4184217423873, 64.7270598229154], [-147.4178266482146, 64.7267312987964], [-147.4171531793165, 64.72647150337163], [-147.4164574296396, 64.72640583149092], [-147.4152530296909, 64.72628520078486], [-147.4144517211265, 64.72626561135493], [-147.4127189663982, 64.72638673764821], [-147.4118172756348, 64.72665292261843], [-147.4115574904375, 64.7269621616522], [-147.411489980305, 64.7275102855073], [-147.4116303415078, 64.72781789866964], [-147.4117191249298, 64.72818284499505], [-147.4115385956893, 64.72845746151069], [-147.4109540922235, 64.72858537165419], [-147.4100930261646, 64.7283034969667], [-147.4093950062152, 64.72813510606258], [-147.4086675855782, 64.72785263343623], [-147.4080935692315, 64.72727275853745], [-147.4077372745593, 64.72687480558115], [-147.4071376767853, 64.72634071997575], [-147.4065121024191, 64.72597621502554], [-147.4063648608044, 64.72589049146944], [-147.4064722880262, 64.72595868204952], [-147.4008531445619, 64.72591591315691], [-147.3826700324236, 64.72576417599181], [-147.3478429487838, 64.72547010712209], [-147.3473430816883, 64.72547127938184], [-147.3461723451617, 64.72511786861612], [-147.3447218281467, 64.72459896993624], [-147.3421756019117, 64.72526960929413], [-147.342274008273, 64.7330566684479], [-147.342222953255, 64.7334129355473], [-147.3315016894335, 64.73348478317081], [-147.3160671724986, 64.72480530534352], [-147.316152757986, 64.72262088865969], [-147.2997156329566, 64.72267878392844], [-147.2993978098676, 64.71904692820617], [-147.29206864059, 64.7190615544205], [-147.2918591609967, 64.70476946959819], [-147.2946336643552, 64.70474023374916], [-147.2921617077514, 64.7019436403393], [-147.2914147840409, 64.69957092746745], [-147.2917934927632, 64.69866800923754], [-147.2917891497947, 64.6982643813382], [-147.2909985978001, 64.69698387084749], [-147.2918789122, 64.69629365551586], [-147.2924291174662, 64.69586519016461], [-147.2931912996629, 64.69453413001105], [-147.2907952383957, 64.69354170797861], [-147.2888441532423, 64.69264335334493], [-147.2883431216131, 64.69247812646705], [-147.2876700578067, 64.69176720898297], [-147.2859421644577, 64.69098709915153], [-147.284326225812, 64.69027791079014], [-147.2988031277916, 64.69029689078312], [-147.3145083053518, 64.69031688229481], [-147.3143645854426, 64.68972459997207], [-147.3142185086293, 64.68906310922847], [-147.3137523599173, 64.68840266444192], [-147.313130023162, 64.68792536528538], [-147.3126960567402, 64.68755021076], [-147.3121275532085, 64.68710697534443], [-147.3115084430783, 64.68680093840017], [-147.3107265874789, 64.68634689949971], [-147.3100506506132, 64.68585837953978], [-147.3092397737877, 64.68527898733834], [-147.3085914952503, 64.68484744589495], [-147.3078366165811, 64.68441619682852], [-147.3064685787786, 64.68396430886223], [-147.30563954113, 64.68381856384333], [-147.3048589835341, 64.68343307522923], [-147.3041078396809, 64.68317307536208], [-147.3031676151336, 64.68279952018592], [-147.3023591069887, 64.68233424497097], [-147.3006211398623, 64.68205455462198], [-147.2996609204899, 64.68202349597433], [-147.2985612204784, 64.68167331618652], [-147.2980487435471, 64.68134392626163], [-147.2977746641168, 64.68094532434795], [-147.2974179402032, 64.68039862046557], [-147.2971406320191, 64.67982882151948], [-147.2969179856815, 64.67932734922054], [-147.2964511632173, 64.67859841454245], [-147.2957514680263, 64.67823543036515], [-147.2946999009646, 64.67758822318605], [-147.2941809201384, 64.67691650161659], [-147.2947018331396, 64.67626417593763], [-147.2951417282681, 64.67556650785384], [-147.2950804983217, 64.675144394371], [-147.2951804889868, 64.67479024923298], [-147.2956258573208, 64.67437785699447], [-147.2963160222296, 64.6742386474473], [-147.2969736787004, 64.6737798827698], [-147.297201338741, 64.67312857703371], [-147.2966860459033, 64.67265084675601], [-147.2968372261746, 64.67219383209614], [-147.2959441262096, 64.67145479687957], [-147.2950041724807, 64.67105840172748], [-147.2940888733725, 64.67055911251174], [-147.2935721346487, 64.67000154345745], [-147.2928931534142, 64.66930749349795], [-147.2925340039962, 64.66862376132941], [-147.2921510749006, 64.66808856346368], [-147.2918727524677, 64.66745024563276], [-147.2918117635201, 64.66702812996274], [-147.2919343154778, 64.66645709044596], [-147.2918976651305, 64.66592069365767], [-147.2912731428335, 64.66528357168883], [-147.2904127117354, 64.66485258866174], [-147.2891797403512, 64.66444563160431], [-147.2881072377282, 64.6640724601276], [-147.2869516871225, 64.66351691899153], [-147.2860593818612, 64.66280061035889], [-147.2861022635327, 64.66222972951921], [-147.2863359789818, 64.66190943939566], [-147.2859568529698, 64.6615682084386], [-147.2854938025496, 64.66101043371293], [-147.2841797904007, 64.66052376065375], [-147.2830817413473, 64.66019625109199], [-147.2818271669568, 64.66004045484011], [-147.2809176623331, 64.65982643552243], [-147.2796088398361, 64.65961375396385], [-147.2783251195842, 64.65932096224851], [-147.2772802479092, 64.65898184227642], [-147.2759918582824, 64.65842661174607], [-147.2743255168156, 64.65758715023377], [-147.273652441964, 64.65717836327192], [-147.2730830924775, 64.65660942605642], [-147.2729373421417, 64.65591363757608], [-147.2726335848006, 64.65529819160389], [-147.2720380555854, 64.65476355379462], [-147.2709871652964, 64.65407060133445], [-147.2698070019497, 64.6535834087135], [-147.2687620008261, 64.65323276159384], [-147.2679846627193, 64.65292697751197], [-147.2671277644893, 64.65265573532164], [-147.2665061045761, 64.65213258989252], [-147.2662600418246, 64.65176806038808], [-147.2660143809422, 64.65142639107327], [-147.2652062603517, 64.65089240202715], [-147.2642145301035, 64.6505187660147], [-147.263599543471, 64.65037225709472], [-147.2627422662139, 64.65006666149975], [-147.2620712280835, 64.64976051052639], [-147.2613432492118, 64.64923767879577], [-147.2608020733721, 64.64873715498742], [-147.2604682393204, 64.64791627898701], [-147.2602703782849, 64.6472548982501], [-147.2600502396449, 64.64684466355433], [-147.2597474834895, 64.64627483831568], [-147.2592348074376, 64.6458769508869], [-147.2586676597787, 64.64541064645766], [-147.2581266088243, 64.64491003904114], [-147.2576366775741, 64.64428378696921], [-147.2568525171654, 64.64357843421583], [-147.2564724702697, 64.64314583095955], [-147.2561441397865, 64.64263315918207], [-147.2558967578641, 64.64217738969353], [-147.2557025244626, 64.6417213808543], [-147.2554039463478, 64.64137978525434], [-147.2549408182616, 64.64076487173914], [-147.2544784386651, 64.6401727433048], [-147.2540220627289, 64.63994587017508], [-147.2534306931775, 64.63961653477337], [-147.2529213049372, 64.63940121654129], [-147.2522498744847, 64.63904937253369], [-147.2519524125724, 64.63876488466244], [-147.251731426133, 64.63829759568944], [-147.2514814793827, 64.63768194058507], [-147.2512306080712, 64.63702063738481], [-147.2511649024798, 64.63629036166317], [-147.2509191891327, 64.63592580572501], [-147.2505128846972, 64.63550469896693], [-147.2500020718358, 64.63519807466997], [-147.2499938938169, 64.63471858793713], [-147.2494779808888, 64.63411528726468], [-147.248936183002, 64.63354613664079], [-147.2482913025543, 64.63317136855294], [-147.246684064261, 64.6325368814544], [-147.2460426395397, 64.63236755608206], [-147.2452926462759, 64.63207300139975], [-147.2444851319692, 64.63151611014696], [-147.2433338358635, 64.6310857021094], [-147.2427443589679, 64.6308362989027], [-147.242972209496, 64.63013935110726], [-147.243018675039, 64.62973975203636], [-147.242720490297, 64.62940959743733], [-147.2420781423482, 64.62918321326333], [-147.2415962440516, 64.62900199284319], [-147.2407643060035, 64.62857060143573], [-147.2400385942216, 64.62811617150453], [-147.2392090409336, 64.62783318264398], [-147.2382463509876, 64.6275278364665], [-147.2372306686509, 64.62723396303082], [-147.2363483295889, 64.6269625103076], [-147.2355187518504, 64.62666818039824], [-147.2347962231522, 64.62640771059928], [-147.2342870329508, 64.6261694665845], [-147.2337231984387, 64.62585147620497], [-147.2332919549888, 64.62551026604915], [-147.2328571533189, 64.62495220795624], [-147.2326920851992, 64.62462167631378], [-147.2325530128305, 64.62424538081702], [-147.2323617657901, 64.62393775135453], [-147.232063042106, 64.62356192683004], [-147.2313108853331, 64.62310749560253], [-147.2302393484607, 64.62264253208674], [-147.228823522165, 64.62225843994085], [-147.2279937109497, 64.62192981292144], [-147.2276157787048, 64.62157696296853], [-147.2268643985183, 64.62117962464731], [-147.2259250239822, 64.62064576929468], [-147.2251179792353, 64.62007730410149], [-147.2243656756363, 64.61960004991087], [-147.2239045091578, 64.61903061145146], [-147.2237107128132, 64.61856316541699], [-147.2232516351389, 64.61811927557669], [-147.22281992936, 64.61773238623599], [-147.2224139736594, 64.61728834015015], [-147.2214210292473, 64.61673182239727], [-147.2205628848409, 64.61627764228379], [-147.219547102565, 64.61593799846729], [-147.2182107022194, 64.6155078905382], [-147.2171170202813, 64.6152712580897], [-147.2159680823322, 64.61493193234297], [-147.2145002114987, 64.61458210816251], [-147.2134044159526, 64.6142198974741], [-147.2124144729259, 64.61383444460733], [-147.2112619930567, 64.61324397966384], [-147.2102964852153, 64.61271013591613], [-147.2095187091548, 64.61226709777176], [-147.2087378455068, 64.61164138926986], [-147.207985716428, 64.61114119007834], [-147.2065943292572, 64.61056278638284], [-147.2052317719551, 64.61012127740229], [-147.2041641018811, 64.6098387168171], [-147.2034672353524, 64.6094752926004], [-147.2032502236977, 64.60919052221415], [-147.2028640295127, 64.60819044419866], [-147.202304627191, 64.60797759326329], [-147.2012316593924, 64.60735650832878], [-147.2002332741472, 64.60692967319012], [-147.1979297467973, 64.60663359477026], [-147.1968284919192, 64.60608073245695], [-147.1959635096189, 64.60564310533897], [-147.1945543010782, 64.60568209038196], [-147.1922424096562, 64.60570525890135], [-147.1909966808275, 64.60559661095884], [-147.1893258620194, 64.60548599866814], [-147.1881064275964, 64.60538883362578], [-147.186862657357, 64.60521178469197], [-147.1851170209599, 64.60491818128114], [-147.1840696034709, 64.60435413016418], [-147.1839107999675, 64.60334930860486], [-147.1832352871008, 64.60278714027709], [-147.1832537918221, 64.60210274546775], [-147.1827369879133, 64.6015640478077], [-147.1812817936692, 64.6013516349096], [-147.1796340875775, 64.6013778327239], [-147.1783350069901, 64.601291710413], [-147.1760291652872, 64.60110930667453], [-147.1748567705019, 64.60086245838076], [-147.1732069917942, 64.59969758888472], [-147.1730545333518, 64.59905838342449], [-147.1729783923991, 64.5987387805135], [-147.172451679069, 64.5983498705124], [-147.1717637065269, 64.5981430818995], [-147.1709974960459, 64.5978220736683], [-147.1706827555066, 64.5974677551817], [-147.1703973598823, 64.59685112079131], [-147.1702402331358, 64.59665679626363], [-147.1696628599531, 64.59606240250555], [-147.1691360741392, 64.59567340719946], [-147.1682620065394, 64.59552327050228], [-147.1664584390908, 64.5954168147693], [-147.1654507409259, 64.59532341422653], [-147.1645260394858, 64.59494491858753], [-147.1636027669856, 64.59442961465786], [-147.1631328843378, 64.59372135723055], [-147.1626585641276, 64.59341225903353], [-147.1623411653051, 64.59333174802697], [-147.1617592856455, 64.59314795161197], [-147.1613879842702, 64.59312432034136], [-147.160911002565, 64.59305485998564], [-147.160384846144, 64.59265443881998], [-147.1601520513587, 64.5921177055252], [-147.1597085452114, 64.5914208759387], [-147.1593408770202, 64.5910778373357], [-147.1590006428072, 64.5906550105821], [-147.1576049183126, 64.58970507499447], [-147.1564970113499, 64.58913221862531], [-147.1558405792927, 64.58851477242933], [-147.1557130731812, 64.58805811952232], [-147.1555852540626, 64.58763579570504], [-147.155510581031, 64.58720209533385], [-147.1555672690827, 64.58688278421224], [-147.1548004380447, 64.58666431167593], [-147.154239449323, 64.58699392698928], [-147.1539702139377, 64.5873355857389], [-147.1537008649762, 64.5876886380524], [-147.1526430092252, 64.58737834973762], [-147.1517968921467, 64.5871140737076], [-147.1511863077456, 64.5871468973711], [-147.1503337777552, 64.5874530525095], [-147.1503838144588, 64.58771557712737], [-147.1510179367161, 64.5879451612767], [-147.1515737592527, 64.58806044248927], [-147.1518645020507, 64.58816379195866], [-147.1524434424051, 64.58858719750748], [-147.1520962836353, 64.58876890322762], [-147.1514336559269, 64.58871040930971], [-147.1508766148291, 64.58868635396914], [-147.1504514167519, 64.58874250799465], [-147.150740911166, 64.58895987400223], [-147.1512951181703, 64.5892121059], [-147.1520366301263, 64.58936203842013], [-147.1521131441477, 64.589613288196], [-147.1517142386243, 64.58969213315011], [-147.1509449039054, 64.58967902841782], [-147.1493792194476, 64.5896870161241], [-147.1478649221927, 64.5898318837333], [-147.1463502798746, 64.59001106501266], [-147.1449965219458, 64.59004224549398], [-147.1429288665852, 64.58986651594296], [-147.1418421742151, 64.58976126939314], [-147.1395409539982, 64.58913995586344], [-147.1384842785583, 64.58873819298516], [-147.1370879457142, 64.58791361839958], [-147.1370157281985, 64.58729738285685], [-147.1374758024739, 64.58655693621975], [-147.1375652383646, 64.58573575303726], [-147.1383199515454, 64.58474494973606], [-147.1384331533004, 64.58416338421263], [-147.1388150060745, 64.58329723173703], [-147.1387978260939, 64.58250996196475], [-147.1383521907742, 64.58206403106087], [-147.1379601067806, 64.58158401388579], [-147.137513761399, 64.58119505089374], [-147.1368531128664, 64.58097675377849], [-147.1360874539468, 64.58068981923385], [-147.1361469795031, 64.58014233951609], [-147.1357562749691, 64.5795481549593], [-147.1348128829897, 64.57858766298556], [-147.1341855970582, 64.577833292433], [-147.1329723441342, 64.57727145498872], [-147.1318373355484, 64.57682384491886], [-147.130279522732, 64.5762497961027], [-147.1282978438077, 64.57564044782949], [-147.1268466056134, 64.57504377619351], [-147.1255854463567, 64.57408239511258], [-147.1244798508932, 64.573429538413], [-147.1229506675711, 64.5727185133695], [-147.121048267099, 64.57215487158601], [-147.1192234668042, 64.57176256676507], [-147.1176646980917, 64.571313866247], [-147.1161603801209, 64.57075116668325], [-147.1141539482464, 64.57006174312954], [-147.1127286083628, 64.56954481738539], [-147.1117818855743, 64.56894922843408], [-147.1108606143688, 64.56842212513688], [-147.1103924254344, 64.56772516482353], [-147.1092360022874, 64.56694638342883], [-147.1083967392349, 64.56624836776959], [-147.1072939345494, 64.56542417627357], [-147.1062959165445, 64.56471435539174], [-147.1048989865007, 64.56409478758223], [-147.1039760569357, 64.56372737856326], [-147.1028183225128, 64.56305131393061], [-147.1024298275535, 64.56237720742664], [-147.1028071866338, 64.56191045320716], [-147.1026582115935, 64.56115708378847], [-147.1026154695655, 64.5603812198644], [-147.1021452358717, 64.55986668504174], [-147.1011704041329, 64.55941924233579], [-147.0993794318949, 64.5585703947715], [-147.0977145310838, 64.55820101862885], [-147.0969478456425, 64.5580507563089], [-147.0958348907789, 64.55803648761358], [-147.0951975734266, 64.55812606743537], [-147.0938181513696, 64.55820237205506], [-147.0928384341366, 64.55811992606296], [-147.0918880162957, 64.55785507800533], [-147.0910668942996, 64.55781868540109], [-147.0891613651745, 64.55760828887414], [-147.0880522001809, 64.55733160342334], [-147.0876036306461, 64.55718205794359], [-147.0871815550479, 64.55703264246168], [-147.0856224613294, 64.55669754331579], [-147.0846194577559, 64.55640974394855], [-147.0830021068596, 64.55645109319777], [-147.0815210227338, 64.55623036124516], [-147.0804638010619, 64.5560221009742], [-147.0791961057111, 64.55571066528948], [-147.0772673352837, 64.55529474179329], [-147.0753929143918, 64.55479908088837], [-147.0734368772816, 64.55442855017512], [-147.0720104205398, 64.55411669062937], [-147.0711259136332, 64.55383396078308], [-147.0705325801442, 64.55367906691582], [-147.0692651068953, 64.55336754575801], [-147.0685279871781, 64.5530346709805], [-147.0679490519985, 64.55274781025213], [-147.0678490984054, 64.55233686395421], [-147.0682788527195, 64.55193875800181], [-147.0689744807788, 64.55148429179606], [-147.0696955767923, 64.5511098622391], [-147.0708425240068, 64.55057681189697], [-147.0714892887666, 64.54982567221538], [-147.0724529471154, 64.5491437673818], [-147.0731485750085, 64.54867796077284], [-147.0741635422811, 64.54811032671039], [-147.0748611308825, 64.54750756241225], [-147.0754521840753, 64.54693873726802], [-147.0762544845932, 64.54641618523117], [-147.0764978113024, 64.54607460666001], [-147.0765291382662, 64.54573240274908], [-147.0762418369243, 64.54543498429464], [-147.0762509857313, 64.54479618019985], [-147.0757798156373, 64.5444069686364], [-147.0753067528199, 64.54413177009076], [-147.0749296192379, 64.54457574036381], [-147.0746838505766, 64.54508852176072], [-147.0740110876105, 64.54581675404089], [-147.072995751026, 64.54640724896076], [-147.0725924908053, 64.54681682348856], [-147.0722151050002, 64.54726071323915], [-147.0716542403642, 64.54757862216088], [-147.0709354714052, 64.54781618538611], [-147.0706891450768, 64.5483517481242], [-147.0701785955472, 64.54885229876274], [-147.0690849254652, 64.5493512106593], [-147.0685207668575, 64.54988588905456], [-147.0679545347344, 64.5505573676508], [-147.0674977158463, 64.5509896671114], [-147.067119618351, 64.55147919332704], [-147.0665782014884, 64.55226481562458], [-147.0664397471335, 64.5526637412827], [-147.0665941366574, 64.55298358552382], [-147.0660374699986, 64.5529934655781], [-147.0652718503843, 64.55279738868975], [-147.0645353702936, 64.55241884419561], [-147.06387515275, 64.55183715590167], [-147.0634696628919, 64.55086663625791], [-147.0629766425251, 64.55030391078515], [-147.0615668187639, 64.5488853287921], [-147.0602062370747, 64.54772914251146], [-147.0583638839526, 64.54690245834085], [-147.0569367684825, 64.54665881712947], [-147.0563065063528, 64.54629195181093], [-147.054535499141, 64.5460129866008], [-147.0531620367711, 64.545735327527], [-147.0522151605829, 64.54528762434055], [-147.0518240539284, 64.54487581403123], [-147.0523093046473, 64.54431814518708], [-147.0532964110197, 64.54386467792986], [-147.0540412378327, 64.54365005254112], [-147.0552140848814, 64.54317430426532], [-147.0560795259033, 64.54199025071141], [-147.0568609668393, 64.54110268903162], [-147.0570775749144, 64.54079526114673], [-147.058224799169, 64.54023952000502], [-147.0595519526938, 64.5400607287939], [-147.0602740413576, 64.53959511866842], [-147.06075754622, 64.53914004186892], [-147.0600511030516, 64.53855622278822], [-147.0600360771746, 64.5377804068749], [-147.0602069452158, 64.53697092110977], [-147.0603228027108, 64.53630950627513], [-147.0599406215496, 64.53529309533184], [-147.059131835696, 64.53446937717469], [-147.0588264417646, 64.53363567766854], [-147.0583933992624, 64.53250497489405], [-147.0579778228428, 64.53194477357545], [-147.0576729564727, 64.53108828315571], [-147.0583990108053, 64.53033738834519], [-147.0591254881047, 64.52956370164623], [-147.0598264830161, 64.52871004289328], [-147.0607709630252, 64.52751482715863], [-147.0608840754402, 64.52702454313359], [-147.0604427046765, 64.52644149743568], [-147.0603156032347, 64.52608745240411], [-147.0603499251359, 64.52555133074826], [-147.060013983309, 64.52500279009908], [-147.0591742724669, 64.52449841070919], [-147.0583622686916, 64.52392565132854], [-147.0578972312488, 64.52315993503518], [-147.0579040919351, 64.52269226226684], [-147.0575407286154, 64.52221201728031], [-147.0569679691887, 64.52157152732154], [-147.0565254226589, 64.5210796957891], [-147.0562954259561, 64.52053139972809], [-147.0560902247123, 64.52008586073164], [-147.0562038556838, 64.51957286504604], [-147.055917957843, 64.51921836183061], [-147.056030828582, 64.51875094267791], [-147.0567068327646, 64.51778314597341], [-147.0568242107019, 64.5170305056932], [-147.0570763483694, 64.51609572887389], [-147.0570597806611, 64.51543399840321], [-147.0571755994594, 64.51476119005453], [-147.0567366341048, 64.51405257634636], [-147.0556908281165, 64.51319393745514], [-147.0541385372732, 64.51259621808519], [-147.0528202646774, 64.51228442609096], [-147.051976224615, 64.51209940754404], [-147.0508650142968, 64.5120961934147], [-147.0499357127152, 64.51229888441982], [-147.0488452791695, 64.51266077224084], [-147.0476476558817, 64.51311361854901], [-147.0462411825419, 64.51338326035258], [-147.0452341512652, 64.51347163797276], [-147.0437304913995, 64.51317055395864], [-147.0420196363563, 64.51258363342419], [-147.040971397522, 64.51191881011344], [-147.0407181446415, 64.51118797023584], [-147.0402782452184, 64.51055913941131], [-147.0396499631682, 64.51012376294118], [-147.0388322131961, 64.50996159711927], [-147.0387436587893, 64.51055455232539], [-147.0384199008899, 64.51095291442509], [-147.0384640212733, 64.5115120936219], [-147.0392522368008, 64.51186811524006], [-147.0396643014582, 64.51259950297018], [-147.0401837288516, 64.51322846080578], [-147.0411272853812, 64.51381311946571], [-147.0429758693132, 64.5140581887081], [-147.0449859412832, 64.51412117479238], [-147.046656348549, 64.51390931403073], [-147.0484857314131, 64.51368650260298], [-147.0498122592531, 64.51346214859504], [-147.0508219861593, 64.51317981935262], [-147.0520951317673, 64.51298964532232], [-147.0532284539693, 64.51328952859052], [-147.0539608191153, 64.51383926402174], [-147.0540324948263, 64.51436424616958], [-147.0542374489325, 64.51480978844958], [-147.0543336120727, 64.51546038993438], [-147.0548577847934, 64.51579275486837], [-147.0553532848253, 64.51628471886656], [-147.0550018992347, 64.51677427988157], [-147.0545678286726, 64.51748028401136], [-147.054341895926, 64.51842658773289], [-147.0540923541597, 64.51917890689786], [-147.054054591427, 64.51993173610113], [-147.0540674669959, 64.52083303670912], [-147.0546920166646, 64.52155357107819], [-147.0555812740839, 64.52225202366877], [-147.055941610102, 64.5229375878113], [-147.0555895596849, 64.52347279966463], [-147.0557407863419, 64.52397518273642], [-147.0563392655007, 64.52466146409522], [-147.0575220010859, 64.52523526648105], [-147.0585185285912, 64.52587698302418], [-147.058906931002, 64.52645990867505], [-147.0586629496323, 64.52683571497424], [-147.0583874530904, 64.5275650422991], [-147.0577652150835, 64.52845313961419], [-147.0572505939429, 64.52922747268289], [-147.0568258348961, 64.52930614557873], [-147.0559033540949, 64.52901826623076], [-147.055089465926, 64.5285595771633], [-147.054908444936, 64.5282738383915], [-147.0544205900839, 64.52726847792484], [-147.0544819551293, 64.52670963321836], [-147.0540937916908, 64.52611530183367], [-147.0534399798023, 64.52557722750167], [-147.0528137138361, 64.52497070266092], [-147.0520141925903, 64.52533353777903], [-147.0515800582107, 64.52602813821268], [-147.0514958216406, 64.52634734755297], [-147.0520078830843, 64.52748973164002], [-147.0526007535458, 64.52855240028295], [-147.0530664993771, 64.52927248283795], [-147.0525098424989, 64.52930510004799], [-147.0519568477573, 64.52910953930221], [-147.0510359616804, 64.52873040321293], [-147.0491122898822, 64.52814297795302], [-147.0475319085313, 64.52760216951668], [-147.0463166689519, 64.52742745594325], [-147.0454746708656, 64.52708273636641], [-147.044689944768, 64.52646439088583], [-147.043634631253, 64.52623307751466], [-147.0421279550569, 64.52608032133078], [-147.0411752367446, 64.52605471511319], [-147.0399064194194, 64.5259368602711], [-147.0390094371823, 64.52572877344879], [-147.0381192199803, 64.5250986592127], [-147.0370151824157, 64.52460473371856], [-147.0356506978551, 64.52383630372955], [-147.0344428219028, 64.52321660855044], [-147.0332334049313, 64.52268820307297], [-147.0325019914887, 64.52206992739075], [-147.031640886001, 64.52129149783578], [-147.0304048388627, 64.52078578930862], [-147.0294024430678, 64.52056597754347], [-147.0288720834464, 64.52063282942208], [-147.0291579623066, 64.5209645233893], [-147.0295228935297, 64.52131928308361], [-147.0302534166545, 64.52198322343635], [-147.030666498297, 64.52263480334203], [-147.0310792840974, 64.5233090966543], [-147.0319960654302, 64.52392800075224], [-147.0326776140914, 64.52435222377034], [-147.0333596540876, 64.5247421143903], [-147.0343099451625, 64.52491611462848], [-147.0350225970344, 64.52505517470104], [-147.0350451091444, 64.52530620557698], [-147.0345683686538, 64.52531616849689], [-147.0327975297714, 64.52513970847178], [-147.0313442048652, 64.524964189117], [-147.0301064032427, 64.5245610984816], [-147.0283396491966, 64.52413369482078], [-147.0272911406938, 64.523480095791], [-147.0265885412252, 64.5227135160423], [-147.0261744374481, 64.52214190368313], [-147.0252293012497, 64.52165984355142], [-147.0247892585934, 64.52104243498603], [-147.0236882080788, 64.5203772778441], [-147.0226167552345, 64.51952972975175], [-147.0216224514151, 64.51883072605648], [-147.0209441439384, 64.51822399949825], [-147.020582299633, 64.51768669280239], [-147.0205411452068, 64.51696769772805], [-147.0205799887254, 64.51620355630344], [-147.0210674895803, 64.51552050632169], [-147.0210212730285, 64.51510966570062], [-147.0206903243912, 64.51431007102967], [-147.020223398608, 64.51372668712983], [-147.0194118644452, 64.51317657403177], [-147.0188398697905, 64.5125701908393], [-147.0180297175139, 64.51195155854747], [-147.0172989350078, 64.51133320649257], [-147.0168539751103, 64.51103524848884], [-147.0163014410553, 64.51085094755521], [-147.0148230309247, 64.51064093860387], [-147.0141140046781, 64.51031925489778], [-147.0130663713042, 64.50967702097836], [-147.012626630755, 64.50907104265798], [-147.0123204462817, 64.50838551400541], [-147.0116426042111, 64.50777874375503], [-147.0114387282694, 64.50731028020489], [-147.0114187786658, 64.50692236921707], [-147.0111384242129, 64.50628255916116], [-147.0109096278379, 64.50572279716698], [-147.0109979400242, 64.505186902211], [-147.0107097797063, 64.50501483637059], [-147.0100227100151, 64.5049670296703], [-147.0096033714432, 64.5047375591611], [-147.0091109084164, 64.50411988526956], [-147.0087185283879, 64.503856228357], [-147.0081695440442, 64.50346658287233], [-147.008892879812, 64.50292131664014], [-147.0099079901705, 64.50234265388897], [-147.0112693674872, 64.5015826085748], [-147.0117558415963, 64.50095670547643], [-147.0117970706485, 64.50006693572482], [-147.0126602076726, 64.49905433556893], [-147.0138055953443, 64.49856737502621], [-147.015105406941, 64.49833186797152], [-147.0161641798829, 64.49827816666878], [-147.0178069148272, 64.49808935016681], [-147.0189443092246, 64.49807009560149], [-147.0205331865662, 64.49796101410458], [-147.0214416316574, 64.49738199221945], [-147.0216889478951, 64.49681232582058], [-147.021649419896, 64.4959907820826], [-147.0220011354351, 64.49550137276829], [-147.0217204891615, 64.49487297596589], [-147.0214150526478, 64.49414188845824], [-147.0206801107826, 64.49380869833634], [-147.0193362019435, 64.49351932432654], [-147.0190789516265, 64.49307359208596], [-147.0187150283292, 64.49269594340998], [-147.018565142581, 64.4921592644172], [-147.0184441454074, 64.49147438503637], [-147.0180548050786, 64.49102822631177], [-147.0177490201584, 64.49033138663425], [-147.0174668780319, 64.48979428117624], [-147.0178730800131, 64.48921372214551], [-147.0180897079898, 64.48889495531436], [-147.0174921469754, 64.48825416526938], [-147.0170529793237, 64.48762533665305], [-147.0170045687795, 64.48735136955452], [-147.0169343417615, 64.48680357924275], [-147.0174959093862, 64.48640604360727], [-147.0180020061684, 64.48617942396264], [-147.0184012603806, 64.48600956588874], [-147.0182231990359, 64.48558690400705], [-147.0184655624342, 64.48531385666212], [-147.0189243436818, 64.48473343478155], [-147.0194116503444, 64.48402759911977], [-147.0199512801108, 64.48335608399753], [-147.0203353155425, 64.48250176829609], [-147.0208501028395, 64.48172755926309], [-147.0215197812847, 64.48118194285944], [-147.0219291748634, 64.48038466303659], [-147.0221246280511, 64.47973502304168], [-147.02242557314, 64.47910844893774], [-147.0229086394003, 64.47865363959401], [-147.0234248978234, 64.47777672694527], [-147.0241472514165, 64.47723138392169], [-147.0244221925977, 64.47657055394725], [-147.0248061534254, 64.47570468464272], [-147.025053683866, 64.47510075499547], [-147.024927758444, 64.47471249456224], [-147.0248305063966, 64.47418735282953], [-147.0250493650799, 64.47373169835542], [-147.0258247140536, 64.47316369654536], [-147.0262320977145, 64.47248041883485], [-147.0263209594361, 64.471876000408], [-147.0260164651162, 64.47109927002427], [-147.0256809103687, 64.47060769128574], [-147.0260301326788, 64.47024367981476], [-147.0264577622089, 64.46993699155263], [-147.0274699853767, 64.46942671717696], [-147.0285634529648, 64.46877976413847], [-147.0292289870545, 64.46846236236243], [-147.0302172383292, 64.46778086788795], [-147.0303591285188, 64.4671651886173], [-147.0309536755655, 64.46633417597688], [-147.0316464661646, 64.46594839267075], [-147.0325286533404, 64.46528939939421], [-147.0335973410629, 64.46452825222411], [-147.0343189870283, 64.46399425248072], [-147.034781170716, 64.46315134609644], [-147.0350572860199, 64.46238780045552], [-147.0347782525482, 64.46165687815369], [-147.0342365387431, 64.46084522855656], [-147.0339887328438, 64.46013605645521], [-147.0340835806615, 64.45999621747866], [-147.0344430747049, 64.45946538768109], [-147.0351650378459, 64.45889712740214], [-147.0364437876289, 64.45820508188879], [-147.0376657286919, 64.45772952833192], [-147.0393892833841, 64.45727838364007], [-147.0411107729863, 64.45696402245517], [-147.0425912712101, 64.45685436450569], [-147.0440728393288, 64.45667617947768], [-147.0459530394986, 64.45632811959861], [-147.0480986448159, 64.45588945757956], [-147.0495546526709, 64.45565410792133], [-147.0500646115427, 64.45510797208573], [-147.0498648689751, 64.45434294167147], [-147.0499290668128, 64.45360163897888], [-147.0499915755882, 64.45296295757186], [-147.0504038132524, 64.45189176716275], [-147.0508892788944, 64.45122008039954], [-147.051821793116, 64.45066372032511], [-147.0521692046385, 64.4503795523862], [-147.0526551935385, 64.44966220933767], [-147.0525855596438, 64.44903452680714], [-147.0529107963964, 64.44847646425951], [-147.0534255277238, 64.44759951645779], [-147.0541189032018, 64.44713371982313], [-147.0547351958796, 64.44651945702154], [-147.0551927308763, 64.44593891914788], [-147.055093800477, 64.44549370200328], [-147.0551579604685, 64.44472946075985], [-147.0552782064477, 64.44376010345658], [-147.0556311982784, 64.44309940305848], [-147.0559075833563, 64.44226737740061], [-147.0560766344208, 64.44154911320433], [-147.056326760805, 64.44070562891066], [-147.0568145686121, 64.43985139337128], [-147.057403214394, 64.43930542088152], [-147.0576240796832, 64.43865579340869], [-147.0576863754397, 64.43801710744474], [-147.0580122540013, 64.437390520407], [-147.0585492931801, 64.43677605142847], [-147.0580313309038, 64.43611282197547], [-147.057990510747, 64.43531414332429], [-147.058079014661, 64.43468676721838], [-147.0584815976076, 64.43423164922882], [-147.0588600068039, 64.43361672727747], [-147.0586327868002, 64.43293155024651], [-147.0580587285989, 64.43249637351036], [-147.0569580593744, 64.43200266436969], [-147.0561976660967, 64.43168097962715], [-147.0547786725682, 64.43130043516014], [-147.0541239625485, 64.43097906780045], [-147.0538432412145, 64.43035080024372], [-147.053005630861, 64.429903423658], [-147.0521159538731, 64.42943312536505], [-147.0514361442032, 64.42902045438812], [-147.0509421630262, 64.42855125961583], [-147.0505019709303, 64.42800235890743], [-147.0501133086934, 64.42753341910785], [-147.0486525598798, 64.42645675511442], [-147.0473406130567, 64.4259965644105], [-147.0460327113749, 64.42528539453899], [-147.0450356840965, 64.42494027579305], [-147.0440397440777, 64.42451517009272], [-147.0429464338491, 64.42357639193307], [-147.0430344831394, 64.42300621557837], [-147.043597461058, 64.42241465433062], [-147.0450026852839, 64.42192825000258], [-147.0456134031493, 64.42165621829892], [-147.0463300118235, 64.42136172986181], [-147.0469201649035, 64.42071310266896], [-147.0476717941174, 64.41984829856591], [-147.048292968273, 64.41889179176813], [-147.0486707950486, 64.41832247175066], [-147.0487311156182, 64.41782066592012], [-147.0491887483797, 64.4172058882086], [-147.0487754260736, 64.41663425763969], [-147.0476521006713, 64.4159464899809], [-147.0462865729129, 64.4155659926109], [-147.0461341368771, 64.4152003968987], [-147.0452743158025, 64.41453619851248], [-147.0442554862588, 64.41391710527424], [-147.0431528665127, 64.41360582014913], [-147.0416021687136, 64.4133045782997], [-147.039706726902, 64.41310500587451], [-147.0386550269346, 64.41291930351842], [-147.0379725737996, 64.41273474833815], [-147.036869283902, 64.4124689930272], [-147.0361369605984, 64.41209029922892], [-147.0347980058872, 64.41174401805361], [-147.0335411084965, 64.41119261019652], [-147.031995223138, 64.41058325457841], [-147.03123936535, 64.41003333421376], [-147.0306114696925, 64.40973479106482], [-147.0294226456283, 64.40989087739429], [-147.0291773893836, 64.41039212453587], [-147.0298506684379, 64.41115856224759], [-147.0308965325114, 64.41170938460796], [-147.032493249902, 64.41243290306693], [-147.0339079694266, 64.41300765995909], [-147.0346931422131, 64.41337510516541], [-147.0334281272237, 64.41333709922792], [-147.0324304262227, 64.41307165409653], [-147.0316983180338, 64.41269293816339], [-147.0300455637259, 64.41217451829088], [-147.0287087245474, 64.41166836824813], [-147.027635131527, 64.41122023043191], [-147.0264002748166, 64.41096544781185], [-147.0252717878746, 64.41064249182347], [-147.02346215808, 64.41005507132897], [-147.0224368706732, 64.40988071632141], [-147.0214351778612, 64.40986623721187], [-147.0201176578301, 64.40983929798962], [-147.0202446802532, 64.4101363386157], [-147.0212972859842, 64.4102536604013], [-147.0221366841011, 64.4105072963724], [-147.0234746275047, 64.41092213190242], [-147.024104892449, 64.41107243338381], [-147.0250728695617, 64.41153178873968], [-147.0263067850193, 64.41185502142335], [-147.0270940680886, 64.41208562940012], [-147.0286151728822, 64.41259227290611], [-147.0295842375185, 64.41299455370687], [-147.0306855654308, 64.41337437967502], [-147.031287351784, 64.41366146021886], [-147.0326509854945, 64.41413332460516], [-147.0337312543197, 64.41418225939836], [-147.0347845393777, 64.41426530174107], [-147.0363148431021, 64.41420149144864], [-147.0380556377622, 64.41416106084712], [-147.0392934077962, 64.41425600525372], [-147.0401853367517, 64.41454392708877], [-147.0412631548589, 64.41475247304867], [-147.0426559904564, 64.41505324977636], [-147.043231130483, 64.41537439819302], [-147.0442754154612, 64.41605060878176], [-147.0446369892067, 64.41654221430943], [-147.0450505266635, 64.41709106803938], [-147.0454341933498, 64.41786803433081], [-147.0455843493339, 64.4183932236359], [-147.0453380837207, 64.4189743304218], [-147.0445877686592, 64.41973650100287], [-147.0438923241624, 64.42038478284206], [-147.0430952563337, 64.42077028958506], [-147.042325133611, 64.42111028095529], [-147.0415519015073, 64.42165558515859], [-147.0407513444855, 64.4222578637862], [-147.0405302286518, 64.42291893506821], [-147.0409132196037, 64.42373009528808], [-147.0410912288146, 64.42415273329152], [-147.0417409895777, 64.42478209746744], [-147.0423923224221, 64.42530883707246], [-147.0431725461341, 64.42601850453197], [-147.0439804241049, 64.42665979440373], [-147.0448450789897, 64.4270502433875], [-147.0456041149947, 64.42742895834222], [-147.0464407559992, 64.42792202776286], [-147.0473818126365, 64.4284837914213], [-147.0477173910794, 64.42896392926862], [-147.0474710758778, 64.42954503879002], [-147.0478821225249, 64.43027641185517], [-147.0483471253017, 64.43091668604242], [-147.0489431093211, 64.4316371889746], [-147.0493248042467, 64.43256234210163], [-147.0492865595744, 64.4333380410373], [-147.0496717898715, 64.43403508785266], [-147.049819683539, 64.4347200849449], [-147.0500523274164, 64.43504014542496], [-147.0501991702355, 64.43579358094446], [-147.049975571282, 64.43661425798415], [-147.0494629214908, 64.43736578498334], [-147.0486262382418, 64.43685001850312], [-147.0482138723875, 64.43620987546005], [-147.0475635421404, 64.4355919351444], [-147.0469926744149, 64.43496279288486], [-147.0465268613887, 64.43436816522086], [-147.0465605849539, 64.43388908465894], [-147.046622203576, 64.43330744763553], [-147.0464483304456, 64.43259959356386], [-147.0458015062966, 64.4317648606545], [-147.0461035174734, 64.43098996211307], [-147.0457978407291, 64.43028170727327], [-147.0444374983862, 64.42953613684011], [-147.0433106576417, 64.42904225979576], [-147.0415768244419, 64.42856935062605], [-147.0401285750237, 64.42840530941078], [-147.0389957756587, 64.42829924413869], [-147.0379190176784, 64.42799938107142], [-147.0370563184462, 64.42749480205549], [-147.036510813651, 64.42695698608648], [-147.035993414024, 64.42630507230257], [-147.0350766654194, 64.4258916482808], [-147.0335570743494, 64.42523672714798], [-147.031377567054, 64.4246254510882], [-147.0297990446344, 64.4243696677209], [-147.028429523629, 64.42423997179691], [-147.0275865997064, 64.42416890039922], [-147.0267198854932, 64.42393808932613], [-147.0262235204861, 64.42363994504424], [-147.0259939799924, 64.42314863898581], [-147.0262636874152, 64.42278441801933], [-147.0270131311929, 64.42209078025574], [-147.0280002555277, 64.42138658143811], [-147.0279315739484, 64.42073594933811], [-147.0276831910799, 64.41977689923806], [-147.0265864507626, 64.41908896588603], [-147.0255161309059, 64.4184125609232], [-147.0243888077142, 64.41800976534797], [-147.0232357953408, 64.41754984715757], [-147.0217416827719, 64.41699764100011], [-147.0201370119297, 64.41676447239384], [-147.0183797939937, 64.41617712958313], [-147.0166440895889, 64.41589784776416], [-147.014376590081, 64.41589073605014], [-147.0127679127469, 64.41590845378114], [-147.0114744712756, 64.41599559748146], [-147.0104196905274, 64.41599222105897], [-147.0091053859536, 64.41574847250668], [-147.0079298341185, 64.41550058815155], [-147.0053183679194, 64.41515446920538], [-147.0039570084368, 64.41457965632196], [-147.0022590684679, 64.41363860458985], [-147.0016368256798, 64.41300913819269], [-147.0009347163232, 64.41243642013076], [-147.0000787941222, 64.41160074994576], [-146.9989047100692, 64.41087820610989], [-146.9969108583889, 64.41030126320851], [-146.9956241498995, 64.41001181760166], [-146.9942064282169, 64.40966486997624], [-146.9929481960496, 64.40924999219624], [-146.9908244206905, 64.40858121846884], [-146.9890893018942, 64.40831307856459], [-146.9874325559389, 64.40807932804955], [-146.9860384055463, 64.40790358425258], [-146.9846781614104, 64.40730573028068], [-146.9827377319598, 64.4067173530552], [-146.9812432530217, 64.40626735559802], [-146.9799570767797, 64.40596637841892], [-146.9770637342214, 64.40561420460224], [-146.9752491999157, 64.4053798507613], [-146.9730153985133, 64.40500712371205], [-146.9715983905424, 64.4046599577181], [-146.9699936018424, 64.4044946797368], [-146.9684397105754, 64.40442084295834], [-146.9662569359622, 64.40415079251116], [-146.9643930197327, 64.40374493874457], [-146.9634032932925, 64.40310264947549], [-146.9625968916817, 64.40251795947704], [-146.9610959764653, 64.40100669546231], [-146.9600532081245, 64.40038693719764], [-146.9583708325818, 64.4001642457537], [-146.9587974664555, 64.40131812331617], [-146.9575944971068, 64.40081180376794], [-146.9560820366719, 64.3999507643441], [-146.953123155871, 64.39892481016498], [-146.9505256297207, 64.39832219564994], [-146.9487110598925, 64.39812169622377], [-146.9470548881776, 64.39791035190555], [-146.9455493333294, 64.39809887208256], [-146.9439662739423, 64.3982072200964], [-146.9430314421137, 64.39747358644516], [-146.9425952355452, 64.39685592264732], [-146.9431646048892, 64.39601377942914], [-146.9438663504802, 64.39513786943091], [-146.9446788776442, 64.39397714182917], [-146.945902367133, 64.39336546983827], [-146.9473136677842, 64.3925833826058], [-146.9494575655322, 64.39205492897597], [-146.951524823795, 64.39140064102176], [-146.9529803046759, 64.39105215654601], [-146.9541745262543, 64.39058867825271], [-146.9544251212019, 64.39127410150495], [-146.9559389744198, 64.39061781426601], [-146.9562714250601, 64.38974048348166], [-146.9549720922162, 64.38877753438254], [-146.9546405107728, 64.38818309376981], [-146.9537585353573, 64.38746115849706], [-146.9527243045896, 64.386419247796], [-146.9522092749323, 64.3857899714458], [-146.9511148283018, 64.38515851660608], [-146.9499664743022, 64.38459532717417], [-146.948924960821, 64.38395270019193], [-146.9473663575972, 64.38280618167988], [-146.9455378771539, 64.38201232739912], [-146.9444410801283, 64.38151777313976], [-146.9433996189881, 64.38088650088919], [-146.9428076700561, 64.38016556615814], [-146.9437424238603, 64.37948447716745], [-146.9446739239303, 64.37896304762911], [-146.9461324613824, 64.37840931451579], [-146.9490975792417, 64.37757579829344], [-146.9504769887276, 64.37703309469408], [-146.9511210787335, 64.37638516078017], [-146.9514790648501, 64.37555357172835], [-146.9519676647708, 64.37476811617142], [-146.9525223233582, 64.37326417976269], [-146.9527184650033, 64.37262594344908], [-146.9525037458052, 64.37143866455294], [-146.951663673269, 64.36990685284866], [-146.9510155791854, 64.36936831354916], [-146.9499729239498, 64.36881691985815], [-146.9489351888304, 64.36801455226147], [-146.9478139004151, 64.36745142738646], [-146.9461925178943, 64.36688656758902], [-146.9451214618186, 64.36646053936386], [-146.9440508247762, 64.36601164137026], [-146.9424301850313, 64.36541248375912], [-146.9399499434724, 64.36573427853578], [-146.9381610242056, 64.36568207735658], [-146.936716310721, 64.36553980462254], [-146.9341913223493, 64.36545055343623], [-146.9326656402408, 64.36539928521778], [-146.9309053831947, 64.36523299234707], [-146.9292232617954, 64.36511258724728], [-146.9277786543446, 64.36495883222759], [-146.9264133424612, 64.3647940025291], [-146.924740151395, 64.36421726442691], [-146.923169820666, 64.3637777336021], [-146.9217012384922, 64.36349834840067], [-146.9201272104016, 64.36325277992376], [-146.9186088307688, 64.36284770535974], [-146.9158539132113, 64.36241500573648], [-146.9145984072993, 64.36203371084441], [-146.9133684500901, 64.36168667665284], [-146.912218417277, 64.3612943233259], [-146.9102079463991, 64.36049932842387], [-146.9086678102435, 64.35988867245841], [-146.9080519629762, 64.35911046150471], [-146.9076474892616, 64.35829885980814], [-146.9073043860788, 64.35705394468577], [-146.9071121589122, 64.35615190891258], [-146.9085693747707, 64.35565559185122], [-146.9107180046944, 64.35609754424013], [-146.9121671870423, 64.3573009958325], [-146.9133700562335, 64.35767073949295], [-146.9133933957793, 64.35650713791928], [-146.9151836845576, 64.35645694651575], [-146.9137161184531, 64.3561660871729], [-146.912621539972, 64.3556370375865], [-146.9114226165037, 64.3550733663233], [-146.9096502211944, 64.35424498515478], [-146.9085031738528, 64.35372719308344], [-146.9073309178327, 64.3531521839838], [-146.9062247416404, 64.35191567616593], [-146.9056674084625, 64.35086388113429], [-146.9056056792314, 64.3500194126054], [-146.9038708031461, 64.34995558014431], [-146.9051726948708, 64.34932172775578], [-146.905920514832, 64.34876565230397], [-146.9068254040093, 64.3482443704258], [-146.9083713860597, 64.34724639389037], [-146.9093346072398, 64.34644012794188], [-146.909977538524, 64.34586073705705], [-146.9112905985796, 64.34465645941816], [-146.9107775023919, 64.34401556672474], [-146.9104307897126, 64.34295318396488], [-146.90997271588, 64.34219845215375], [-146.9095385390881, 64.34155782384686], [-146.9084215838014, 64.340868986623], [-146.9073046076959, 64.34020292944031], [-146.9059443588164, 64.33984391360018], [-146.9046083340769, 64.33959906469934], [-146.9027678219777, 64.33958043326444], [-146.9011206608153, 64.33911760387606], [-146.8996055376309, 64.33863242529958], [-146.899382258378, 64.3379813250269], [-146.8982449713615, 64.33702981149152], [-146.8967449116927, 64.33582588823442], [-146.8959942299178, 64.3352524796429], [-146.8957983580071, 64.33455574212334], [-146.8956548303061, 64.33387065641737], [-146.8949606866465, 64.33311489959706], [-147.3530899574807, 64.33301924263509], [-147.4367716555917, 64.33284735982079], [-147.8019961342264, 64.33313654739126], [-147.9791303877828, 64.33294942684584], [-147.9798581950619, 64.33326591224808], [-147.9813064898425, 64.33386804365269], [-148.0007228474407, 64.33483351117192], [-148.0061433438863, 64.3358616898842], [-148.0078966225853, 64.33623495653875], [-148.0093291642227, 64.33649682472256], [-148.0114468848574, 64.3367871096143], [-148.0140725540529, 64.33725558972051], [-148.0163002736942, 64.33764760297903], [-148.0183134870677, 64.33795005651366], [-148.019714449622, 64.33808647301693], [-148.0223219254422, 64.33814410871499], [-148.0247980505829, 64.33820283701552], [-148.026168966611, 64.33825963388118], [-148.0278370450936, 64.33849636794439], [-148.029490207319, 64.33897300743756], [-148.0308093779559, 64.33963511386068], [-148.0317681051149, 64.33988936202758], [-148.0329792020047, 64.34048391067013], [-148.0339869905402, 64.3412399350126], [-148.0346141497768, 64.34172536855908], [-148.0353932513507, 64.34208386155551], [-148.0368569140992, 64.34243648110684], [-148.0388769781625, 64.34229344755354], [-148.0407483681522, 64.34177502282647], [-148.0416009966211, 64.34142519087692], [-148.0429069864695, 64.34120843403211], [-148.0443972345029, 64.34157211145396], [-148.0450907609162, 64.34235367896436], [-148.0456980738424, 64.34297610074819], [-148.046432227893, 64.34349483473015], [-148.0471912147456, 64.34397905422945], [-148.0477135530374, 64.34446525537152], [-148.0493954319047, 64.34498705063706], [-148.0499956293677, 64.34544982205823], [-148.051593569152, 64.34585816511685], [-148.052856504673, 64.34584711611421], [-148.0540352203823, 64.34572270657952], [-148.0559960033906, 64.34543157541668], [-148.0582702096774, 64.34566271750148], [-148.059645042968, 64.34636967620025], [-148.0601993383462, 64.34696977903349], [-148.0608695329566, 64.34780849443258], [-148.0613921882486, 64.34829471955624], [-148.0618600293945, 64.34873575775134], [-148.0635525035866, 64.3494741992098], [-148.0645703039589, 64.34985315844665], [-148.0655620282639, 64.3502325943315], [-148.066473088889, 64.3505783502147], [-148.0673926070948, 64.35110673518682], [-148.0677048223323, 64.3515947643545], [-148.0681259667808, 64.35216176823965], [-148.0678309239279, 64.35318025186668], [-148.0674845446681, 64.35366270954745], [-148.0671194101247, 64.3543050608027], [-148.0670152041545, 64.35489956300346], [-148.0673833668664, 64.35545563244226], [-148.0679571937716, 64.35590712904072], [-148.0692948850376, 64.35636320166103], [-148.0712059433945, 64.35668869526538], [-148.0727309285154, 64.35664093578755], [-148.0742921420899, 64.35623897145088], [-148.0757331293892, 64.35551842915017], [-148.0768184218551, 64.35507508052919], [-148.0784984598087, 64.35496877651512], [-148.0798723178254, 64.35562990161405], [-148.0803512296098, 64.35629908003038], [-148.0806218066927, 64.35701574202247], [-148.0807133541565, 64.35784819309634], [-148.0813658738911, 64.35828751611555], [-148.0827164311326, 64.35900598577076], [-148.0836547364875, 64.35936275827463], [-148.0854877447124, 64.35970018704192], [-148.0867216254034, 64.35962061796754], [-148.0881877302167, 64.35943624088705], [-148.090097527859, 64.35972723976359], [-148.0916441878711, 64.35957634251908], [-148.0931474742897, 64.35961984469576], [-148.0945984724222, 64.36023453042], [-148.095207929128, 64.36086828079331], [-148.0970228912723, 64.36137692942037], [-148.0987721960594, 64.3616121859121], [-148.100241233745, 64.36204398466866], [-148.101584715928, 64.36260250467855], [-148.1024944732031, 64.36290246849444], [-148.1045095559484, 64.36318094780292], [-148.1057693724327, 64.36308955467872], [-148.1074844914944, 64.36315381120869], [-148.1082692115721, 64.36359179865032], [-148.1072588030347, 64.36394342977604], [-148.1057228486107, 64.36432268973395], [-148.1057243385296, 64.3649048102559], [-148.1058386237706, 64.36564569247734], [-148.1063287541968, 64.36653158935287], [-148.1062120935328, 64.36740015256488], [-148.1063198776766, 64.36800404199752], [-148.1074149160986, 64.36886162541701], [-148.1092584810172, 64.3694040973842], [-148.1109190469505, 64.3694231460535], [-148.1121265274266, 64.36933224328364], [-148.1137815618107, 64.36978507021823], [-148.1139149063789, 64.37036604313646], [-148.1134167695362, 64.37096408747469], [-148.1124120805367, 64.3714412814627], [-148.1112258157088, 64.37142924428264], [-148.1096157251187, 64.37136408717937], [-148.1073826806204, 64.3714985907839], [-148.105603969667, 64.37176586980758], [-148.1043878881157, 64.3722335726397], [-148.103348011344, 64.37252834463767], [-148.1021024711374, 64.37292780254909], [-148.1013856671511, 64.37336798174277], [-148.1016030969381, 64.37406221527232], [-148.1026158344241, 64.37430420839546], [-148.1038915304175, 64.3745323063063], [-148.1050518421824, 64.37510393870318], [-148.1051228575675, 64.37603923909566], [-148.1043588354285, 64.37659403799461], [-148.1033209668534, 64.37693452293426], [-148.1021276728931, 64.37733343978947], [-148.1020221328214, 64.3784415886126], [-148.1027299867159, 64.37891459133539], [-148.1046623400673, 64.37909106262921], [-148.1066280156092, 64.37941562053797], [-148.1083632999465, 64.37933128373737], [-148.1092968752033, 64.37901456356919], [-148.1102256030855, 64.37859509306065], [-148.1113669705391, 64.37821951509248], [-148.1130556395882, 64.37826104751538], [-148.1141751346906, 64.37852479658922], [-148.1157090623796, 64.37918415973121], [-148.1171199368209, 64.37947941679077], [-148.1185457106757, 64.37953479783097], [-148.1196839275218, 64.37963845648409], [-148.1205983828191, 64.38001826585375], [-148.121155615665, 64.38064084242927], [-148.1205520351118, 64.38123993607944], [-148.1198879410162, 64.38167980316017], [-148.1191707321619, 64.38210867652754], [-148.1186652815265, 64.38255850295822], [-148.1177716374108, 64.3831602362124], [-148.1166277970308, 64.38349037297309], [-148.11524035018, 64.3836856782416], [-148.1141387225326, 64.38434638798317], [-148.1138411379919, 64.38528514417209], [-148.115206875624, 64.38572920049133], [-148.1165489966923, 64.38623054903678], [-148.1178049937893, 64.3865842515846], [-148.1194056943525, 64.38698045641038], [-148.120608027028, 64.38731182690888], [-148.1219667339552, 64.38760751159627], [-148.1243286811654, 64.38792814562686], [-148.1260483489936, 64.38751273457967], [-148.1272398239885, 64.38707945140628], [-148.1282563520269, 64.38684174353824], [-148.1295624808333, 64.38713783594314], [-148.1300845125354, 64.38811465075175], [-148.1299509618184, 64.3886180424073], [-148.1292693794634, 64.38924078361134], [-148.1286310846841, 64.38966902184623], [-148.1279673102227, 64.39065679423554], [-148.1285466550498, 64.39118786219994], [-148.1303885138312, 64.39165024855365], [-148.1332358267894, 64.39164660240439], [-148.1344313392359, 64.39129307329823], [-148.1355971618647, 64.39087131657172], [-148.1372643690484, 64.39045625371429], [-148.1390080897231, 64.3899948482805], [-148.1403988950612, 64.38985627156694], [-148.142055430479, 64.38977229861275], [-148.1434079415481, 64.3899307930088], [-148.1444586692345, 64.39038894473461], [-148.1444940278134, 64.39110777216297], [-148.1435009812781, 64.39182476223064], [-148.1425511099869, 64.39234731542875], [-148.1409556691775, 64.39314977352126], [-148.1399827280242, 64.39374100966378], [-148.1391774312226, 64.39452473778545], [-148.1391060677057, 64.39522167561513], [-148.1395815364291, 64.39577651932436], [-148.1410070939383, 64.39634537534646], [-148.1425790103375, 64.39667303508202], [-148.1441083203186, 64.39667016867917], [-148.1456349099006, 64.39661018224552], [-148.1473677889243, 64.39645696150056], [-148.1485544946495, 64.39645716685015], [-148.1496667216132, 64.39654947877828], [-148.1507670846491, 64.39693860384916], [-148.1511347815577, 64.3974374249599], [-148.1512279596445, 64.39825835889502], [-148.1508629107116, 64.39887820419811], [-148.151310747514, 64.39939904103746], [-148.1528336836296, 64.39979557127353], [-148.1539604593277, 64.39964798704845], [-148.1552635044562, 64.39880240058258], [-148.155895947301, 64.3982599880799], [-148.1567236501992, 64.39793255244189], [-148.1578034708084, 64.39737447515344], [-148.1600546584036, 64.39703350894321], [-148.1623344755327, 64.39727441759918], [-148.1645793827657, 64.39786949647893], [-148.1661773385666, 64.39818522995195], [-148.1673808954929, 64.39851628699454], [-148.168819153785, 64.39879929516432], [-148.1710998514245, 64.39905153125119], [-148.1737160210852, 64.39915202419479], [-148.1750935338687, 64.39927584335142], [-148.1762964117155, 64.3995952908801], [-148.1773784868362, 64.40013280450846], [-148.1766370065689, 64.40059648895328], [-148.1758135598692, 64.4010039207409], [-148.1748026497277, 64.40135601611992], [-148.1740604333331, 64.40180822365498], [-148.1737177820808, 64.40233670998681], [-148.1735447168853, 64.40309160751889], [-148.1734570286681, 64.4039713959344], [-148.1731979116663, 64.40459023180934], [-148.17226025956, 64.40535255700374], [-148.1716973125383, 64.40622547619436], [-148.1728942265882, 64.40694451207183], [-148.1746946794291, 64.40707569286508], [-148.1758411249892, 64.40731582722054], [-148.177537481705, 64.40799583069423], [-148.1770188610488, 64.40922219717572], [-148.1762038482119, 64.40980071782269], [-148.1749712689789, 64.41047454915444], [-148.1742846125853, 64.41098336336566], [-148.1732870532772, 64.41160927676069], [-148.1728845204714, 64.41252627998406], [-148.1732785142256, 64.41301336913799], [-148.1739343149396, 64.41346366339184], [-148.1752078321951, 64.41359985951743], [-148.1763075580796, 64.41342945830087], [-148.1782424717452, 64.412554860432], [-148.1802178970929, 64.41196517134424], [-148.1818697274305, 64.4117552210918], [-148.184082120661, 64.41167682122754], [-148.1855993282701, 64.41089739190949], [-148.1862652129344, 64.4105029427307], [-148.1875653968638, 64.41012512522913], [-148.1887296527589, 64.4101937125611], [-148.1900724838039, 64.41066013621725], [-148.1912341314662, 64.41118536379697], [-148.1917270013466, 64.4120595001761], [-148.191348608399, 64.41291930960202], [-148.1905245161766, 64.41331535824544], [-148.1893509800576, 64.41358924639428], [-148.1879156399126, 64.41389987084425], [-148.1866121386936, 64.41422066477989], [-148.1857611048698, 64.41460558138601], [-148.1851334988713, 64.41523939650033], [-148.1847363852216, 64.41573408656616], [-148.1846924721785, 64.41643075639932], [-148.1852840260517, 64.41716700089279], [-148.1860446961029, 64.41759345800084], [-148.1871399709402, 64.41785678526966], [-148.188919205066, 64.41755426819945], [-148.1904950782193, 64.4174020367644], [-148.192671957701, 64.41765486284451], [-148.1938518244104, 64.41802008893575], [-148.1948053907632, 64.41860440087109], [-148.1952406634359, 64.41937635930584], [-148.1943348947267, 64.41972758313763], [-148.1931806741184, 64.41986437366792], [-148.1916898478222, 64.41961628363069], [-148.189339795335, 64.41959334703849], [-148.1882256227939, 64.42000363943811], [-148.1875101441268, 64.42046716507534], [-148.1874447411681, 64.42125532223741], [-148.188126338083, 64.42168255535722], [-148.1894024533131, 64.42186426651223], [-148.190532913844, 64.42177335533435], [-148.1917865045503, 64.42151013299959], [-148.1931454687908, 64.42124582353387], [-148.194811543325, 64.42130955420846], [-148.1961570247848, 64.42181016481891], [-148.1970080239998, 64.42245249760904], [-148.1971480521943, 64.42312458816741], [-148.1960766745585, 64.42385411304443], [-148.1948810466693, 64.4242196088456], [-148.1942928529275, 64.42459052508103], [-148.1942594197342, 64.42496759141311], [-148.1949120335167, 64.42533790390914], [-148.1957890497203, 64.42545494604228], [-148.1969563093566, 64.42556917780514], [-148.1981472720758, 64.4256260812986], [-148.199386777711, 64.42560258812355], [-148.2011835721201, 64.4256306998353], [-148.2020757854127, 64.4255306934296], [-148.2030447234747, 64.42537285402989], [-148.2048633351367, 64.42532082464056], [-148.2063450329978, 64.4253861585478], [-148.2073318824339, 64.4255820742517], [-148.2078693648378, 64.42577079690989], [-148.2087316838638, 64.42610484388103], [-148.2092493830787, 64.42641937195614], [-148.2097392310959, 64.42669994023701], [-148.2101080584685, 64.42719853803129], [-148.2108212495517, 64.42823026695172], [-148.2112076096498, 64.42905970985434], [-148.2119829725406, 64.42975978178345], [-148.212502128189, 64.43009715198895], [-148.2130810834513, 64.43057084968538], [-148.2138401953822, 64.43095144989097], [-148.2147875566552, 64.43139871797484], [-148.2155237308059, 64.43184809460877], [-148.2159714787825, 64.4323344828674], [-148.2165181048995, 64.43269440367555], [-148.2173800651041, 64.43301686178744], [-148.2185837321946, 64.43331317587278], [-148.2197831969488, 64.43352967106257], [-148.2205382499577, 64.43383035372321], [-148.2220436665486, 64.43434058030162], [-148.2229995874019, 64.43494748743542], [-148.2238247536859, 64.4355785630641], [-148.2243441620275, 64.43591581718799], [-148.2249683615385, 64.43624065337991], [-148.2257351029697, 64.43675810054519], [-148.2266779270948, 64.43711401851576], [-148.2281555708523, 64.43759022851329], [-148.228816435829, 64.4381086917984], [-148.228906297584, 64.43881551002528], [-148.2283056811701, 64.43944928468271], [-148.2272681807423, 64.43981342613826], [-148.2262427401664, 64.43990351914105], [-148.2251628573873, 64.43995987132283], [-148.2239681634996, 64.43984616113299], [-148.2235232040179, 64.43941682530328], [-148.2229331959779, 64.438737840541], [-148.2231416525953, 64.43817638877012], [-148.2235125374755, 64.43769328169488], [-148.2235421972682, 64.4372479370362], [-148.2229904686026, 64.43679677044113], [-148.2223480491262, 64.43663183916098], [-148.2215988279814, 64.43644522179243], [-148.2202777281706, 64.43643546288747], [-148.2194643236362, 64.43653485047457], [-148.2182743705008, 64.43701451874777], [-148.2174839175377, 64.4375588021218], [-148.2169767051116, 64.43796332517617], [-148.2165095214267, 64.43862998555078], [-148.2161090933066, 64.43905626605454], [-148.2156946055797, 64.43972241399842], [-148.2151367826033, 64.4401730788419], [-148.2144188733986, 64.44059102379241], [-148.213121502072, 64.44103756905933], [-148.2117093482886, 64.4413139653187], [-148.2108164878603, 64.44141403230635], [-148.2099552013021, 64.44161654278582], [-148.2094073282967, 64.44226112490868], [-148.2097231179277, 64.44274883803241], [-148.2104848766169, 64.44317509156102], [-148.2113415448215, 64.44339499453986], [-148.2124753486038, 64.44334962249258], [-148.2136069526061, 64.4432699990302], [-148.2145771176424, 64.44313486891718], [-148.2154642849861, 64.442920721737], [-148.2163512650383, 64.44270649713707], [-148.2174189392707, 64.44241063278187], [-148.218377390782, 64.44204736465845], [-148.219027500356, 64.44184684995746], [-148.2199462057275, 64.44173504922023], [-148.2205364980822, 64.44191189367228], [-148.2209393828336, 64.44254707950607], [-148.220705663639, 64.44313160218681], [-148.2199162674873, 64.44369868016632], [-148.2194143938717, 64.44420587553351], [-148.2187574808832, 64.44478309663798], [-148.218060637898, 64.44509810156468], [-148.2170462915294, 64.44540492417126], [-148.2161032703861, 64.44556256358847], [-148.2150231433459, 64.44561884170373], [-148.2141294807672, 64.44570753881163], [-148.2133466997889, 64.44589787720814], [-148.2122543278143, 64.44622824865691], [-148.2110391388651, 64.44674239663391], [-148.2102101179226, 64.4470587461535], [-148.2096633039822, 64.44721249363116], [-148.2088752390627, 64.44730006893484], [-148.2081069980796, 64.4472619768961], [-148.206932727844, 64.44703378102622], [-148.206147559143, 64.44666475323662], [-148.2057872519602, 64.44633723231087], [-148.2047192069428, 64.44611939656234], [-148.2031537566678, 64.44598635042418], [-148.2021737265463, 64.44593878552634], [-148.2011284481654, 64.44616590627814], [-148.2002654417438, 64.44633411182991], [-148.1990714096033, 64.44623158861211], [-148.1981918777734, 64.44608032195647], [-148.1974271832231, 64.44611059332367], [-148.1967242325245, 64.44631144087255], [-148.195921928377, 64.44663881360418], [-148.1955927036954, 64.44691601752126], [-148.1956078477897, 64.447212623925], [-148.1958084587995, 64.44751889713959], [-148.1960813770752, 64.4476874657825], [-148.1969691110432, 64.44799843902679], [-148.1976099768136, 64.44812916016677], [-148.1986496621704, 64.44831309169562], [-148.1993187593427, 64.4484778359943], [-148.1998684942257, 64.44889477183703], [-148.2003367811966, 64.4492669348078], [-148.2012212734743, 64.44950938804212], [-148.2022558528568, 64.44959062768974], [-148.203526830123, 64.44964669273988], [-148.2047887734251, 64.44952026863113], [-148.205752331777, 64.44924828332815], [-148.2068198737491, 64.44894110389349], [-148.2077897712738, 64.44879462661395], [-148.2085246244914, 64.44869609907998], [-148.2097194713074, 64.44880993543393], [-148.2107883370949, 64.44903919820506], [-148.2114061102216, 64.44923857144747], [-148.2121129638159, 64.44961968683904], [-148.212903519767, 64.4500913480261], [-148.2134465862509, 64.4503713934823], [-148.2146161589525, 64.45050826421397], [-148.2155862398404, 64.45036173410844], [-148.2164993329788, 64.45013589871056], [-148.2169117442604, 64.44993780240091], [-148.2180786117872, 64.45001761564106], [-148.2192047453549, 64.4503375096439], [-148.2199069968502, 64.4506273868817], [-148.2207447104921, 64.45098436386962], [-148.2210099112104, 64.45150680844516], [-148.2209927423184, 64.45219179994048], [-148.2203441496679, 64.45292886575247], [-148.2194127378635, 64.45331463769483], [-148.2180553174547, 64.4536362199883], [-148.2168439839142, 64.45371660822947], [-148.2154728382589, 64.45377581004642], [-148.2140692279618, 64.453721089035], [-148.2130476092746, 64.45389097193512], [-148.212231366517, 64.45445829984149], [-148.2117950572169, 64.45521592619801], [-148.2122764157099, 64.45583901871012], [-148.2129809222735, 64.4561744936215], [-148.213859172403, 64.45629142400873], [-148.2153466210202, 64.45643662099455], [-148.2166974349642, 64.45649184102355], [-148.2180152697551, 64.45642174796805], [-148.2194555345663, 64.45616785466568], [-148.2206457843053, 64.45567671147452], [-148.2215036989138, 64.45540564743428], [-148.2223558330199, 64.45502059512367], [-148.223236018604, 64.45466941815893], [-148.2240423033186, 64.45442170695301], [-148.2253564469974, 64.45428305635603], [-148.2270426509724, 64.45418665243287], [-148.2280618253451, 64.45447318528383], [-148.228699274389, 64.4550375762817], [-148.2286295337198, 64.45572315584464], [-148.2282584984845, 64.45620627495533], [-148.2275529626475, 64.45636163436345], [-148.2263275760655, 64.45668196982042], [-148.2253283968021, 64.45678322895617], [-148.2243768320109, 64.4572834514441], [-148.2237460965878, 64.45786040105376], [-148.2233773241109, 64.45838914472886], [-148.2235236870274, 64.45866164610905], [-148.2238389020964, 64.45912654392562], [-148.2240582643307, 64.45978640801185], [-148.2237026092132, 64.46006389515317], [-148.2228450761291, 64.46034629012794], [-148.2214657118806, 64.46075947068906], [-148.2201949057732, 64.46122856919615], [-148.2201717832162, 64.46179950438777], [-148.2208856977198, 64.46230609509784], [-148.2217063113659, 64.46233229235398], [-148.2225904726303, 64.46204953619257], [-148.2234732612832, 64.46174406800652], [-148.2241295781222, 64.46165766057214], [-148.2249971699895, 64.46156919664799], [-148.2265578286538, 64.4615879515498], [-148.2277773165514, 64.46165578296326], [-148.2291265318688, 64.46167656958166], [-148.2307927537049, 64.46169425038164], [-148.2318801442294, 64.46176337375124], [-148.2335009497315, 64.46191844781336], [-148.2345775409534, 64.46228437356257], [-148.235626575503, 64.46262780503113], [-148.2365531148665, 64.46315503283357], [-148.2377530256198, 64.46385074479429], [-148.2381307616923, 64.46449756728327], [-148.2379813762509, 64.46517257339526], [-148.2369233290164, 64.46566252346582], [-148.2363065487093, 64.46599973026314], [-148.235636279752, 64.46632598787366], [-148.2349793540226, 64.46690327866465], [-148.2344483762055, 64.46736511053804], [-148.2340945756059, 64.46817909091291], [-148.2340026518596, 64.46894477607255], [-148.2342741091098, 64.46958139763225], [-148.2337852477664, 64.46983730810067], [-148.2328903420794, 64.4699146553804], [-148.2321881401303, 64.46963623216233], [-148.2309990480945, 64.46914587554366], [-148.2298217748018, 64.46888369370139], [-148.2283894335782, 64.46879515720084], [-148.2270434435409, 64.46884278276333], [-148.2262726877405, 64.46927269040923], [-148.2258568080341, 64.46991608310981], [-148.226154478326, 64.47055235295458], [-148.2267268709488, 64.47087776421608], [-148.2274368805177, 64.47130436652581], [-148.2286757343315, 64.47173728411576], [-148.2299965492245, 64.47221494233888], [-148.2311251039623, 64.47255759570567], [-148.2323790114574, 64.47276200034158], [-148.2331521076437, 64.47287984700039], [-148.2342159441568, 64.4729948099324], [-148.23549303884, 64.47314186786983], [-148.2366079781977, 64.47322205012958], [-148.2379822852785, 64.4732083609838], [-148.2392948550775, 64.47302402166189], [-148.2404385251471, 64.47264729262521], [-148.2413328817436, 64.47205621160758], [-148.2417941053071, 64.47177764409533], [-148.2426067519384, 64.47164395868971], [-148.2435565444157, 64.47160020248081], [-148.244397452429, 64.47200267963447], [-148.2446638289192, 64.47253647021134], [-148.2443792908308, 64.47315572065162], [-148.24361834192, 64.47376833731806], [-148.2427926241667, 64.47465551054815], [-148.2424774872347, 64.47519517110024], [-148.2415518339976, 64.47569528257414], [-148.2407456004964, 64.47595448139654], [-148.2395662829738, 64.47616028127152], [-148.2376902234622, 64.47669270645017], [-148.2367500356418, 64.477421192035], [-148.2368659560553, 64.47811624209383], [-148.2376250401654, 64.47896483691758], [-148.2385562948424, 64.4795718590991], [-148.2398632952382, 64.48027797828036], [-148.2409401789987, 64.48063246358164], [-148.2421432688495, 64.4808715505585], [-148.2435165777299, 64.4808349555486], [-148.2445333132609, 64.48055080326768], [-148.2453907304198, 64.48025681693585], [-148.2461835796515, 64.47974663160117], [-148.2468959738072, 64.47921440542643], [-148.2481143416564, 64.47874559810806], [-148.2494053798197, 64.47865273964275], [-148.2504401563656, 64.47871078125688], [-148.2516425493526, 64.47893832721167], [-148.2523542046522, 64.47938773738532], [-148.2523010018822, 64.47987909230085], [-148.251588175221, 64.48039995304018], [-148.2506296224175, 64.48127712426582], [-148.2502184621679, 64.48200039137845], [-148.248974959518, 64.48249229363287], [-148.2476588926381, 64.48261969369133], [-148.2462785937906, 64.48253081172915], [-148.2448580870031, 64.48268208316057], [-148.2431605144825, 64.4830985931045], [-148.2418945582875, 64.48367054144988], [-148.2417684767364, 64.48428822707741], [-148.2421911477987, 64.48477482578944], [-148.2434812127721, 64.48565221476119], [-148.2449260435629, 64.48595731850622], [-148.2471156133167, 64.48633484120244], [-148.248474017704, 64.48650381983705], [-148.2510216624256, 64.48664937562336], [-148.2533818497323, 64.4867511947596], [-148.2560238858808, 64.48667889892609], [-148.2575576653791, 64.48666330280307], [-148.2584942581598, 64.48685924608803], [-148.2591749411633, 64.48721764964876], [-148.2599649557159, 64.4876434157288], [-148.2602999662613, 64.48846185551521], [-148.2605187014824, 64.48908741435359], [-148.2617819719333, 64.48945132983232], [-148.26297199771, 64.4894391391703], [-148.2648897221793, 64.48918005169799], [-148.2654876048026, 64.4889798602707], [-148.2661407627532, 64.48882484776736], [-148.2676863479758, 64.4885351775318], [-148.2684783869729, 64.48850423909772], [-148.269770679848, 64.48842251619554], [-148.2712626298244, 64.48861285217814], [-148.2724816344773, 64.48913682145756], [-148.2727277705181, 64.48977352296643], [-148.2723878689995, 64.49033632858439], [-148.2718072352343, 64.4908559240171], [-148.2708417593352, 64.4915963166543], [-148.2709321963485, 64.49229171171588], [-148.2718868398153, 64.49281840990874], [-148.2733459314124, 64.49288343533267], [-148.2747034028218, 64.49253848737334], [-148.2752783805559, 64.4919162197466], [-148.2763559258208, 64.49128878426788], [-148.2773501298966, 64.49059376206185], [-148.2787905609083, 64.49031635699913], [-148.2801706515479, 64.49039354321108], [-148.2814741487547, 64.49051711388466], [-148.2828482255731, 64.49048014809732], [-148.2844082644479, 64.48997328639729], [-148.2850407643104, 64.48944171728112], [-148.2858448105961, 64.48865720197247], [-148.2861689644551, 64.48780908878229], [-148.2873069240465, 64.48732940934511], [-148.2886400220707, 64.48703027339549], [-148.2895977436391, 64.48712312515657], [-148.2905092457964, 64.48734202502999], [-148.2915220760146, 64.48795932821471], [-148.2922617435293, 64.48841970093791], [-148.2932730620121, 64.48852338101956], [-148.2945303197027, 64.48829345411245], [-148.2954845073312, 64.48783833916389], [-148.2957352052278, 64.48710524958173], [-148.2961143628779, 64.48630228510264], [-148.2965067486443, 64.48621824901768], [-148.2969814143458, 64.4861905400011], [-148.2976973326283, 64.48621731460379], [-148.2989407394592, 64.48621583087254], [-148.3001244317724, 64.48656872627956], [-148.3008476596209, 64.48721183094028], [-148.3014003835444, 64.48811928159114], [-148.3016177138297, 64.48869914083133], [-148.3014438941038, 64.48938583078092], [-148.3008695683735, 64.4900082729546], [-148.3001976179961, 64.49078001613732], [-148.2990213187266, 64.49200219236364], [-148.2985996623777, 64.49252027303574], [-148.298372907124, 64.49320749880117], [-148.2985125851748, 64.49382245523543], [-148.2992138516526, 64.49454568055431], [-148.2997203513863, 64.49508828756574], [-148.2995048929121, 64.49598090931501], [-148.2987734790237, 64.49663913629429], [-148.2977070875065, 64.49698122670296], [-148.2965961835043, 64.49699277870788], [-148.295352119665, 64.49699431860356], [-148.2940269977832, 64.49696237273308], [-148.2929202084289, 64.49705377916608], [-148.2915106050222, 64.49741074813554], [-148.2909842812574, 64.49795273553453], [-148.2911125317303, 64.49884174036193], [-148.2920815236724, 64.49961933625394], [-148.2928618757881, 64.49985091790761], [-148.2944624323873, 64.50007403723305], [-148.2953576022616, 64.49998484950743], [-148.2968517381757, 64.4997182671226], [-148.297904461769, 64.49912515317097], [-148.2985943959344, 64.4986727911997], [-148.2987223085155, 64.49811216041552], [-148.2994889646633, 64.49761338644193], [-148.3009205843507, 64.49717615391239], [-148.301707267537, 64.49704237513045], [-148.3026312444948, 64.49699839779717], [-148.3038039776249, 64.496666652029], [-148.304537787706, 64.49605403526166], [-148.305363958002, 64.49568013090096], [-148.3063610190492, 64.49552130182158], [-148.3069675586742, 64.49548070142231], [-148.30841551925, 64.49534005847823], [-148.3088418190788, 64.4953926607525], [-148.3097267825436, 64.49560028430167], [-148.3105399054434, 64.49594558762873], [-148.311772804822, 64.49669747486064], [-148.312288275466, 64.49739972444618], [-148.31262227474, 64.49817248068581], [-148.3133609910851, 64.498585558266], [-148.3145612937397, 64.49876850431103], [-148.3155937104543, 64.49876906152562], [-148.3165933608439, 64.49865579782048], [-148.318108251339, 64.4987654673033], [-148.319450726757, 64.4991051740723], [-148.3200530667895, 64.49946407858029], [-148.3205076048343, 64.50001862605251], [-148.3204287839362, 64.50049884603075], [-148.3198108126534, 64.50081354811259], [-148.3191665737678, 64.50112855634305], [-148.3182074073721, 64.50149247981582], [-148.3172009916881, 64.50195967725185], [-148.3164823177856, 64.50236672734891], [-148.3152126657832, 64.50285949691461], [-148.3143353754768, 64.50326824680346], [-148.3140041432233, 64.50397944270274], [-148.3139338954179, 64.5046194189446], [-148.3143326584877, 64.5051288251611], [-148.3150221330063, 64.50562387115616], [-148.3157054601052, 64.50600478891626], [-148.3169108627376, 64.50625465121992], [-148.3178963297953, 64.50635839824214], [-148.3191149400857, 64.50636844178558], [-148.3203483586618, 64.50617277401363], [-148.3210482783715, 64.50590284593765], [-148.3217412693241, 64.5055074739207], [-148.3223486258988, 64.50501030372469], [-148.3229375088353, 64.50465012200218], [-148.3237946634809, 64.5043557552187], [-148.3248480626621, 64.50425327600234], [-148.3259102216396, 64.50431054816522], [-148.3267542395567, 64.5047239360124], [-148.3269022821829, 64.50547576640163], [-148.3265494753169, 64.50626710569685], [-148.3262234172443, 64.50659015913908], [-148.3256352553363, 64.50696166988618], [-148.3253363305636, 64.5072957994196], [-148.3246278485771, 64.50788550032331], [-148.3245733429194, 64.50833124223773], [-148.3245525437802, 64.50890225721227], [-148.3239971127572, 64.50938742612972], [-148.3231434619128, 64.50975035770752], [-148.3222028403975, 64.5099771663436], [-148.3212131518224, 64.51027293182561], [-148.3204381854854, 64.51062352485873], [-148.320112727732, 64.51095802782426], [-148.3201981233009, 64.51153926489005], [-148.3211505701702, 64.51199722381443], [-148.322584358955, 64.51206199588388], [-148.3235283209084, 64.51189220867515], [-148.3246574943063, 64.51172052918182], [-148.3259510951151, 64.51164977749127], [-148.3270168195666, 64.51176399140716], [-148.3279921583664, 64.51215317777492], [-148.3289021203082, 64.51279417389667], [-148.3297236833137, 64.51327634544371], [-148.3309554152352, 64.51351438848376], [-148.3318907186162, 64.5136643017285], [-148.3329895697529, 64.51389228051363], [-148.3343414338183, 64.51391216991632], [-148.3352866599904, 64.51423313241999], [-148.3355789279553, 64.51472087812233], [-148.3350999430803, 64.51514834245593], [-148.3345541480534, 64.51533672697757], [-148.3333114374242, 64.51537283102876], [-148.3322209412124, 64.51529307353563], [-148.3312796507804, 64.51550854923967], [-148.3308946387027, 64.5157295076972], [-148.3305220445569, 64.51616717061509], [-148.3310009551866, 64.51667581033193], [-148.3314773161106, 64.51713874066523], [-148.3325368093717, 64.51760690968358], [-148.3343807208523, 64.51789548443779], [-148.3356521731497, 64.51789337307858], [-148.336524478205, 64.51786127275236], [-148.3374949920686, 64.51769108254103], [-148.3387269431342, 64.51746108911685], [-148.3395334607061, 64.51720135453812], [-148.3399666386235, 64.51643197105474], [-148.3404644449782, 64.51586734666327], [-148.3413424781171, 64.5154699046625], [-148.3424077456759, 64.51510464499707], [-148.3430816262576, 64.5148463194398], [-148.3441011640886, 64.51460711442999], [-148.3454588051634, 64.5147295606506], [-148.3460050738751, 64.51502049906557], [-148.3472699391521, 64.51537221174075], [-148.3482734293978, 64.51578380114131], [-148.3495828903121, 64.51598657013925], [-148.3509690990472, 64.51614296611633], [-148.3517755603832, 64.51635113677852], [-148.3522638507928, 64.51655134279429], [-148.3534804529088, 64.51698343905326], [-148.3539268557422, 64.51737812494186], [-148.3538619799575, 64.51809799539339], [-148.3533954886972, 64.51874222469347], [-148.3521778999908, 64.51922336334682], [-148.3512906419195, 64.51946111604549], [-148.3504521447634, 64.51961857057657], [-148.348981866403, 64.5198512120731], [-148.3480662621563, 64.52005508999316], [-148.3468949319485, 64.52042150625346], [-148.345892200101, 64.52095738661521], [-148.3452640436506, 64.52155762799407], [-148.3451872854662, 64.52207210521283], [-148.3453390920336, 64.5224129670922], [-148.3460277049243, 64.52287354658485], [-148.3472076790557, 64.52312339984536], [-148.3482758058634, 64.52327185021319], [-148.3495216234084, 64.52328132503534], [-148.3507834987952, 64.5231079380644], [-148.3517962106162, 64.52274309390779], [-148.3527819431415, 64.52237863734612], [-148.3538465938636, 64.5220019792618], [-148.3549502756693, 64.5218416261444], [-148.356109276944, 64.52172648671161], [-148.3569282231357, 64.52168343488952], [-148.358028739686, 64.52193408069418], [-148.3589855328614, 64.52244888861843], [-148.359296357193, 64.52278797641738], [-148.3600347572748, 64.52319090550542], [-148.3612930754521, 64.52341698460064], [-148.3625878730725, 64.52335737305239], [-148.3637405243823, 64.52312797781511], [-148.3644065402341, 64.52273265435882], [-148.3640488260122, 64.52204021824575], [-148.3637659681421, 64.52126709538791], [-148.3642129292703, 64.52074859021874], [-148.3647578831921, 64.52054863345643], [-148.3658380235998, 64.52044561689354], [-148.3667223458296, 64.52061865018851], [-148.3678784218913, 64.52091429168753], [-148.3690433162949, 64.52135821200423], [-148.3696541125836, 64.52184241960008], [-148.3697638459067, 64.52236635458324], [-148.3689938445506, 64.52279700442769], [-148.3679477558416, 64.52349327923108], [-148.3672206641565, 64.52375228570122], [-148.3666122364844, 64.52422693384311], [-148.3659764273529, 64.52469043707006], [-148.3659285543668, 64.52523892154115], [-148.3660203843457, 64.52591132057029], [-148.3668773168927, 64.52652986350661], [-148.3677710310827, 64.5268625702897], [-148.3690307270234, 64.52711143775089], [-148.370119169723, 64.52714528801627], [-148.371326705817, 64.52694951214227], [-148.3723642494867, 64.5265615025812], [-148.3732627635764, 64.52606089390015], [-148.3738547288298, 64.5253010279127], [-148.3734973173386, 64.52462007980218], [-148.3732269318645, 64.5240636768453], [-148.3734134767021, 64.52362785722569], [-148.3736511907161, 64.52315729844062], [-148.3747401330805, 64.52274592574666], [-148.3756310731556, 64.52257637346354], [-148.3775547014668, 64.52285212579844], [-148.3788871902744, 64.52344255228569], [-148.3801323000156, 64.52435353848317], [-148.3804681448999, 64.52511466711212], [-148.3801848312637, 64.52571138947947], [-148.3800556508995, 64.52622645374363], [-148.3793136490339, 64.52713634069737], [-148.378987962891, 64.52791608866], [-148.3800532327145, 64.52846378982063], [-148.3809086321296, 64.52859135321455], [-148.3822242031723, 64.52842859034597], [-148.3832278197403, 64.52791531755477], [-148.3839871277325, 64.5273020614468], [-148.3845038631086, 64.52662292436855], [-148.385287647106, 64.52597509557981], [-148.3862665740258, 64.52549629489103], [-148.3871297578088, 64.52530421566199], [-148.3881987787657, 64.52500703871915], [-148.3891481001383, 64.52492817078657], [-148.3904503086404, 64.52499367570513], [-148.3911911402403, 64.5254306912897], [-148.3923122909807, 64.52602336204744], [-148.3924729260938, 64.526957651603], [-148.3914731403435, 64.52798466146798], [-148.3911721264612, 64.52827321590178], [-148.3919745560424, 64.52975978264614], [-148.3926436038365, 64.53032312147604], [-148.3937177612317, 64.5305624317889], [-148.3947546264454, 64.53061945489259], [-148.3961868846681, 64.53063787505205], [-148.3974357254253, 64.53069257679992], [-148.3978472809678, 64.53077307865945], [-148.3999866728532, 64.53125795089952], [-148.4008995473685, 64.53190995940697], [-148.400568472438, 64.532587023847], [-148.3994827974441, 64.5330556836848], [-148.3982405361261, 64.53311504465741], [-148.3975790546009, 64.53313381798694], [-148.3964953948326, 64.53363662458601], [-148.3956135795545, 64.53396598130844], [-148.3940129677303, 64.53424618169296], [-148.392146591098, 64.53450645038184], [-148.3912521491081, 64.53507565954723], [-148.3908087160966, 64.53565126866428], [-148.3907660680414, 64.53627948748553], [-148.3910921091933, 64.53686952396778], [-148.3913380319263, 64.53744899348052], [-148.3922973291844, 64.53798636115472], [-148.3942454199721, 64.53820461889916], [-148.3955507799676, 64.53831578514115], [-148.3966199234479, 64.53846373430169], [-148.3976118972457, 64.53820163160688], [-148.3984307781652, 64.53770177175498], [-148.3989296810349, 64.53717119707292], [-148.4009949444787, 64.53668029471486], [-148.4021267419839, 64.53654218944133], [-148.4037738400166, 64.53660378482495], [-148.4050337244886, 64.53684095190727], [-148.4060076196823, 64.53717259432231], [-148.4066683062378, 64.53758758132072], [-148.4076162631681, 64.53837611678347], [-148.4081112270358, 64.53912397803329], [-148.408589781473, 64.54004330483167], [-148.408759997704, 64.5406805993167], [-148.4087747287459, 64.54137672812803], [-148.4092284006113, 64.54231915670697], [-148.4105793122729, 64.54319455013284], [-148.4119725959843, 64.54388659880367], [-148.4128929676323, 64.54420746139252], [-148.4138428679375, 64.54457354641897], [-148.415005460553, 64.54494868630708], [-148.4172277868914, 64.54531194273041], [-148.4192045070923, 64.54561650575495], [-148.4207842594825, 64.54625381468034], [-148.4215807322985, 64.54715798061423], [-148.4217010847116, 64.54784162184838], [-148.4205534172806, 64.54860792134313], [-148.4190563103785, 64.54885298225479], [-148.4170856220456, 64.54871518319158], [-148.4155934556621, 64.54859489504352], [-148.4142697668415, 64.54818733613303], [-148.4134022088702, 64.54742086214661], [-148.4119372269202, 64.54686641352785], [-148.410144070016, 64.54658955396208], [-148.4084890261469, 64.54640252278841], [-148.4069863724013, 64.54655619794504], [-148.4055301087386, 64.5470404186472], [-148.4047335148648, 64.54747157991814], [-148.4042600878779, 64.548435719343], [-148.4041884037852, 64.54901863507257], [-148.4050886943602, 64.54944245043168], [-148.4060195193298, 64.54993434623819], [-148.4085206800726, 64.55052299989241], [-148.4101790152642, 64.55075565917076], [-148.4123086495022, 64.55089173492651], [-148.4144800043835, 64.55083327719973], [-148.4165589750116, 64.55055892688864], [-148.4189966342636, 64.55007500816292], [-148.4210930582349, 64.54965205396785], [-148.4226423604474, 64.54939485220578], [-148.4244350696135, 64.54921498257012], [-148.426683745487, 64.54956644900345], [-148.427268358483, 64.55002781557218], [-148.4277701321491, 64.55087833591223], [-148.427711992373, 64.55167803121645], [-148.4268615097342, 64.55253230388183], [-148.4254091983344, 64.55308513334596], [-148.4238468453969, 64.55357070689192], [-148.4214523440153, 64.55433963393614], [-148.4201188852794, 64.5551078651001], [-148.4192040765645, 64.55578022404933], [-148.4191503438635, 64.55665979145668], [-148.4196799064218, 64.55708760257191], [-148.4203862629564, 64.5573650441534], [-148.4218979681444, 64.55780470706405], [-148.422970148273, 64.5579867778263], [-148.4248872132409, 64.55854741604976], [-148.4261428582178, 64.55913824889483], [-148.4265244371449, 64.5597503947993], [-148.4258706957784, 64.56035130405344], [-148.4247300299268, 64.56079788239447], [-148.4232391014623, 64.56115710348548], [-148.4221581671916, 64.56127193377654], [-148.4204048000405, 64.56123456900842], [-148.4183150682047, 64.56089264804395], [-148.4167547746555, 64.56053340824894], [-148.4145664022714, 64.55987292209517], [-148.412960779283, 64.5596397295423], [-148.4117677693945, 64.55965299206838], [-148.4107049947411, 64.56007577553149], [-148.4099958243131, 64.56064302696218], [-148.4103790003119, 64.56128938516835], [-148.4112103916899, 64.5618851349053], [-148.4118269066229, 64.5624376465523], [-148.4127473074036, 64.56274697042419], [-148.4133060816442, 64.56322018259054], [-148.4149337600464, 64.56381842666829], [-148.4162792850029, 64.56413445847488], [-148.4183618557958, 64.56435082667356], [-148.420764228225, 64.56414132431837], [-148.4225657728461, 64.56365311476722], [-148.423854772233, 64.56302219544078], [-148.42523074761, 64.56251592916017], [-148.4273233355804, 64.56201301008174], [-148.4286420191709, 64.56188392849643], [-148.4301060992104, 64.56195885125639], [-148.4319943707554, 64.56247409430289], [-148.4333013528003, 64.5630301078226], [-148.4353821757566, 64.56365725248372], [-148.4371480759218, 64.5638998181862], [-148.4383537917429, 64.56409165409352], [-148.4404541615037, 64.56415916639585], [-148.4418970737931, 64.56432549698044], [-148.4433043405995, 64.56477750974187], [-148.4438636815841, 64.56525053123765], [-148.4440745604983, 64.56610428858535], [-148.4430944268816, 64.56657200937987], [-148.4417244178537, 64.56673598277946], [-148.4400193374856, 64.56706349711692], [-148.4380747094422, 64.56738229821279], [-148.4368651021367, 64.56756723406947], [-148.4359901483637, 64.56802233848347], [-148.4345889789774, 64.56855181514209], [-148.4341941928414, 64.56904708786388], [-148.4345129065395, 64.56993392317754], [-148.4349124879216, 64.57039742914975], [-148.4357698092225, 64.57096985416533], [-148.4360325101979, 64.57136645907339], [-148.4357338250681, 64.5721346034652], [-148.4348358950685, 64.57309223865941], [-148.4334974826456, 64.5733470685734], [-148.4321337976613, 64.57317981029136], [-148.4309086718286, 64.57311376159464], [-148.4293668223249, 64.57307407850926], [-148.4281704984392, 64.57304176965165], [-148.4269835675011, 64.57316927448835], [-148.4253478441223, 64.57333602969108], [-148.423841409263, 64.57388943009605], [-148.4233682314017, 64.57440844083821], [-148.4233779149942, 64.5750133003489], [-148.424032976697, 64.57531416177511], [-148.4250723828606, 64.57582761568099], [-148.4259873332581, 64.57603420088533], [-148.4266139901097, 64.57630113717319], [-148.428141049709, 64.57653509624556], [-148.4298241261494, 64.57671017944159], [-148.4308186369261, 64.57691589068601], [-148.4317901706619, 64.57717887278247], [-148.4326959314927, 64.57767092583441], [-148.4331268061675, 64.57821397988164], [-148.4335869374962, 64.57880233333441], [-148.4350179793672, 64.57919721691574], [-148.4367431037927, 64.57918910686978], [-148.4382052104755, 64.57921824355681], [-148.4378678487146, 64.58022652978255], [-148.4377605174959, 64.58065011752853], [-148.4375534456667, 64.58117753672046], [-148.4377395134826, 64.58162061734039], [-148.4390926276672, 64.58203908793425], [-148.4410670389113, 64.58219936735588], [-148.4426855699636, 64.58218105441496], [-148.4442157051047, 64.58201529077185], [-148.4452052603133, 64.5816958468188], [-148.4462689400543, 64.58128420566445], [-148.447239460377, 64.58109051339066], [-148.4489069410215, 64.58100305360936], [-148.4501441526845, 64.58126294087036], [-148.4510768801977, 64.58175454586578], [-148.4506539671802, 64.58266113928363], [-148.4498716849066, 64.58333216147656], [-148.4489190906305, 64.58382236439896], [-148.4483103738781, 64.58473114162446], [-148.4486934205538, 64.58535461646954], [-148.4494599358684, 64.58616776703154], [-148.4502462667961, 64.5864328174105], [-148.4514103671004, 64.58636248199161], [-148.452769449962, 64.58643829600746], [-148.4546320671227, 64.58649693092264], [-148.4559155492179, 64.58707585226065], [-148.4559922683392, 64.58789680233997], [-148.4546917333823, 64.5883454767204], [-148.4536026156042, 64.58878029360382], [-148.4528615385589, 64.58925674727308], [-148.452385701598, 64.58973014634616], [-148.4523604279791, 64.59018705342726], [-148.4527932844162, 64.59075290015919], [-148.4530456614262, 64.59096687121227], [-148.4537152781842, 64.59106196236115], [-148.4548825207884, 64.5910373021329], [-148.4559587567799, 64.59083089617087], [-148.4576479166194, 64.59065173761692], [-148.4600631316871, 64.59019032556094], [-148.4618261753811, 64.58991899711157], [-148.4648281047359, 64.58949639730353], [-148.465914951027, 64.58946105075196], [-148.4672567316761, 64.58968535051868], [-148.4681492009902, 64.589949031887], [-148.4685658479508, 64.59067483827], [-148.4692715034079, 64.59135159395271], [-148.4703336152176, 64.5917731222128], [-148.4714266063008, 64.59184046180074], [-148.4726790112096, 64.59190590899847], [-148.4736073216008, 64.59188377837211], [-148.4749932490061, 64.5919590487966], [-148.4761773972394, 64.59220800411286], [-148.4778039536313, 64.59273698878275], [-148.4777464190169, 64.59352530764528], [-148.4771138914661, 64.59403491385113], [-148.4762710821726, 64.59458117658693], [-148.4762791971731, 64.59557419199726], [-148.4772599134608, 64.59639616587901], [-148.4781874844214, 64.59721873923836], [-148.4788999795404, 64.59799809689558], [-148.4802855662365, 64.59849572255811], [-148.4814436940512, 64.5987448253494], [-148.482745413436, 64.59874124345102], [-148.4838041487568, 64.59824946175969], [-148.4840608229343, 64.59767566849595], [-148.4838144081162, 64.59713060655456], [-148.4833081582801, 64.59667991382173], [-148.4825213820184, 64.59641503963105], [-148.4818350384666, 64.59605776216543], [-148.4821028675002, 64.59566656922726], [-148.4828378299318, 64.59552096273065], [-148.4841070498003, 64.59542637631175], [-148.4849743195505, 64.59570168166356], [-148.4859840912584, 64.59613509659043], [-148.4869430785282, 64.59660342592069], [-148.4880787514418, 64.59692122784948], [-148.4890859517662, 64.5973089892274], [-148.4897730487607, 64.59767769618753], [-148.4905836103019, 64.59831888671013], [-148.4920527904619, 64.59887254155656], [-148.4932689706992, 64.59920081393828], [-148.495183889166, 64.59965787655383], [-148.4961367487791, 64.60044574966116], [-148.4967972600106, 64.60123709542654], [-148.4981396050072, 64.60230584343721], [-148.4990718995875, 64.6023405703014], [-148.5002344904552, 64.60223560697365], [-148.5007046125592, 64.60210451385328], [-148.5008575729819, 64.60157762282563], [-148.5008755277531, 64.60101806179145], [-148.5012222314715, 64.60061448747103], [-148.5019154450504, 64.60022966610447], [-148.5030995340366, 64.60004453893049], [-148.5039599840985, 64.600205620164], [-148.5043073100026, 64.60023583004067], [-148.5050499566646, 64.60063801768605], [-148.5053141231608, 64.6010344192946], [-148.5054833371391, 64.60161464562682], [-148.5051138342487, 64.60207566524065], [-148.5050492770537, 64.60273841698385], [-148.5048015874858, 64.60344906164958], [-148.5055243445251, 64.60395431181519], [-148.5067522957591, 64.60404259049352], [-148.5078101024958, 64.60396165038902], [-148.5087194991789, 64.60363127754627], [-148.5096056859995, 64.6033582652804], [-148.5104303307726, 64.60337130199453], [-148.5117746035232, 64.6036181193653], [-148.5129544655091, 64.60378683432644], [-148.5141587601569, 64.60349862378054], [-148.5152041919098, 64.60322372390205], [-148.5160703513626, 64.60305366614796], [-148.5172452508873, 64.60314247571876], [-148.5177960224636, 64.60386655505589], [-148.5176073892581, 64.60424545837543], [-148.5172639437108, 64.6046947718373], [-148.5177896624039, 64.60544190157134], [-148.5192424464031, 64.60572150567606], [-148.5203218328424, 64.60556033204918], [-148.5212102204787, 64.60532148998199], [-148.522133794492, 64.605219184176], [-148.5227914798572, 64.60553098960986], [-148.5228715600081, 64.60595242062031], [-148.5221476184766, 64.60669160951912], [-148.5211752794514, 64.60686294299825], [-148.5196530689207, 64.60716639284722], [-148.5189274596258, 64.60746038593442], [-148.51888686824, 64.60807724010165], [-148.5194685358437, 64.60844711852076], [-148.5203873769312, 64.60868735455513], [-148.5215078629461, 64.60875397299175], [-148.5227584372997, 64.60877336187471], [-148.5236821223056, 64.60867104617456], [-148.5249733452785, 64.60849588961494], [-148.525842510305, 64.60837140381751], [-148.5270348587125, 64.60831165624079], [-148.5282574329585, 64.60830842148613], [-148.5293439589873, 64.6082612201983], [-148.5307661214094, 64.60847257772879], [-148.5326750360492, 64.60881504067528], [-148.5345073362429, 64.60920415539562], [-148.5354802039912, 64.60945506039097], [-148.5366996486681, 64.6098171380779], [-148.5375197031421, 64.61017262941311], [-148.5384902931154, 64.6108002847927], [-148.5395989488929, 64.61150619694645], [-148.5400935093987, 64.61217372837899], [-148.5397496888172, 64.61261162974324], [-148.5389259807363, 64.61303247308462], [-148.5386387603545, 64.61352676431868], [-148.5383521775962, 64.61403251825263], [-148.5386173697098, 64.61485118564556], [-148.5393548517631, 64.6155728774523], [-148.5401458333742, 64.61588314614539], [-148.5417426762784, 64.61590964815947], [-148.5428635099931, 64.61597610370548], [-148.5438928683047, 64.61627195163915], [-148.5447148472588, 64.61665017796551], [-148.5457331433321, 64.61695252584528], [-148.5457422039421, 64.61820376765392], [-148.5466828355437, 64.61838031054548], [-148.5484263695382, 64.6184951278421], [-148.5497298204666, 64.61850807637022], [-148.5514038109744, 64.61849050619361], [-148.5527677253648, 64.61847617653366], [-148.5713777931988, 64.61846578419238], [-148.5792593383755, 64.61851489490965], [-148.5793580693083, 64.61273633797951], [-148.5793426297051, 64.6124702630691], [-148.5788980614544, 64.61228862600058], [-148.578380564856, 64.61192145050006], [-148.5754688981091, 64.61197915351639], [-148.574388984113, 64.61153803917162], [-148.5749751115076, 64.61103217720742], [-148.5759688110902, 64.61078018968337], [-148.5771699371938, 64.61085692375178], [-148.5780651605678, 64.61113132127664], [-148.5788504723587, 64.61135012590388], [-148.5797064022058, 64.61143089688825], [-148.5804125389779, 64.61130342069272], [-148.5821181222591, 64.61132140923081], [-148.5828805944704, 64.61159742061362], [-148.5837763457197, 64.61228271954906], [-148.5841104909638, 64.61291793666489], [-148.5846170414413, 64.6133455022188], [-148.5860901195204, 64.61350997913182], [-148.5876603319726, 64.61353634345654], [-148.5891571362428, 64.61365487480877], [-148.5902656610523, 64.61393800760446], [-148.5912207005003, 64.61431440030354], [-148.591745627628, 64.61501570577717], [-148.5921584246853, 64.61562704481997], [-148.5931798483794, 64.61619660046328], [-148.5951774007986, 64.6166514240009], [-148.5971144166608, 64.61659321587277], [-148.5981126470415, 64.61640955774543], [-148.5993301850699, 64.61592646913071], [-148.6001604361423, 64.61561939881535], [-148.6033747166926, 64.61398128431446], [-148.6042893467588, 64.61374165416333], [-148.6053433441338, 64.61360285345715], [-148.6066374247002, 64.61387223065903], [-148.6075452357306, 64.61392948385634], [-148.6085074794195, 64.61360923782586], [-148.6090734451121, 64.61292868088111], [-148.6098693610624, 64.6125078137938], [-148.6110806088593, 64.61233284663285], [-148.6122149320456, 64.61180504230153], [-148.6121221168531, 64.61121254221948], [-148.6121159987723, 64.61072174003347], [-148.6127609289981, 64.61042830972272], [-148.6144224669377, 64.60983678964871], [-148.6154042377898, 64.60941356524428], [-148.6161203720535, 64.60899360875088], [-148.6164965674089, 64.60865788244818], [-148.6174207354477, 64.60856636899953], [-148.619016534815, 64.60858064729719], [-148.6198594184857, 64.60846736306415], [-148.6202614058303, 64.6081198734847], [-148.6206395907118, 64.60741875542034], [-148.6212719406335, 64.6069427817459], [-148.6223369814043, 64.60657550552291], [-148.6227817364304, 64.60567953671838], [-148.6232314113009, 64.60525144252911], [-148.624592193468, 64.6049375878651], [-148.6257778491602, 64.60478564502446], [-148.6265834968771, 64.60451295516732], [-148.6275590077561, 64.6036103139584], [-148.6281078334084, 64.60307824552129], [-148.6296673484814, 64.60216819293154], [-148.6311268359575, 64.60135069666522], [-148.6320437438054, 64.60036874571195], [-148.6330752055463, 64.59951096011963], [-148.6340371493886, 64.59841438177719], [-148.6350219302973, 64.59726033861058], [-148.6354331229708, 64.5966615303257], [-148.6354992866062, 64.59606713166086], [-148.6343095998425, 64.59576244479081], [-148.6327742528904, 64.59545076334665], [-148.6313366197724, 64.59501225360863], [-148.6297146462195, 64.59459892670452], [-148.6286556021928, 64.59425834193095], [-148.6276566010063, 64.59401980626579], [-148.6273747058461, 64.59338410358045], [-148.6280061012363, 64.5928966366101], [-148.6289222646578, 64.59230293840315], [-148.6301616158395, 64.59177360522348], [-148.631682953487, 64.59109239716989], [-148.632947165634, 64.59053989754094], [-148.6345401749057, 64.58974338254883], [-148.6359810517538, 64.5886635406244], [-148.6368795569865, 64.58741933476932], [-148.6376527058812, 64.58667885836095], [-148.6394023184472, 64.58584613838443], [-148.640927311535, 64.58562132636433], [-148.6424648195111, 64.5855790034863], [-148.6444766021573, 64.58587314064525], [-148.6445491212102, 64.58628651797979], [-148.6450255629628, 64.58691642010386], [-148.6459516578272, 64.5876466732492], [-148.6470120530136, 64.58839806913176], [-148.6473934878642, 64.5889297609944], [-148.6483212642715, 64.58968277527438], [-148.6492687039848, 64.59033284513882], [-148.6504033629883, 64.59139147261608], [-148.6507622688923, 64.59236869682772], [-148.6494514718103, 64.59262511106076], [-148.6483048441162, 64.59255983180475], [-148.6467397515788, 64.59259112298786], [-148.6458917939714, 64.59301285349734], [-148.6455036122528, 64.59355437915198], [-148.6453164800886, 64.5943216007754], [-148.644996464183, 64.59486140914093], [-148.6450418464075, 64.59572905220091], [-148.6451872567088, 64.59851334546163], [-148.6452421174383, 64.59956315914735], [-148.6447528424579, 64.60009374928406], [-148.6438834126098, 64.60098378550398], [-148.6429403864718, 64.60196603048449], [-148.642776896619, 64.60268732289192], [-148.642997618406, 64.60319831444946], [-148.6429510398619, 64.60407793569502], [-148.6436995872904, 64.60492459110617], [-148.6445177687554, 64.60562201414137], [-148.6444197361762, 64.60652507622713], [-148.6438399955582, 64.60698917012554], [-148.6425432159851, 64.60746219437054], [-148.6411845202258, 64.6081986108159], [-148.639554829218, 64.60885853898904], [-148.6379087629173, 64.60927892872495], [-148.6369485611126, 64.60962214177684], [-148.6358397954173, 64.61012699080597], [-148.6344462236725, 64.61113776714689], [-148.6331357365896, 64.6118050442676], [-148.6321442001751, 64.61286782061778], [-148.6321258605519, 64.61338176233703], [-148.6326220370644, 64.61403758826994], [-148.6332358365256, 64.61446366111052], [-148.6342337694454, 64.61506753710088], [-148.6350761836345, 64.61559129169495], [-148.6360468076571, 64.61618406151113], [-148.6373358774368, 64.61676145790008], [-148.6388893098089, 64.61731267588723], [-148.6401972912725, 64.61777557589019], [-148.641667969594, 64.61828217054006], [-148.642797014255, 64.61885012299044], [-148.6437026257585, 64.61926099748426], [-148.6445848354455, 64.61971793515131], [-148.6457891332324, 64.62021649973151], [-148.6463358681159, 64.62049121175069], [-148.6468082206767, 64.62072858990383], [-148.6478985133636, 64.6211143665835], [-148.6490069097471, 64.62137427376841], [-148.6502238950078, 64.62166700347245], [-148.6514605309764, 64.62185678479224], [-148.652472870884, 64.62226626724608], [-148.6526781287421, 64.62293726937132], [-148.6522431695964, 64.62358227093716], [-148.6518683521102, 64.6243290969205], [-148.6514841802417, 64.62493911677782], [-148.6506378974189, 64.62540658055035], [-148.6500768772342, 64.62615584886726], [-148.6493508665882, 64.62682725200555], [-148.6487239717731, 64.62778290786835], [-148.6483077845264, 64.62831342388517], [-148.6473898518389, 64.62929548073411], [-148.6468239343673, 64.62981663197674], [-148.6460207460411, 64.63029476301438], [-148.6460195548234, 64.63067153380169], [-148.6460433757333, 64.63141338661822], [-148.6462454377299, 64.63203869731632], [-148.6463778743632, 64.63281338351955], [-148.6458331312983, 64.63341399837908], [-148.6446841038014, 64.63373693087912], [-148.6432800729315, 64.63383460620078], [-148.6411853960076, 64.63395251246992], [-148.6393644515813, 64.63418110032164], [-148.6380751695967, 64.63440289135296], [-148.6358545337169, 64.63462505633504], [-148.6342477923816, 64.63487370878038], [-148.6324827411504, 64.63514717988062], [-148.6311130198246, 64.63535854801526], [-148.6287788619112, 64.63547928734653], [-148.6261795039273, 64.63561474571684], [-148.6239988170231, 64.63564210530609], [-148.6224821076521, 64.6356497926568], [-148.6203749441056, 64.63558482354415], [-148.6186676102573, 64.63552632817611], [-148.6167747549792, 64.6354815335343], [-148.6152558416206, 64.6354548336689], [-148.613979296921, 64.63547083800862], [-148.6127558507446, 64.63548610486103], [-148.6102112051498, 64.63564340456664], [-148.6081466809632, 64.63581756865052], [-148.6066481854899, 64.63609878347434], [-148.6053365488858, 64.63638912951741], [-148.6046633599006, 64.63667150423521], [-148.6041147535821, 64.63722633820981], [-148.6031037270305, 64.63763847031588], [-148.6018703025047, 64.63790506943549], [-148.6006914633779, 64.63819356616504], [-148.5995347932337, 64.6384134333885], [-148.5984853388321, 64.63864338158146], [-148.5972281131164, 64.6389557851768], [-148.5953341694892, 64.6392988738085], [-148.5941331800757, 64.6396562301217], [-148.5935386231151, 64.63992616068488], [-148.5921005747692, 64.64032068646527], [-148.5905455357487, 64.64055675687449], [-148.5887193380499, 64.64031669941224], [-148.5875300761136, 64.64044550134486], [-148.5856728117104, 64.64094791699088], [-148.5835642739596, 64.64127065499201], [-148.581965884053, 64.64125600563206], [-148.5798104193464, 64.64127104258014], [-148.5776566166647, 64.6413088235078], [-148.5762481302011, 64.64134892130816], [-148.5747607970253, 64.64140138924323], [-148.573260028581, 64.64124847929102], [-148.5720127164851, 64.64130932030864], [-148.5701254850445, 64.64135518528809], [-148.5687305506183, 64.64160057298025], [-148.5677004856299, 64.64172723052967], [-148.5661721974562, 64.64197415492501], [-148.5646110722284, 64.6421187684699], [-148.561859286208, 64.64238050379136], [-148.5594547212176, 64.6426608769413], [-148.5580683223222, 64.64304297781774], [-148.556551169138, 64.64304991619905], [-148.5548013632449, 64.64316244278535], [-148.552924294041, 64.64336775150055], [-148.5510027471968, 64.64371062827769], [-148.5493776052234, 64.64410698834983], [-148.5477707998887, 64.644377482838], [-148.5459853776432, 64.6447643069003], [-148.5439572217045, 64.64510835234933], [-148.5424950215086, 64.64555976870145], [-148.540853164262, 64.64611605187481], [-148.5392448641923, 64.64636367466893], [-148.5373879284208, 64.64688826215102], [-148.5349119632501, 64.64772842743773], [-148.5335789086259, 64.64812113615919], [-148.5322200608328, 64.6485254962426], [-148.5304663662868, 64.64900311825829], [-148.5289484992288, 64.6494207838832], [-148.5277453690333, 64.64976614182238], [-148.5267343411403, 64.65020060398743], [-148.525286699505, 64.65046898514544], [-148.5233723638959, 64.65093700206887], [-148.5211170376754, 64.65148893812403], [-148.5190817499085, 64.65215232185649], [-148.5174619617952, 64.6522285815347], [-148.5146850074012, 64.65253541731224], [-148.512537887698, 64.65269782703687], [-148.5106886635288, 64.65251409582645], [-148.5098601317238, 64.65204435271755], [-148.5087584053454, 64.65146372361767], [-148.5081111427786, 64.650911906015], [-148.5073504537817, 64.65024735226378], [-148.5070233737941, 64.64970314757659], [-148.5067263808808, 64.64921569082722], [-148.5058916439809, 64.64864327583633], [-148.5041235304505, 64.648047562401], [-148.5015561939502, 64.64744980077754], [-148.4990630909356, 64.64718217691251], [-148.497002274706, 64.6470122606959], [-148.4954230137608, 64.64688229607664], [-148.494302727991, 64.64684972863701], [-148.4929773341799, 64.64694509786723], [-148.4909040659847, 64.64700351610229], [-148.4889127053583, 64.64709526921898], [-148.4879351852056, 64.64722076359652], [-148.4869333088403, 64.64738083224115], [-148.4854006719991, 64.64756990195659], [-148.4837729198369, 64.64794276495059], [-148.4825846824558, 64.64810489432712], [-148.4809197406401, 64.64874072659993], [-148.4794641576211, 64.64931709602253], [-148.478046097287, 64.64964162307626], [-148.4763811263705, 64.65027740285502], [-148.4745603747679, 64.65098338819635], [-148.4732538148744, 64.6513866767653], [-148.4725114968084, 64.6518746968555], [-148.4714314984588, 64.65206977191937], [-148.4693486659306, 64.65284726397061], [-148.4682806333308, 64.65323629965533], [-148.4671795949704, 64.65352294202216], [-148.4660239882148, 64.65378739811102], [-148.4652129089993, 64.65402505128924], [-148.4640025417808, 64.65426724142871], [-148.4624853672657, 64.65471846942509], [-148.4610466358882, 64.6551459671013], [-148.4593675648383, 64.65556472017691], [-148.4581997963162, 64.65606899439719], [-148.4561984251302, 64.65644574462443], [-148.4544714531288, 64.65695637578334], [-148.4527873856651, 64.65729525502677], [-148.4513967305522, 64.65764211715633], [-148.4506427325553, 64.65794757862744], [-148.4488554615027, 64.65834462564204], [-148.4472033613788, 64.65877436942162], [-148.4457693510097, 64.6588477271752], [-148.4445300258401, 64.65905584955046], [-148.4437731424597, 64.6593156452667], [-148.4426176610346, 64.65959123601057], [-148.4408976331108, 64.65978195821815], [-148.4388608878178, 64.66002191415308], [-148.4365156754316, 64.66044798408291], [-148.4352754321608, 64.6606446406156], [-148.4341690107943, 64.66085116464772], [-148.4325246283198, 64.66097245791839], [-148.4308343659877, 64.66121975394466], [-148.428762613057, 64.66132300813939], [-148.4267187904907, 64.66144868238828], [-148.4251556150888, 64.66159175496725], [-148.4241200119093, 64.66164900437884], [-148.4225513519822, 64.66170093370833], [-148.4211593511652, 64.66159086940894], [-148.4200972143111, 64.66120316492061], [-148.4192721095127, 64.66076715355719], [-148.4183737660575, 64.66044609449139], [-148.4175752889242, 64.66000974512974], [-148.4164251914768, 64.65948603218902], [-148.4155468704222, 64.65905058391023], [-148.4138904359037, 64.65852110962221], [-148.4128205445157, 64.65799645574299], [-148.4123893757915, 64.65746459340022], [-148.4128224254861, 64.65668354292814], [-148.4133182799118, 64.65606158211122], [-148.4138577458635, 64.65527929053373], [-148.4145112066237, 64.65462126269715], [-148.4151623771959, 64.65437431944146], [-148.4159758149704, 64.65372592916033], [-148.4157716516241, 64.65297471633032], [-148.4151266625285, 64.65243395381935], [-148.4134851611356, 64.6521440188985], [-148.4130909188521, 64.65178304032816], [-148.4127403254123, 64.65126180530179], [-148.4120835635154, 64.65051564654117], [-148.4113713797316, 64.65018107969951], [-148.4105964144565, 64.64968741710126], [-148.409103697859, 64.6492130911156], [-148.4077667217546, 64.64866852403514], [-148.4063049059379, 64.64826232589813], [-148.4049608036434, 64.64804894784875], [-148.403850934782, 64.64774157778088], [-148.4021842753348, 64.64747462459847], [-148.4003109235126, 64.64731268912819], [-148.3987861554529, 64.64719242854267], [-148.3964855840875, 64.64701235567429], [-148.3929653103739, 64.6469141041005], [-148.3908264606226, 64.64676638727424], [-148.3881069189576, 64.64670489351646], [-148.3853868083868, 64.64663195920666], [-148.3839433459739, 64.64653350282518], [-148.3825637828263, 64.64616049119944], [-148.3811415472859, 64.64551392193188], [-148.3802276177058, 64.6449074435716], [-148.3790118784264, 64.6441443791695], [-148.3776072726722, 64.64333777554751], [-148.3762879099394, 64.6426214594659], [-148.3746671760596, 64.64221672745131], [-148.3733465467455, 64.64193425146172], [-148.3712566007979, 64.64170580876468], [-148.3692994350847, 64.64146449049304], [-148.3677809838201, 64.64144663861967], [-148.3665817849357, 64.64142537921039], [-148.3648246910493, 64.64142153984474], [-148.3631849429785, 64.64161054829542], [-148.3617686887471, 64.64197966700648], [-148.3605119450804, 64.642347156976], [-148.3590993005068, 64.64231669895784], [-148.3579726269568, 64.64216898052004], [-148.3565794373013, 64.64201274467342], [-148.3533425726507, 64.64173920777998], [-148.3508721513773, 64.64183429448785], [-148.349716067811, 64.64209776810445], [-148.3480483067164, 64.64226407166716], [-148.3465194463711, 64.64253150673727], [-148.3447201245603, 64.64272198283344], [-148.3429815283499, 64.64304885573321], [-148.3416822890844, 64.64361051900799], [-148.340742616943, 64.64394018504515], [-148.3391419764195, 64.64482481734446], [-148.3382565511618, 64.64564473073499], [-148.3374335575158, 64.64615579870333], [-148.3372237144703, 64.64668315362648], [-148.3366596524894, 64.64706585937317], [-148.3357382896846, 64.64772631951814], [-148.3341507008481, 64.6479029876462], [-148.3319847445062, 64.64821130622619], [-148.3305105509334, 64.64851234050906], [-148.3289494487711, 64.64868864036399], [-148.3271215680232, 64.64885636354104], [-148.3258599374181, 64.64867557075918], [-148.3250682571851, 64.64833006020507], [-148.3252671167809, 64.64712929609658], [-148.3252947364004, 64.64667233547844], [-148.3245937704348, 64.64604045369737], [-148.3233575710882, 64.64583654763577], [-148.3211173073617, 64.64576879774012], [-148.3197387696054, 64.64587462758415], [-148.3188214824751, 64.64613543043721], [-148.3174161771057, 64.64624147718396], [-148.316437581546, 64.64683394952974], [-148.3170751085478, 64.64776331138003], [-148.3188962691486, 64.64842920592523], [-148.3204665257528, 64.64889212230386], [-148.3209649925256, 64.64970889964378], [-148.320384857947, 64.65028563303254], [-148.3182971007917, 64.65104968884476], [-148.316644640303, 64.65150075747572], [-148.3147891965984, 64.6516571759806], [-148.3120174549145, 64.65161768317647], [-148.3098606534307, 64.6511378910415], [-148.3080488020839, 64.65064310670205], [-148.3062600182983, 64.65055900406423], [-148.3054425596419, 64.65070451524701], [-148.303966834023, 64.65098235691477], [-148.3022505344183, 64.65125134780409], [-148.300732293782, 64.6512442712133], [-148.2994193913202, 64.65109803842908], [-148.2980729081713, 64.65082658927234], [-148.2966979053284, 64.65052119106801], [-148.2952141318472, 64.65017122382919], [-148.2935711801145, 64.64983439777556], [-148.2917916426755, 64.64943029944934], [-148.2899775001932, 64.64936908709696], [-148.2886722699759, 64.64935973495423], [-148.2871343678095, 64.64947826362302], [-148.2854467009182, 64.6497810702878], [-148.2844449935934, 64.65045336896362], [-148.283554319239, 64.65072504048013], [-148.2836900533399, 64.6512601927758], [-148.2838290017698, 64.65185236878114], [-148.2839954364055, 64.65246709729419], [-148.2852974728998, 64.65289896712555], [-148.2863177359963, 64.65304831210854], [-148.2878799093863, 64.65288385235355], [-148.2886356076971, 64.6525792913277], [-148.2898968546972, 64.65226950886617], [-148.2912977290674, 64.652563275234], [-148.2930566328542, 64.65307026915058], [-148.2943085816061, 64.6535596241073], [-148.2939646510498, 64.65456773179757], [-148.2927480653147, 64.65520814698732], [-148.2908211220144, 64.6555248673252], [-148.2882193798428, 64.65567716829622], [-148.2857809941795, 64.6558963035648], [-148.2843296214228, 64.65663036836523], [-148.2830210297503, 64.65705476251036], [-148.2826893054268, 64.65781158949201], [-148.2827062739309, 64.65861053341942], [-148.2832126982993, 64.65910762208041], [-148.2819012814231, 64.65996579879497], [-148.2813422343548, 64.6604624189961], [-148.2808013415433, 64.66128986739565], [-148.2797747025772, 64.66151725489627], [-148.2780503637436, 64.66164898657391], [-148.2760559441626, 64.6617150220637], [-148.275011904083, 64.66211382789145], [-148.2741556681797, 64.66253350573895], [-148.2728886447018, 64.66324277993755], [-148.271617468057, 64.66387208877437], [-148.2707001793956, 64.664155450002], [-148.2694733646074, 64.66511534525179], [-148.2692051735315, 64.66557471953193], [-148.2683806374459, 64.66609679773848], [-148.2666529481299, 64.66617137150776], [-148.2653735013297, 64.66616151415205], [-148.2634628833019, 64.66630650310479], [-148.262010528723, 64.6665493836931], [-148.2606144885737, 64.6668488213175], [-148.2589235145754, 64.66711708349169], [-148.2569768053342, 64.66758188501655], [-148.2551101022426, 64.6675550177857], [-148.253689598636, 64.66739796653455], [-148.2520008082316, 64.66720957390379], [-148.250347699442, 64.66719179351547], [-148.2486645236378, 64.6671060223329], [-148.246340477571, 64.66699225443259], [-148.2449871517744, 64.66709709213188], [-148.2436162691226, 64.66737336519901], [-148.2404102777848, 64.66771354497283], [-148.2383074870884, 64.66825954298183], [-148.2368270070631, 64.6684797655843], [-148.2354494015242, 64.66863044724137], [-148.2326504499676, 64.6691147578921], [-148.2314445669402, 64.66949202765504], [-148.2307585091502, 64.67012661898386], [-148.2300137300078, 64.67065913582354], [-148.229488021775, 64.67130356262929], [-148.2285979090611, 64.67211143216122], [-148.2283552770459, 64.67307272371491], [-148.2282805548182, 64.67367847958984], [-148.2281034062518, 64.67436514771889], [-148.2281618241954, 64.67496957782684], [-148.2283793761687, 64.67606327977097], [-148.2290430823095, 64.67702704455861], [-148.2295684119007, 64.67738718840968], [-148.2298375883539, 64.67794384376371], [-148.2305179957416, 64.67871337318823], [-148.2316596078625, 64.67963815755847], [-148.2324912322956, 64.68074857774225], [-148.2325381808445, 64.6816385764529], [-148.2323018426977, 64.68221164052686], [-148.231957706594, 64.6827630310247], [-148.2319315858264, 64.68327692609998], [-148.2311367104229, 64.68387838217411], [-148.2304632734662, 64.68425032715946], [-148.22936061913, 64.68508319597767], [-148.2284312259253, 64.68566310992934], [-148.2276102852449, 64.6862762311864], [-148.2263641086387, 64.68691639709296], [-148.225384291907, 64.68755383285962], [-148.2245206533594, 64.68837284823408], [-148.2237740514043, 64.6888824791122], [-148.2223658127619, 64.68897623404452], [-148.2206296854646, 64.68892475952848], [-148.2184495818479, 64.68904887988178], [-148.2158234032403, 64.6893143326846], [-148.213523144408, 64.68969072723434], [-148.2115894160775, 64.68993785495095], [-148.2097127835678, 64.69026440537695], [-148.2079186573156, 64.69063576657332], [-148.2058375111492, 64.69112398554701], [-148.2042656486635, 64.69167574367725], [-148.2033617739519, 64.69224389195486], [-148.2027799321814, 64.69285455903629], [-148.2021448358282, 64.69346572953033], [-148.201697870989, 64.69410926230374], [-148.2005762674215, 64.6951132856284], [-148.199501907726, 64.69600266954606], [-148.1987229714866, 64.69693479414721], [-148.1980361371401, 64.69758069739625], [-148.1975802577519, 64.69856681032778], [-148.1974486755613, 64.69964109469613], [-148.1972304853713, 64.70006558905371], [-148.1969445493328, 64.7007304472448], [-148.1965274940506, 64.70195591171779], [-148.1962650955957, 64.70307712639593], [-148.195780215926, 64.7045429522408], [-148.1956616711136, 64.70586826652713], [-148.1952458633756, 64.70660283462684], [-148.1943267783789, 64.70741071433682], [-148.1929733378732, 64.7080744623353], [-148.1915784232588, 64.7084531337887], [-148.1898590767399, 64.70926874310305], [-148.1883933755711, 64.70983071830679], [-148.1874929304844, 64.70996490506406], [-148.1863196772771, 64.70946247324108], [-148.1851483088057, 64.70899427667509], [-148.1835385426542, 64.70830188933122], [-148.181800713839, 64.7077135054136], [-148.1809570400316, 64.70739050624621], [-148.1793689396851, 64.70712026246291], [-148.1778660760415, 64.70695195504632], [-148.1766276943767, 64.70673543602967], [-148.1750332059496, 64.70633970199407], [-148.1734146266662, 64.7059897964945], [-148.1714428029103, 64.70551761399064], [-148.1703304049943, 64.7051514670658], [-148.168892723712, 64.70468554269897], [-148.1674034975727, 64.70425456428525], [-148.1654649548278, 64.70390753593722], [-148.1639681140092, 64.70385321465407], [-148.1624554955945, 64.7040158792631], [-148.1611861022577, 64.70424469895245], [-148.1589582930318, 64.70450534462988], [-148.1568594749355, 64.70468488842772], [-148.1555872278277, 64.70485663230066], [-148.1542430904404, 64.70518882603142], [-148.1526822696168, 64.70599107380032], [-148.1516688394893, 64.70653703150816], [-148.1508500944499, 64.7072410023727], [-148.1503404478378, 64.707725177185], [-148.1500062082102, 64.70851595291909], [-148.1500404146503, 64.70920057568947], [-148.1495148269821, 64.709901747341], [-148.1494553463803, 64.71084977468844], [-148.1495926514583, 64.7114649320419], [-148.1493299524251, 64.71208378126478], [-148.1494587601104, 64.71360076871066], [-148.149801111403, 64.7145792749317], [-148.1501780248751, 64.71518073557799], [-148.1505078713547, 64.71590820199832], [-148.1508473522887, 64.71682967872644], [-148.1504943657642, 64.71778042635901], [-148.1494793141203, 64.7183035875405], [-148.1482996563265, 64.7187369293121], [-148.1472510549812, 64.71912337199333], [-148.1462076304154, 64.71961254413941], [-148.1454223064367, 64.71992805100516], [-148.144321504529, 64.71980128453929], [-148.1432628164257, 64.7194458405661], [-148.1418883258735, 64.71918464620414], [-148.1406740419215, 64.71892191194392], [-148.1392781417534, 64.71876363546033], [-148.1376997870938, 64.7186983493134], [-148.1358571315661, 64.71868116794144], [-148.134342213995, 64.71882069298758], [-148.1332489154906, 64.71884214480129], [-148.1320225553467, 64.71887636789981], [-148.1305601049989, 64.71899251593227], [-148.1292371084921, 64.71923300672151], [-148.1276107135989, 64.71981867781253], [-148.1259853672508, 64.7204271128706], [-148.1246723324436, 64.72087289272808], [-148.1234163682476, 64.72139806734026], [-148.1217897173647, 64.72198367480581], [-148.1206889158372, 64.72240472737758], [-148.1196560333929, 64.72312182516741], [-148.1187418326821, 64.72354108520285], [-148.1175453031937, 64.72419125287823], [-148.1159305931809, 64.72502783716229], [-148.1148617770685, 64.72556262857388], [-148.1144601271224, 64.72609136732653], [-148.1145718222007, 64.72674100299868], [-148.1148007585227, 64.72760641039835], [-148.1148645564788, 64.72837065096893], [-148.1148720493451, 64.72962625925652], [-148.1144846126154, 64.73045160372237], [-148.1135609059564, 64.73122480998758], [-148.1118053894114, 64.7319255887467], [-148.1098787879323, 64.7323996523771], [-148.1087645634439, 64.73255811169452], [-148.1072250960811, 64.73275465986588], [-148.105870147094, 64.7329038676596], [-148.1037141900327, 64.73306035254402], [-148.1016726442401, 64.73281617338539], [-148.1000477513387, 64.73235133984834], [-148.0988502207599, 64.73188265964848], [-148.0983189790344, 64.73138521517726], [-148.0971213491743, 64.7309165221044], [-148.0950946317084, 64.73042101197908], [-148.0935888004883, 64.73020614046607], [-148.0913109198795, 64.73004384355869], [-148.0892840552963, 64.73009617265059], [-148.0867974665042, 64.73003840996958], [-148.0841020223014, 64.73007380803018], [-148.0824241187105, 64.73016855589998], [-148.081068078792, 64.73029475495343], [-148.0789775518305, 64.73070138717118], [-148.076911906844, 64.73107347675754], [-148.0757453165507, 64.73125500455083], [-148.0744671645552, 64.73133477695517], [-148.072921959945, 64.73141683912613], [-148.0709123901978, 64.73127478240185], [-148.0691114839362, 64.73102797730475], [-148.0673052571499, 64.73066716563669], [-148.0661418877253, 64.73034626029794], [-148.0639000865261, 64.72980658819199], [-148.0622201365545, 64.72928476489548], [-148.059852532966, 64.72890590436394], [-148.0582905720584, 64.72862270791607], [-148.0563413968619, 64.72862815819971], [-148.0541739976229, 64.72853294822883], [-148.051514651319, 64.72877275334044], [-148.0499471021091, 64.72894618846225], [-148.0471584752874, 64.729278504684], [-148.0446899376733, 64.7296079977412], [-148.0422722730723, 64.72987989653085], [-148.0411856259394, 64.73006044215398], [-148.0398346336549, 64.73030025002687], [-148.0390143623258, 64.73104931726921], [-148.0389001976727, 64.73205477997602], [-148.0393072310269, 64.73278186182289], [-148.039653808055, 64.73334961750291], [-148.0400300294327, 64.73398560733462], [-148.0410974099948, 64.73512936733334], [-148.0421633877017, 64.73623879809965], [-148.042670631376, 64.73681659186967], [-148.0433636308036, 64.73736999294911], [-148.0443350761934, 64.73816064918537], [-148.0454614453192, 64.7388358168011], [-148.0457174918071, 64.73975824796918], [-148.0450259222276, 64.7404033703859], [-148.0449033474869, 64.74122628432615], [-148.0440720112292, 64.7423178903794], [-148.0431294846883, 64.74348209806541], [-148.0429132638981, 64.744127540527], [-148.0429356486253, 64.74466367802033], [-148.0427998696837, 64.74523540653311], [-148.0421778436188, 64.74568520922337], [-148.0417426529054, 64.7461336967759], [-148.0405637079913, 64.74667907730453], [-148.039365467552, 64.74676820020521], [-148.0379735456765, 64.7466989938886], [-148.0365564453027, 64.74666420866934], [-148.0352007968462, 64.74682298777358], [-148.0333327258759, 64.74749912389423], [-148.0316789693896, 64.74819646136102], [-148.0305712362602, 64.74853586387124], [-148.0293849375132, 64.74891013487338], [-148.0282012036696, 64.74935274749524], [-148.0270967611605, 64.74913287110151], [-148.0263541387667, 64.74861355541371], [-148.0244389069932, 64.7481714451506], [-148.0232352852035, 64.74813498397904], [-148.0220034017837, 64.74870351626656], [-148.0213326914453, 64.74927920171707], [-148.0192950603209, 64.74910053730127], [-148.0171974213998, 64.7487625820626], [-148.0159099950064, 64.74863533053562], [-148.014383050948, 64.74853264303833], [-148.0130985549484, 64.7484737895916], [-148.0114708386567, 64.74852026070678], [-148.0091264800185, 64.74867473340126], [-148.0072674600476, 64.74893967430896], [-148.0061556498324, 64.7491876148915], [-148.0047008954334, 64.7495407914061], [-148.001868457631, 64.75026760558828], [-147.9999675139105, 64.7505533948183], [-147.998148518256, 64.75111583189967], [-147.9962246080742, 64.75172482411674], [-147.9953725122139, 64.75239364718287], [-147.9946133040197, 64.75334722600292], [-147.9940465931003, 64.75442477950187], [-147.9937376361797, 64.75588846686236], [-147.993679607535, 64.75698473746262], [-147.99387920353, 64.75786212001113], [-147.9940535618784, 64.7587739291595], [-147.994740211768, 64.7597844156055], [-147.9957619716801, 64.76111185038815], [-147.9961314059935, 64.76159978600609], [-147.9963240237813, 64.7623173915207], [-147.9967220363428, 64.76344434290836], [-147.9969731251546, 64.76427564933455], [-147.99705506112, 64.76491430775937], [-147.9971260161935, 64.76530184070675], [-147.9973293964217, 64.7656654735117], [-147.9802477380528, 64.76580084539377], [-147.9800115570749, 64.77499198127373], [-147.9791538782324, 64.77495301898753], [-147.97811338705, 64.77501825002639], [-147.9771274529501, 64.77510583044962], [-147.9759297622076, 64.77524089022285], [-147.9748776604739, 64.77564860365354], [-147.9735333236356, 64.77610431990632], [-147.9726940936195, 64.77648761114085], [-147.9721049943959, 64.7770857584513], [-147.9474427762995, 64.7771620871789], [-147.94770486536, 64.78451141724523], [-147.9466397391387, 64.7846337027125], [-147.9457069390661, 64.78472073323265], [-147.9445653853593, 64.78493494150845], [-147.9435276764215, 64.78506835114351], [-147.9423841535479, 64.78523690305228], [-147.9412176055714, 64.78549689591489], [-147.9401218352876, 64.78552802469503], [-147.9392615496904, 64.78543180056683], [-147.9380526407835, 64.78532674760861], [-147.9360311173863, 64.78498825912165], [-147.9347637956558, 64.78475813378606], [-147.9340088515329, 64.7846268118048], [-147.9330910130989, 64.7844396104904], [-147.931912675242, 64.78441437186915], [-147.9308665156592, 64.78435374386304], [-147.9300591508143, 64.78424574032334], [-147.9289790261275, 64.78401402556442], [-147.9280789526983, 64.78360989128389], [-147.9275981041898, 64.782997074666], [-147.9274451134378, 64.78254158571967], [-147.9268630439863, 64.78206657518568], [-147.9263868054806, 64.78155642424643], [-147.9255669617039, 64.78115162746228], [-147.9242983922769, 64.78088716451701], [-147.9229303069173, 64.78080606386449], [-147.9210476113706, 64.78120826022813], [-147.9200190375103, 64.78155838690006], [-147.918260127396, 64.78237049902035], [-147.9169169537467, 64.78288280834474], [-147.9161015202265, 64.78321990202798], [-147.9149154463223, 64.78365102031832], [-147.9136967915611, 64.78394544782405], [-147.9125779469466, 64.78406789239612], [-147.9115873130778, 64.78405236565848], [-147.9105430952945, 64.78403723448604], [-147.9097467276949, 64.78419156900804], [-147.9089573149582, 64.78451699526737], [-147.9081185718025, 64.78493409581819], [-147.9070129766056, 64.78537605215223], [-147.9060076117484, 64.78565742391233], [-147.9048709387158, 64.78599678229159], [-147.9036216149999, 64.78620000965473], [-147.9020845008807, 64.78656516021958], [-147.9002123181334, 64.78659027052254], [-147.8993749480246, 64.78640237369522], [-147.8989079203886, 64.78610901812803], [-147.8984649866107, 64.78574692768265], [-147.8974572030477, 64.78532054602687], [-147.89608022794, 64.78502238772029], [-147.8949464001409, 64.78477950326847], [-147.8942448569693, 64.7846361900656], [-147.8931433361899, 64.78453019904532], [-147.891799257287, 64.78438007910685], [-147.8907554126256, 64.78437620100873], [-147.889632373988, 64.7843957996963], [-147.8886167059875, 64.78442592120963], [-147.88768187919, 64.78446694691503], [-147.8867582924092, 64.78413121960193], [-147.8859542418698, 64.78344066181256], [-147.8851636643889, 64.78308112143218], [-147.8841373849003, 64.78284883488281], [-147.8828733561535, 64.78268668994437], [-147.8812571023149, 64.78242436929392], [-147.8794581518222, 64.78226610507123], [-147.8781722423468, 64.78222960981734], [-147.8766231393192, 64.78229779627866], [-147.8754059497727, 64.78263755060418], [-147.8738811607303, 64.7826485190526], [-147.8722024989274, 64.78282026609945], [-147.8715627159986, 64.78288187808613], [-147.8702713446073, 64.78270846575698], [-147.8691756024578, 64.78273907088003], [-147.8678513035965, 64.7830795368139], [-147.8669033555236, 64.78346293033128], [-147.8662675295214, 64.78362726691621], [-147.8655757431268, 64.78372348677507], [-147.8648294646324, 64.78379730543826], [-147.8639000355462, 64.7839751038521], [-147.8632145442112, 64.78423109235327], [-147.8622700931717, 64.7847057380226], [-147.8619867752531, 64.7849817321466], [-147.8616662396222, 64.78566880336318], [-147.8616873178421, 64.78620524912198], [-147.8623067564444, 64.78697706309856], [-147.8623464258735, 64.78729639173253], [-147.8616997902215, 64.7878603115318], [-147.8613070796434, 64.7880799666905], [-147.8609961034242, 64.78833325664377], [-147.860467316282, 64.78849679984295], [-147.8594502025897, 64.78849261953776], [-147.8587198972194, 64.78830365419492], [-147.8577396977795, 64.78787677249011], [-147.8564413682748, 64.78753206895922], [-147.8551000298632, 64.78745018840247], [-147.854379433143, 64.78750087011615], [-147.8533413665898, 64.7876451167896], [-147.8529776211535, 64.78792162879786], [-147.8521377338179, 64.78833841500533], [-147.851750293312, 64.78869504136269], [-147.851263485831, 64.78924630907285], [-147.8508810103288, 64.7897284636904], [-147.85047269703, 64.7902335540566], [-147.8497927935616, 64.79063779502701], [-147.8491082487237, 64.79092796815166], [-147.8484505766636, 64.79121798450001], [-147.8469213069694, 64.7918106964192], [-147.845918796027, 64.79218294309213], [-147.8450799117107, 64.79263393907712], [-147.8444725704163, 64.79284366958095], [-147.8435099660293, 64.79287317906801], [-147.8424079458126, 64.79275527256522], [-147.8413312375235, 64.79260288430447], [-147.8404418963492, 64.79244928094383], [-147.8392281078524, 64.79220649815375], [-147.8379366771366, 64.79204419846417], [-147.836780932238, 64.7919152327206], [-147.8353336329707, 64.7918681001981], [-147.8342896791977, 64.79186389798396], [-147.8333548619804, 64.79191597439592], [-147.8322599307706, 64.79198055729286], [-147.8315623849689, 64.79193969626655], [-147.8306217883963, 64.79184336684102], [-147.8289531074773, 64.79160370598058], [-147.8278773936041, 64.79147407738601], [-147.8266913487398, 64.79125390034874], [-147.8258569528132, 64.79113401386094], [-147.8251058356811, 64.79109342057323], [-147.8244067575731, 64.79100688360572], [-147.8234372496894, 64.79085369758951], [-147.8225359200515, 64.79038042380591], [-147.8223459762114, 64.78961687716907], [-147.8220065249233, 64.78913975230425], [-147.82147594554, 64.78856120844901], [-147.821117263587, 64.78827833330003], [-147.8206198375392, 64.78787073914741], [-147.8202833846483, 64.78747357498271], [-147.8196562398796, 64.78716953761956], [-147.8189498482743, 64.78688901756449], [-147.8179692903544, 64.78643901594879], [-147.8168069753174, 64.78613857579491], [-147.8157294697878, 64.78595182483188], [-147.8148103415619, 64.78570700467228], [-147.8138407326494, 64.78554228962217], [-147.8129000808391, 64.78543452854215], [-147.8112365819922, 64.78532012728165], [-147.8097314650418, 64.785147577914], [-147.8085504647707, 64.78505278846191], [-147.8075286974667, 64.78492264654977], [-147.8068512454099, 64.78469888395196], [-147.8061993187318, 64.78444072314844], [-147.8050348383406, 64.78407183737271], [-147.8040151672461, 64.78399870534496], [-147.8030434725501, 64.78377688636205], [-147.8017251106975, 64.7835802368532], [-147.8003028161594, 64.78347551124824], [-147.7993648316917, 64.78343609005191], [-147.7985554747567, 64.78325887155448], [-147.7978963798332, 64.7828066420646], [-147.7972187242499, 64.78257144276901], [-147.7962476445861, 64.78236097074021], [-147.794746164389, 64.78227962613066], [-147.7935656738969, 64.78219603627029], [-147.7924095475067, 64.78204394105862], [-147.7914711157276, 64.78199300478836], [-147.7900810333325, 64.78202496238195], [-147.7892339788711, 64.78227029250921], [-147.7881566008103, 64.78280243372738], [-147.7869731918683, 64.78335813817789], [-147.7859951987322, 64.7836841242399], [-147.7844778242979, 64.78389952634961], [-147.7829330566157, 64.78409226869981], [-147.7819511540125, 64.78431555265016], [-147.7808594045978, 64.7844596477197], [-147.7799927214149, 64.78417993420972], [-147.779525365284, 64.78384055990477], [-147.7792056434724, 64.7831463039386], [-147.7784382180722, 64.78264905427744], [-147.7771670254075, 64.78228065826005], [-147.7762797139202, 64.78216084561785], [-147.7756126919576, 64.78221079136192], [-147.7742834310311, 64.78244774794832], [-147.7733262439496, 64.78261372747212], [-147.7725579843701, 64.78282414785934], [-147.771497571324, 64.7830935687664], [-147.7704391063549, 64.78341994331568], [-147.7694589414792, 64.78368878596554], [-147.7682838953605, 64.78375346013672], [-147.7674812975995, 64.78375864056567], [-147.7667314651876, 64.78374060857755], [-147.7659059341821, 64.78384866794634], [-147.7645501208956, 64.78409706791437], [-147.7632496773069, 64.78439074783007], [-147.7621120766301, 64.78475187249909], [-147.7613140221165, 64.78488262712042], [-147.7608118958148, 64.78505692372043], [-147.7601556867325, 64.78541497740495], [-147.7597664292659, 64.78574850618475], [-147.7590061131674, 64.78618714121093], [-147.7584269015225, 64.78645334523922], [-147.7577305923176, 64.78643492059568], [-147.7564899506901, 64.78616888754921], [-147.755285303089, 64.78615370228287], [-147.7539231190368, 64.78623082886014], [-147.7533160195694, 64.78646297160145], [-147.7531429428441, 64.78686353054358], [-147.7522646495891, 64.78699471656809], [-147.7513695373731, 64.78665793621698], [-147.7503402357604, 64.78631058153753], [-147.7494649435662, 64.78577954645179], [-147.7485176099114, 64.78547734250651], [-147.7476808365013, 64.785277124038], [-147.7463898263272, 64.78509124102332], [-147.7453144509497, 64.7849496209234], [-147.7441579860261, 64.78478561106779], [-147.7427816106508, 64.78445177910086], [-147.7413815849142, 64.78420942700656], [-147.7401469626812, 64.7841030415905], [-147.738673053695, 64.78404370766978], [-147.737225237934, 64.78396144111498], [-147.735585057099, 64.78373191526504], [-147.7348850056974, 64.78361070730084], [-147.7338871822314, 64.7833885673491], [-147.73294375382, 64.7831889406532], [-147.7317340272996, 64.78302524452985], [-147.7302238443582, 64.78269210349076], [-147.7293639133022, 64.78258327074654], [-147.7284229103548, 64.7824521159385], [-147.7269752105553, 64.78236974928328], [-147.7257135410928, 64.78225190907291], [-147.7245353113161, 64.7822248781689], [-147.7231421364479, 64.78217639072828], [-147.7221757310296, 64.78207957635107], [-147.7208814445902, 64.78179072025962], [-147.7196726325468, 64.78164971030284], [-147.718865407113, 64.78151762607371], [-147.718028197477, 64.78129445539172], [-147.7172702100884, 64.78103664116318], [-147.7161145561418, 64.7808838043411], [-147.7148612404143, 64.78100555121846], [-147.7136027874174, 64.78097889359096], [-147.7123952971477, 64.78087207437605], [-147.7108933744915, 64.78076702319673], [-147.7102719511221, 64.78058813179135], [-147.7087689834513, 64.78044888164023], [-147.7073458428586, 64.78029762125726], [-147.7058493522668, 64.78035230595967], [-147.7047007008577, 64.78040481014857], [-147.7039751085149, 64.78030644033579], [-147.7032722215121, 64.78009379709809], [-147.7020669358865, 64.78005539580275], [-147.7008056543479, 64.77993734284173], [-147.6993805915333, 64.77972897104193], [-147.6984099067812, 64.77950646628476], [-147.6973923905481, 64.77947831724309], [-147.6961299309794, 64.77932604774276], [-147.6946223735275, 64.77904950530686], [-147.6930993975199, 64.77910433259838], [-147.6918181336836, 64.77919175936482], [-147.690828095005, 64.77918622565707], [-147.6894333338351, 64.77908031220805], [-147.6883634793879, 64.7790866004269], [-147.6872168184114, 64.77919615149372], [-147.6863394890344, 64.77936097834943], [-147.6849681500537, 64.77915229379332], [-147.6839739003217, 64.77902110409941], [-147.6818876008489, 64.77903334880489], [-147.6807901233728, 64.77901692103387], [-147.6795115236526, 64.77918420877887], [-147.6779138948819, 64.779410354511], [-147.6764746914126, 64.77957856984555], [-147.6754423771625, 64.77991561186829], [-147.674327239537, 64.78017319039526], [-147.6727427094748, 64.77998829667418], [-147.6708063819055, 64.77967993485056], [-147.6697304204087, 64.77950344264508], [-147.6690824228978, 64.7793245732751], [-147.6682906849907, 64.77886517060128], [-147.6682482163469, 64.79287794577881], [-147.6682452269226, 64.79851779557784], [-147.668230616787, 64.8021139115048], [-147.6682149770872, 64.80933923014221], [-147.6681675347604, 64.81684086233035], [-147.6682182586126, 64.81732124349307], [-147.6682942135647, 64.81776828457565], [-147.6649648512001, 64.81788819178207], [-147.66504879148, 64.81813635378323], [-147.6664191003297, 64.81849482530524], [-147.6675687014644, 64.81883766259216], [-147.6686776936157, 64.81911436766964], [-147.6703185888232, 64.81939976642857], [-147.671216660858, 64.819533838601], [-147.672919728916, 64.81970844224342], [-147.674647180178, 64.81982212285169], [-147.6765816638046, 64.81991271450076], [-147.6766286093116, 64.82075213405233], [-147.6794684237113, 64.82074469141706], [-147.6957755593659, 64.82100621532766], [-147.6967830794856, 64.82135500658624], [-147.6980642081434, 64.8217522727881], [-147.6984685541535, 64.82183873258828], [-147.6993925871567, 64.82196699996732], [-147.700391724991, 64.82198986136913], [-147.7009095757043, 64.82195434045785], [-147.7018795246978, 64.82185030351592], [-147.70372385196, 64.821465944016], [-147.7057170704716, 64.8213128535066], [-147.7060444538825, 64.82143839820327], [-147.7064381934531, 64.82161324636326], [-147.7069753410804, 64.82182063813916], [-147.7072639090692, 64.82194629130427], [-147.707619537446, 64.82215454446398], [-147.7078436635819, 64.82229704317228], [-147.7083600295083, 64.82269786152703], [-147.7085864876447, 64.82292878111878], [-147.7086560174056, 64.82310524230616], [-147.708438671158, 64.82322779122788], [-147.7080684516843, 64.82345052782482], [-147.707812561549, 64.8235842859859], [-147.7075851918527, 64.82381185428176], [-147.7073176584298, 64.82399543356387], [-147.7071430667791, 64.82426141647082], [-147.7070186500943, 64.82446636736033], [-147.7069471903781, 64.82470973276074], [-147.7069919858853, 64.82493049207048], [-147.7070737290514, 64.8250792559157], [-147.7075044044549, 64.82567933056859], [-147.7082055805358, 64.82620078249197], [-147.7086856343042, 64.82670115891187], [-147.7086318708863, 64.82810994851909], [-147.7086673750373, 64.83093801865614], [-147.7086152497185, 64.83142439133015], [-147.7081697924186, 64.8322440228359], [-147.7078299833485, 64.83264340568215], [-147.7008109748714, 64.8336322912192], [-147.7023289311445, 64.83561924207679], [-147.7026225218774, 64.83593269953523], [-147.7013912967431, 64.83549112908804], [-147.700644966364, 64.83522949633414], [-147.6999130321483, 64.8350229983189], [-147.6988940169265, 64.83475161372095], [-147.6982415440349, 64.83460552700048], [-147.6978263466722, 64.8346074762817], [-147.6971000231949, 64.83461639672662], [-147.6962178360494, 64.83462053028495], [-147.6956604668912, 64.83463975249494], [-147.6951823793842, 64.83471373460662], [-147.6947472796595, 64.83481441904686], [-147.6943160814763, 64.83490582169487], [-147.6936290681754, 64.83513426356878], [-147.6929689394197, 64.8354618891907], [-147.6923250961764, 64.83589308533566], [-147.691873660023, 64.83622620296836], [-147.6915300133941, 64.83648736602287], [-147.6913156315341, 64.83672594777026], [-147.6911719392073, 64.83719612516103], [-147.691114244132, 64.83747808424707], [-147.6910517631077, 64.83756673384205], [-147.6909775769128, 64.83771071743472], [-147.6909552193283, 64.83784894689664], [-147.6908330255561, 64.8381478188229], [-147.6906731119379, 64.83849104542644], [-147.6908212853094, 64.83870022856517], [-147.6910342130219, 64.83890918415878], [-147.6912458674955, 64.83906837900862], [-147.6911607114872, 64.839289746309], [-147.6907916855629, 64.83957315189163], [-147.689914708093, 64.83978709464773], [-147.6896059243921, 64.83988798612036], [-147.6891025030408, 64.83999529228423], [-147.6884054909181, 64.84013657259379], [-147.6878505088043, 64.84026072644438], [-147.6868170248033, 64.84035283328613], [-147.6863401968008, 64.84036591429538], [-147.685843867409, 64.84035239956049], [-147.6853346433423, 64.84032754853766], [-147.6848003819687, 64.8402416507018], [-147.6845267772224, 64.84019873086999], [-147.6838901267843, 64.83997730746161], [-147.6834450601883, 64.83978536061306], [-147.682724880929, 64.83946309280876], [-147.6824028341408, 64.83934122118194], [-147.6820885737799, 64.83922666415496], [-147.6816815029495, 64.83904071265206], [-147.6814321388869, 64.83893136999423], [-147.6812215208228, 64.83881082291997], [-147.6810242725735, 64.83870675408022], [-147.6802714961742, 64.83818541163689], [-147.6793738710981, 64.8375818815098], [-147.6782386746646, 64.83630556340434], [-147.6777836932411, 64.83574969690476], [-147.6771575266385, 64.83510073644999], [-147.6765585352791, 64.83450141605041], [-147.6765088255983, 64.8382025777776], [-147.6683082891988, 64.8382231207768], [-147.6686364570603, 64.86347116024059], [-147.6599225107602, 64.86352108603688], [-147.6431049413436, 64.86361684358347], [-147.6430319606471, 64.86708055530599], [-147.6429623561189, 64.870693474756], [-147.6345178985779, 64.87070207457265], [-147.62598207767, 64.8706997736956], [-147.6174944681627, 64.87068840324794], [-147.6090569123719, 64.87068788492212], [-147.6005293217541, 64.87068879526299], [-147.5920416655122, 64.87068920519748], [-147.5835540084127, 64.87068920462916], [-147.575076600748, 64.87067493430528], [-147.5750403529431, 64.87792582940214], [-147.5666713450016, 64.87791925530922], [-147.541226999559, 64.8779255026367], [-147.5241384097154, 64.87791483012755], [-147.5241371386315, 64.87429962185603], [-147.5241607850979, 64.86708211880187], [-147.524156332808, 64.86350749312842], [-147.5267048940508, 64.8635077564965], [-147.5267093905103, 64.86350788759833], [-147.5267078488876, 64.8634732705678], [-147.5266984306992, 64.85986514000915], [-147.526723861662, 64.8526677556506], [-147.5351796341613, 64.85264720558165]], [[-147.4060282775834, 64.72569453143375], [-147.4054888931626, 64.72557435748901], [-147.4057336268811, 64.72563160597697], [-147.4060279568174, 64.72569607600202], [-147.4061499240385, 64.72576535488697], [-147.4060282775834, 64.72569453143375]], [[-147.4049658822676, 64.72542959058262], [-147.4045721215513, 64.72529864829693], [-147.4047621934013, 64.72536477792137], [-147.4049658822676, 64.72542959058262]], [[-147.4045288194725, 64.72441743573481], [-147.40440489989, 64.72487191958322], [-147.4044317227201, 64.72513431152198], [-147.4044077597087, 64.7248791891739], [-147.4045288194725, 64.72441743573481]], [[-147.4045290400177, 64.72441601204393], [-147.4045304176339, 64.7244107489423], [-147.4045325133469, 64.7243445494865], [-147.4045290400177, 64.72441601204393]], [[-147.403563968222, 64.72299923402916], [-147.4026541024747, 64.72275871201921], [-147.402859198544, 64.7228141272006], [-147.403563968222, 64.72299923402916]], [[-147.4015528193953, 64.72260773068768], [-147.4004304703947, 64.72256655168789], [-147.4011901828878, 64.72259518712173], [-147.401545093276, 64.7226084867112], [-147.4022091506272, 64.72268836951037], [-147.4015528193953, 64.72260773068768]], [[-147.3996582855961, 64.72252406083157], [-147.3996600785271, 64.72252485655585], [-147.4004304703947, 64.72256655168789], [-147.3996582855961, 64.72252406083157]], [[-147.3980380190388, 64.72166541620717], [-147.3978882336809, 64.72156092104802], [-147.3979342238569, 64.72159387777614], [-147.3980380190388, 64.72166541620717]], [[-147.387481182625, 64.71899965831], [-147.3889202893816, 64.71890282601628], [-147.390839130215, 64.71895577625236], [-147.39129741344, 64.71896973613238], [-147.3904191081325, 64.71894188759397], [-147.3889233721623, 64.71890200932656], [-147.3874840946004, 64.71899891560597], [-147.3866571222626, 64.71901353541848], [-147.3866580724947, 64.7190138637296], [-147.387481182625, 64.71899965831]], [[-147.3855933541546, 64.71843154781122], [-147.3854241575598, 64.71829740220986], [-147.3854367002209, 64.71830805136136], [-147.3855933541546, 64.71843154781122]], [[-147.3846242349235, 64.71761748719618], [-147.3841539117397, 64.71745741241341], [-147.3843347220924, 64.71751922176053], [-147.3846242443146, 64.7176181487527], [-147.3846478901578, 64.7176382288391], [-147.3846242349235, 64.71761748719618]], [[-147.3836292460729, 64.7172788377198], [-147.382261904319, 64.71699877366103], [-147.3816047815666, 64.71686597580361], [-147.3830478994427, 64.7171601544328], [-147.3836328789935, 64.71728007452155], [-147.3836292460729, 64.7172788377198]], [[-147.3805152075179, 64.71664456616988], [-147.3799325759173, 64.71651944656394], [-147.3804876082314, 64.71663895617456], [-147.3805152075179, 64.71664456616988]], [[-147.3794590121019, 64.7163783604366], [-147.3786633409392, 64.71599652972348], [-147.3792148924358, 64.71626173627236], [-147.3794590121019, 64.7163783604366]], [[-147.3780743856444, 64.71509219745734], [-147.3778082476796, 64.71472156750251], [-147.3777835024499, 64.71468912354611], [-147.3780743856444, 64.71509219745734]], [[-147.3757099042483, 64.71371683799296], [-147.3754094207956, 64.71363495371132], [-147.3754081953586, 64.71363489823868], [-147.3757099042483, 64.71371683799296]], [[-147.3731193730137, 64.71349112110383], [-147.3725421338795, 64.71348415567965], [-147.3727572970019, 64.7134875748252], [-147.3731193730137, 64.71349112110383]], [[-147.3683226558972, 64.71337339552487], [-147.3674947206582, 64.71332344492583], [-147.3675076963301, 64.71332492886378], [-147.3683226558972, 64.71337339552487]], [[-147.3663127077303, 64.71317985714985], [-147.3654677454736, 64.71297602915871], [-147.3646643877377, 64.71276162584427], [-147.3647803508977, 64.71279350973364], [-147.3654753406112, 64.7129784362189], [-147.3661458035939, 64.71314107335392], [-147.3663127077303, 64.71317985714985]], [[-147.363716454391, 64.71250098688937], [-147.3640920129901, 64.71260424960082], [-147.3634814817118, 64.71243555250732], [-147.3632056476535, 64.71201428769359], [-147.3632539753291, 64.71178661427429], [-147.3632042599094, 64.71201333547944], [-147.3634813364603, 64.71243753760471], [-147.363716454391, 64.71250098688937]], [[-147.3645382806797, 64.71093577541245], [-147.3642546251934, 64.71121142065223], [-147.3639537788352, 64.71135361761948], [-147.3642559991025, 64.71121134376546], [-147.3645382806797, 64.71093577541245]], [[-147.3607143034249, 64.70840764306745], [-147.3593448072332, 64.70834204860162], [-147.3605882594101, 64.70840198305483], [-147.3607143034249, 64.70840764306745]], [[-147.3591784713124, 64.70833097998732], [-147.3584997527557, 64.70828516707522], [-147.3588912520638, 64.70831193892187], [-147.3591784713124, 64.70833097998732]], [[-147.3537508927298, 64.70750850057765], [-147.3542556625603, 64.70764607922388], [-147.3537448486337, 64.7075062362336], [-147.3521389202793, 64.70726097502465], [-147.3521466270988, 64.70726268646173], [-147.3528198723779, 64.70736568775233], [-147.3532264016797, 64.70742764262478], [-147.3537508927298, 64.70750850057765]], [[-147.3502037200582, 64.70657198173221], [-147.3503936621189, 64.70681079377279], [-147.3508175737648, 64.70693272036841], [-147.3503952086292, 64.70681079011482], [-147.3502037200582, 64.70657198173221]], [[-147.350106588513, 64.70645098707574], [-147.3500939346036, 64.70643521026646], [-147.3499892333873, 64.70632114785482], [-147.350106588513, 64.70645098707574]], [[-147.3497887384262, 64.70610271988554], [-147.3497480673933, 64.70605840963523], [-147.3497582696252, 64.7060704433077], [-147.3497887384262, 64.70610271988554]], [[-147.3492466044493, 64.70546817900369], [-147.3488081620465, 64.70510078876535], [-147.3488880105221, 64.70516914435149], [-147.3492466044493, 64.70546817900369]], [[-147.348308124475, 64.70462374960243], [-147.3485101901115, 64.70485085797584], [-147.348512222863, 64.70485255653303], [-147.3482244274538, 64.7045289280512], [-147.348308124475, 64.70462374960243]], [[-147.3477800243226, 64.70401711177763], [-147.3473933764664, 64.70355720305118], [-147.3476321019322, 64.70384187947259], [-147.3477800243226, 64.70401711177763]], [[-147.34738998228, 64.70355295323608], [-147.3471480012308, 64.70323461006791], [-147.3473787442458, 64.70353954353662], [-147.34738998228, 64.70355295323608]], [[-147.3468995404906, 64.7029083427111], [-147.3468933524314, 64.70261101353816], [-147.3468983585126, 64.70290996267585], [-147.3471480012308, 64.70323461006791], [-147.3468995404906, 64.7029083427111]], [[-147.3468865633714, 64.70228054586077], [-147.3469170729188, 64.70210511536858], [-147.3468864400486, 64.7022738442012], [-147.3468865633714, 64.70228054586077]], [[-147.3469601648507, 64.70067958161991], [-147.3469566753185, 64.70050903292092], [-147.346959277514, 64.70066184277003], [-147.3469601648507, 64.70067958161991]], [[-147.3467454697767, 64.69932492131308], [-147.3466044303027, 64.69894873847349], [-147.3463376956845, 64.69869180538235], [-147.3466033967758, 64.69894852036529], [-147.3467626456645, 64.69938721441291], [-147.3467454697767, 64.69932492131308]], [[-147.3451475625097, 64.69772185662659], [-147.3449456627658, 64.69756511197873], [-147.3451277251643, 64.69770694492692], [-147.3451475625097, 64.69772185662659]], [[-147.3350547546295, 64.69554743016354], [-147.3346197912096, 64.69548036960526], [-147.3348582022035, 64.6955181954917], [-147.3350547546295, 64.69554743016354]], [[-147.3327965895115, 64.69454576069013], [-147.3331941531957, 64.69494813797971], [-147.3340671540149, 64.69536347462393], [-147.3332408257558, 64.69494428400392], [-147.3327965895115, 64.69454576069013]], [[-147.3324732221279, 64.6939082834349], [-147.3323398859257, 64.69346727398714], [-147.3324034900605, 64.69381030551779], [-147.3326323812681, 64.69437955948352], [-147.3326616649983, 64.69440919821263], [-147.3324732221279, 64.6939082834349]], [[-147.3324506134009, 64.69277835438464], [-147.3324848176111, 64.69255911403539], [-147.332445290038, 64.69269434558215], [-147.3322846856849, 64.69316957399616], [-147.3322905590363, 64.693201245478], [-147.3324506134009, 64.69277835438464]], [[-147.3317952355904, 64.69176374194865], [-147.331990749153, 64.69181693312073], [-147.3323846426461, 64.69202915659353], [-147.3321649106143, 64.69183197942593], [-147.3317952355904, 64.69176374194865]], [[-147.3287660783562, 64.69167182073878], [-147.3281183666454, 64.69161683584778], [-147.3286610477879, 64.69168190065392], [-147.3287660783562, 64.69167182073878]], [[-147.3246342985747, 64.69127604606031], [-147.324523242595, 64.69129097061287], [-147.3252182722256, 64.69138083802278], [-147.3259962943354, 64.69149784414171], [-147.3260501717378, 64.69149772551637], [-147.3246342985747, 64.69127604606031]], [[-147.3200118912729, 64.69203325276888], [-147.3209543613899, 64.69198372620058], [-147.3210165883276, 64.69195436576973], [-147.3199756238023, 64.69202737232641], [-147.3200118912729, 64.69203325276888]], [[-147.319289351771, 64.69191609560795], [-147.3195377105774, 64.69195636651206], [-147.3185098965575, 64.69171944721045], [-147.3175697876832, 64.69136877063829], [-147.3173598347749, 64.6912874386574], [-147.318065515104, 64.69161006553031], [-147.3187329555313, 64.69177483401786], [-147.319289351771, 64.69191609560795]], [[-147.316865565529, 64.69109596240548], [-147.3164785745959, 64.6909460416316], [-147.3166857925623, 64.69102686269822], [-147.316865565529, 64.69109596240548]], [[-147.3146876086434, 64.69035817629307], [-147.3150946586876, 64.69045291817079], [-147.3154425725126, 64.6905732706969], [-147.3150987768279, 64.69045261537157], [-147.3146876086434, 64.69035817629307]], [[-147.6148643355193, 64.80172634508776], [-147.6158580875716, 64.80169050305372], [-147.6175595644106, 64.80183341042323], [-147.6180397526784, 64.8012344124271], [-147.6164610021443, 64.80113137893801], [-147.6151478049635, 64.80110221379029], [-147.6148643355193, 64.80172634508776]]], [[[-147.1059861129101, 64.63248843368612], [-147.1058473908855, 64.64636004557147], [-147.1145075217645, 64.6463929689361], [-147.1147077111259, 64.65721890250222], [-147.1322234039523, 64.65726351995968], [-147.1322575204773, 64.6644523646548], [-147.1492452545085, 64.66448599746309], [-147.1492034992978, 64.6681651029342], [-147.1574946168013, 64.66822350350287], [-147.157582433532, 64.69369771182376], [-147.1655922274084, 64.69370513085981], [-147.1654418411196, 64.70450190303767], [-147.1246845523927, 64.70443732912265], [-147.1249069640733, 64.71884044213013], [-147.1165119316299, 64.71887014704107], [-147.1164216303672, 64.72242130924245], [-147.1164437639586, 64.72242116895795], [-147.1165595936824, 64.81324161831033], [-146.974247069098, 64.81338861547492], [-146.9746752628817, 64.8252384649048], [-146.9852689160458, 64.82516861928053], [-146.9855988161975, 64.83419228441208], [-146.9750015956541, 64.83426216241621], [-146.9752463071614, 64.84102439298044], [-146.9748041616264, 64.84112796433622], [-146.9746329207501, 64.84116387885742], [-146.9743595337125, 64.84122501711947], [-146.9741547371717, 64.84125011062636], [-146.9738310235905, 64.84133920961214], [-146.9735447473438, 64.84145897489286], [-146.9733085524912, 64.84158228497932], [-146.9731275924648, 64.84172648173184], [-146.9728768031901, 64.84182283220515], [-146.9726638550668, 64.84196144637953], [-146.9725891804321, 64.84203151093678], [-146.9725706713738, 64.8422732170748], [-146.9724094767496, 64.84233611588184], [-146.9723337453853, 64.842377203542], [-146.9722894773313, 64.8424084057843], [-146.9723315237994, 64.84244099545566], [-146.9724733680702, 64.84247098724076], [-146.9726376261229, 64.84249310631404], [-146.9727139595853, 64.84257677899703], [-146.9726896445961, 64.84280199904234], [-146.9726235819303, 64.84299366478234], [-146.9725490369637, 64.84305803371399], [-146.9725877429103, 64.8431234905202], [-146.9726751833825, 64.84315577489889], [-146.972767015839, 64.8431841653243], [-146.9729119519967, 64.84317355169962], [-146.9730536324286, 64.84317219803805], [-146.9732987258307, 64.84337303494713], [-146.9735980477368, 64.84359645682315], [-146.9737824278173, 64.8438720039712], [-146.9740239462811, 64.8440675006117], [-146.9741527806717, 64.8441671797366], [-146.9743073529955, 64.84428677202082], [-146.9745003276315, 64.84443606972519], [-146.9745694859362, 64.84456533386503], [-146.9746088844359, 64.84468231727854], [-146.9746250290458, 64.84480445251808], [-146.9746300790404, 64.84494411720264], [-146.9746120399366, 64.84509391152842], [-146.97457507979, 64.84520640602193], [-146.9743998343752, 64.84538467671891], [-146.9743066555195, 64.84549062854971], [-146.9741454667363, 64.84564408253246], [-146.9738272803442, 64.84581209067817], [-146.9735858541029, 64.84590163424294], [-146.9732963879121, 64.8459930891594], [-146.9729986807328, 64.84602747328296], [-146.9727202849721, 64.84607319760744], [-146.9725007166703, 64.84610926732137], [-146.9722236580711, 64.84615477274035], [-146.9720012234753, 64.84616370918452], [-146.9717252452197, 64.8461505440791], [-146.9715506775081, 64.84613620455829], [-146.971331356293, 64.84611819925696], [-146.9710178820424, 64.84605403265849], [-146.9708364930648, 64.84601690275645], [-146.9706817657555, 64.84598523576028], [-146.9704069043414, 64.84592316008165], [-146.9700375769834, 64.84583975829926], [-146.9698843543317, 64.8458013281626], [-146.9697513485675, 64.84576797508905], [-146.9693396093795, 64.84566470695192], [-146.9692084733609, 64.84560465362976], [-146.9689045316697, 64.84546547788193], [-146.9687156506425, 64.84534385709622], [-146.9684563899718, 64.84527576387649], [-146.9683101841185, 64.84523735427604], [-146.9681974823934, 64.84518401032001], [-146.9681074378617, 64.84514138473538], [-146.9678567314172, 64.84501578826223], [-146.9677743279213, 64.84492140853693], [-146.967626385236, 64.84475196075337], [-146.9675371769773, 64.84462868899097], [-146.9674400108841, 64.84449445489625], [-146.9675032258712, 64.84429887548994], [-146.9675558347123, 64.84424635611582], [-146.9675608920775, 64.8441342239263], [-146.9675086544016, 64.84405818823835], [-146.9674544187016, 64.84386262907846], [-146.9675485522623, 64.84362477282643], [-146.9675844229227, 64.84352527326884], [-146.9676544997413, 64.843453304805], [-146.9677025757023, 64.84340081539803], [-146.9678131714729, 64.84315209043933], [-146.9678826951961, 64.84310587090911], [-146.9679864489894, 64.84296023862008], [-146.9680919389507, 64.84286292005147], [-146.968151941375, 64.84276396648599], [-146.9681770274823, 64.84270388817265], [-146.9680908864661, 64.84245513339216], [-146.9680086169809, 64.84232424623015], [-146.9678777710701, 64.84216373452416], [-146.9675947881776, 64.84195926937275], [-146.967479528946, 64.84185760281983], [-146.967127730328, 64.8416902609694], [-146.9668288355696, 64.84154668079795], [-146.9664001816169, 64.84134075774695], [-146.9660035561999, 64.84122833097852], [-146.9656676787838, 64.84113311660857], [-146.9653936243086, 64.84105543229744], [-146.9651041778793, 64.84101492678096], [-146.9649369361611, 64.84099151116072], [-146.9647633898874, 64.84096722326349], [-146.9645239934418, 64.8409208548214], [-146.964402743838, 64.84088451353092], [-146.9642500613123, 64.84088319283535], [-146.9640376687525, 64.84088920478192], [-146.9636679615756, 64.8409171313155], [-146.9633599417438, 64.8409933821323], [-146.9629569596529, 64.84109368213613], [-146.9626747379328, 64.84116563207093], [-146.9623645768131, 64.84124469995878], [-146.96221240738, 64.84128018463922], [-146.9620565206792, 64.84131653881062], [-146.9616793848538, 64.84140343960134], [-146.961266959656, 64.84157310454684], [-146.9610749011463, 64.84168764217378], [-146.960908390063, 64.8417869416666], [-146.960679513441, 64.8419517660619], [-146.9596624356309, 64.81339601341023], [-146.9586536241498, 64.81339647235673], [-146.5372002847589, 64.81298746700134], [-146.5388792397781, 64.77695880498752], [-146.1769856803896, 64.77672201687608], [-146.1774033421929, 64.6709256074993], [-146.1776925958689, 64.59658867816415], [-146.1939271310021, 64.59653726670149], [-146.1939879825981, 64.59305745733076], [-146.2026464316024, 64.59306580159367], [-146.2026567163551, 64.58910618864694], [-146.2187483343905, 64.58914171656436], [-146.2191084844509, 64.5854941885944], [-146.2356498370251, 64.58552158665398], [-146.2357422746124, 64.58187102181529], [-146.2520446951041, 64.58185970013633], [-146.2520918470143, 64.57848251896034], [-146.2690296477611, 64.57846497577393], [-146.2691462017011, 64.57478041352262], [-146.2777675394651, 64.57486395244037], [-146.2778984020234, 64.57136220962009], [-146.2940856746207, 64.57139054751637], [-146.2940283370267, 64.567898114416], [-146.3011014388118, 64.56788900367013], [-146.3109593890471, 64.56787582456198], [-146.3109249560863, 64.56440644722491], [-146.3274799735629, 64.56442388501962], [-146.3274912287398, 64.56058988215213], [-146.755109673523, 64.56047159106406], [-146.7551942979877, 64.56408908106903], [-146.7720404169838, 64.56408174295804], [-146.772207835025, 64.56767692602428], [-146.7887920541599, 64.56764271579472], [-146.788963851275, 64.57118098528025], [-146.8057369585347, 64.57111205893568], [-146.8057465282576, 64.57478593702352], [-146.8225443995958, 64.57481797068267], [-146.8225866600181, 64.5783894105935], [-146.8390669319748, 64.57845145020605], [-146.8389816017446, 64.58195349663578], [-146.8555643688281, 64.5821626607868], [-146.8554576197943, 64.58558471408567], [-146.8728926476704, 64.58578658700621], [-146.8729432736331, 64.58931235977647], [-146.8894020205308, 64.58941425854113], [-146.8893538738757, 64.59280241273618], [-146.9060547730309, 64.5928812439547], [-146.9059502026112, 64.59640601857481], [-146.9225177617756, 64.59656185056907], [-146.9223349676943, 64.60010886628395], [-146.9394648983782, 64.60019810861627], [-146.9395984747476, 64.60387266374586], [-147.0391788420093, 64.60363113655167], [-147.039494166031, 64.6324863746778], [-147.0395176299963, 64.63248632935556], [-147.0391937994244, 64.60359768020436], [-147.0900099245397, 64.60350710463597], [-147.0901943859295, 64.61039021572901], [-147.0983401781939, 64.61039260196995], [-147.0980475672129, 64.63247869590656], [-147.1059861129101, 64.63248843368612]], [[-147.0903456712756, 64.7189262833295], [-147.090395263517, 64.72253399639548], [-147.0903983073353, 64.72253399224184], [-147.0903884784086, 64.71892639735043], [-147.0903456712756, 64.7189262833295]], [[-147.0985900840657, 64.71535406876481], [-147.0985369643893, 64.7153541603783], [-147.0985618965815, 64.71894795044355], [-147.0977027414345, 64.71894570654402], [-147.0985842168701, 64.71894893829169], [-147.0985900840657, 64.71535406876481]], [[-147.1063359307425, 64.70444816850474], [-147.106332352008, 64.70444817222226], [-147.1063783664558, 64.70658930606642], [-147.1063359307425, 64.70444816850474]], [[-147.0394565147051, 64.70450557011341], [-147.0880675070497, 64.70446375337906], [-147.0394600823517, 64.70449425006743], [-147.0394753377516, 64.70162936452695], [-147.0394565147051, 64.70450557011341]], [[-147.0004615585718, 64.66885059665385], [-147.0073219836343, 64.66885811508716], [-147.0075461280183, 64.6899882908781], [-147.0075496136256, 64.68998829759185], [-147.0073393709832, 64.66885699207378], [-147.0004615585718, 64.66885059665385]], [[-146.9398815551996, 64.63978969006197], [-146.9398764422663, 64.63978967764578], [-146.9398625012497, 64.64454891584231], [-146.9398815551996, 64.63978969006197]], [[-147.1066998243202, 64.72248245915331], [-147.1085072053066, 64.72247113951101], [-147.1066567222066, 64.72247437673576], [-147.1066770218921, 64.72534038790528], [-147.1066998243202, 64.72248245915331]], [[-147.0735118688255, 64.74074297070167], [-147.0735120472708, 64.74077204981737], [-147.0987039073779, 64.74075007379739], [-147.0985884019748, 64.73227274905574], [-147.0986093466501, 64.74071208035676], [-147.0735118688255, 64.74074297070167]], [[-147.0818491742463, 64.72626110704302], [-146.9904629856736, 64.72666625757368], [-146.990462971111, 64.7266694609069], [-147.0818491742463, 64.72626110704302]], [[-147.0819229732144, 64.72254546044874], [-147.084143524906, 64.72254250273083], [-147.0819106082196, 64.72254226394507], [-147.0818491742463, 64.72626110704302], [-147.0819229732144, 64.72254546044874]]], [[[-147.6646365700211, 64.87800479338395], [-147.6644502282327, 64.87558598622753], [-147.6655835970114, 64.8757621239874], [-147.6680226124302, 64.87481218759036], [-147.6680621546957, 64.87437823019212], [-147.6768686350463, 64.87439593040412], [-147.6769608100015, 64.87068569871626], [-147.6856354211046, 64.87080631587722], [-147.6854984509536, 64.87796392811165], [-147.6646365700211, 64.87800479338395]]]]}}]}